[INFO] Scanning for projects...
[INFO] 
[INFO] -----------------------< Backend:club-taekwondo >-----------------------
[INFO] Building club-taekwondo 0.0.1-SNAPSHOT
[INFO]   from pom.xml
[INFO] --------------------------------[ jar ]---------------------------------
[INFO] 
[INFO] >>> spring-boot:3.2.12:run (default-cli) > test-compile @ club-taekwondo >>>
[INFO] 
[INFO] --- jacoco:0.8.11:prepare-agent (default) @ club-taekwondo ---
[INFO] argLine set to -javaagent:C:\\Users\\ag\\.m2\\repository\\org\\jacoco\\org.jacoco.agent\\0.8.11\\org.jacoco.agent-0.8.11-runtime.jar=destfile=C:\\Users\\ag\\Desktop\\autre\\ProjetTaekwondo\\backend-club-taekwondo\\target\\jacoco.exec
[INFO] 
[INFO] --- resources:3.3.1:resources (default-resources) @ club-taekwondo ---
[INFO] Copying 4 resources from src\main\resources to target\classes
[INFO] 
[INFO] --- compiler:3.11.0:compile (default-compile) @ club-taekwondo ---
[INFO] Nothing to compile - all classes are up to date
[INFO] 
[INFO] --- resources:3.3.1:testResources (default-testResources) @ club-taekwondo ---
[INFO] Copying 1 resource from src\test\resources to target\test-classes
[INFO] 
[INFO] --- compiler:3.11.0:testCompile (default-testCompile) @ club-taekwondo ---
[INFO] Nothing to compile - all classes are up to date
[INFO] 
[INFO] <<< spring-boot:3.2.12:run (default-cli) < test-compile @ club-taekwondo <<<
[INFO] 
[INFO] 
[INFO] --- spring-boot:3.2.12:run (default-cli) @ club-taekwondo ---
[INFO] Attaching agents: []

  .   ____          _            __ _ _
 /\\ / ___'_ __ _ _(_)_ __  __ _ \ \ \ \
( ( )\___ | '_ | '_| | '_ \/ _` | \ \ \ \
 \\/  ___)| |_)| | | | | || (_| |  ) ) ) )
  '  |____| .__|_| |_|_| |_\__, | / / / /
 =========|_|==============|___/=/_/_/_/
 :: Spring Boot ::               (v3.2.12)

2026-04-10T10:20:06.440+02:00  INFO 31076 --- [  restartedMain] c.taekwondo.ClubTaekwondoApplication     : Starting ClubTaekwondoApplication using Java 21.0.8 with PID 31076 (C:\Users\ag\Desktop\autre\ProjetTaekwondo\backend-club-taekwondo\target\classes started by AG in C:\Users\ag\Desktop\autre\ProjetTaekwondo\backend-club-taekwondo)
2026-04-10T10:20:06.443+02:00 DEBUG 31076 --- [  restartedMain] c.taekwondo.ClubTaekwondoApplication     : Running with Spring Boot v3.2.12, Spring v6.1.15
2026-04-10T10:20:06.444+02:00  INFO 31076 --- [  restartedMain] c.taekwondo.ClubTaekwondoApplication     : The following 1 profile is active: "local"
2026-04-10T10:20:06.445+02:00 DEBUG 31076 --- [  restartedMain] o.s.boot.SpringApplication               : Loading source class club.taekwondo.ClubTaekwondoApplication
2026-04-10T10:20:06.500+02:00 DEBUG 31076 --- [  restartedMain] o.s.b.devtools.restart.ChangeableUrls    : Matching URLs for reloading : [file:/C:/Users/ag/Desktop/autre/ProjetTaekwondo/backend-club-taekwondo/target/classes/]
2026-04-10T10:20:06.500+02:00 DEBUG 31076 --- [  restartedMain] o.s.b.d.settings.DevToolsSettings        : Included patterns for restart : []
2026-04-10T10:20:06.500+02:00 DEBUG 31076 --- [  restartedMain] o.s.b.d.settings.DevToolsSettings        : Excluded patterns for restart : [/spring-boot-starter-[\w-]+/, /spring-boot/(bin|build|out)/, /spring-boot-starter/(bin|build|out)/, /spring-boot-devtools/(bin|build|out)/, /spring-boot-actuator/(bin|build|out)/, /spring-boot-autoconfigure/(bin|build|out)/]
2026-04-10T10:20:06.501+02:00  INFO 31076 --- [  restartedMain] .e.DevToolsPropertyDefaultsPostProcessor : Devtools property defaults active! Set 'spring.devtools.add-properties' to 'false' to disable
2026-04-10T10:20:06.501+02:00  INFO 31076 --- [  restartedMain] .e.DevToolsPropertyDefaultsPostProcessor : For additional web related logging consider setting the 'logging.level.web' property to 'DEBUG'
2026-04-10T10:20:06.502+02:00 DEBUG 31076 --- [  restartedMain] ConfigServletWebServerApplicationContext : Refreshing org.springframework.boot.web.servlet.context.AnnotationConfigServletWebServerApplicationContext@21ca9ac2
2026-04-10T10:20:07.451+02:00  INFO 31076 --- [  restartedMain] .s.d.r.c.RepositoryConfigurationDelegate : Multiple Spring Data modules found, entering strict repository configuration mode
2026-04-10T10:20:07.455+02:00  INFO 31076 --- [  restartedMain] .s.d.r.c.RepositoryConfigurationDelegate : Bootstrapping Spring Data JPA repositories in DEFAULT mode.
2026-04-10T10:20:07.478+02:00 DEBUG 31076 --- [  restartedMain] o.s.b.a.AutoConfigurationPackages        : @EnableAutoConfiguration was declared on a class in the package 'club.taekwondo'. Automatic @Repository and @Entity scanning is enabled.
2026-04-10T10:20:07.536+02:00  INFO 31076 --- [  restartedMain] .RepositoryConfigurationExtensionSupport : Spring Data JPA - Could not safely identify store assignment for repository candidate interface club.taekwondo.repository.mongo.ActualiteRepository; If you want this repository to be a JPA repository, consider annotating your entities with one of these annotations: jakarta.persistence.Entity, jakarta.persistence.MappedSuperclass (preferred), or consider extending one of the following types with your repository: org.springframework.data.jpa.repository.JpaRepository
2026-04-10T10:20:07.537+02:00  INFO 31076 --- [  restartedMain] .RepositoryConfigurationExtensionSupport : Spring Data JPA - Could not safely identify store assignment for repository candidate interface club.taekwondo.repository.mongo.GalerieRepository; If you want this repository to be a JPA repository, consider annotating your entities with one of these annotations: jakarta.persistence.Entity, jakarta.persistence.MappedSuperclass (preferred), or consider extending one of the following types with your repository: org.springframework.data.jpa.repository.JpaRepository
2026-04-10T10:20:07.567+02:00  INFO 31076 --- [  restartedMain] .s.d.r.c.RepositoryConfigurationDelegate : Finished Spring Data repository scanning in 102 ms. Found 18 JPA repository interfaces.
2026-04-10T10:20:07.610+02:00  INFO 31076 --- [  restartedMain] .s.d.r.c.RepositoryConfigurationDelegate : Multiple Spring Data modules found, entering strict repository configuration mode
2026-04-10T10:20:07.610+02:00  INFO 31076 --- [  restartedMain] .s.d.r.c.RepositoryConfigurationDelegate : Bootstrapping Spring Data MongoDB repositories in DEFAULT mode.
2026-04-10T10:20:07.618+02:00  INFO 31076 --- [  restartedMain] .RepositoryConfigurationExtensionSupport : Spring Data MongoDB - Could not safely identify store assignment for repository candidate interface club.taekwondo.repository.jpa.AvisRepository; If you want this repository to be a MongoDB repository, consider annotating your entities with one of these annotations: org.springframework.data.mongodb.core.mapping.Document (preferred), or consider extending one of the following types with your repository: org.springframework.data.mongodb.repository.MongoRepository
2026-04-10T10:20:07.618+02:00  INFO 31076 --- [  restartedMain] .RepositoryConfigurationExtensionSupport : Spring Data MongoDB - Could not safely identify store assignment for repository candidate interface club.taekwondo.repository.jpa.ClubRepository; If you want this repository to be a MongoDB repository, consider annotating your entities with one of these annotations: org.springframework.data.mongodb.core.mapping.Document (preferred), or consider extending one of the following types with your repository: org.springframework.data.mongodb.repository.MongoRepository
2026-04-10T10:20:07.619+02:00  INFO 31076 --- [  restartedMain] .RepositoryConfigurationExtensionSupport : Spring Data MongoDB - Could not safely identify store assignment for repository candidate interface club.taekwondo.repository.jpa.CommandeRepository; If you want this repository to be a MongoDB repository, consider annotating your entities with one of these annotations: org.springframework.data.mongodb.core.mapping.Document (preferred), or consider extending one of the following types with your repository: org.springframework.data.mongodb.repository.MongoRepository
2026-04-10T10:20:07.619+02:00  INFO 31076 --- [  restartedMain] .RepositoryConfigurationExtensionSupport : Spring Data MongoDB - Could not safely identify store assignment for repository candidate interface club.taekwondo.repository.jpa.DocumentRepository; If you want this repository to be a MongoDB repository, consider annotating your entities with one of these annotations: org.springframework.data.mongodb.core.mapping.Document (preferred), or consider extending one of the following types with your repository: org.springframework.data.mongodb.repository.MongoRepository
2026-04-10T10:20:07.620+02:00  INFO 31076 --- [  restartedMain] .RepositoryConfigurationExtensionSupport : Spring Data MongoDB - Could not safely identify store assignment for repository candidate interface club.taekwondo.repository.jpa.EcheanceRepository; If you want this repository to be a MongoDB repository, consider annotating your entities with one of these annotations: org.springframework.data.mongodb.core.mapping.Document (preferred), or consider extending one of the following types with your repository: org.springframework.data.mongodb.repository.MongoRepository
2026-04-10T10:20:07.620+02:00  INFO 31076 --- [  restartedMain] .RepositoryConfigurationExtensionSupport : Spring Data MongoDB - Could not safely identify store assignment for repository candidate interface club.taekwondo.repository.jpa.EnseignantRepository; If you want this repository to be a MongoDB repository, consider annotating your entities with one of these annotations: org.springframework.data.mongodb.core.mapping.Document (preferred), or consider extending one of the following types with your repository: org.springframework.data.mongodb.repository.MongoRepository
2026-04-10T10:20:07.621+02:00  INFO 31076 --- [  restartedMain] .RepositoryConfigurationExtensionSupport : Spring Data MongoDB - Could not safely identify store assignment for repository candidate interface club.taekwondo.repository.jpa.EvenementRepository; If you want this repository to be a MongoDB repository, consider annotating your entities with one of these annotations: org.springframework.data.mongodb.core.mapping.Document (preferred), or consider extending one of the following types with your repository: org.springframework.data.mongodb.repository.MongoRepository
2026-04-10T10:20:07.621+02:00  INFO 31076 --- [  restartedMain] .RepositoryConfigurationExtensionSupport : Spring Data MongoDB - Could not safely identify store assignment for repository candidate interface club.taekwondo.repository.jpa.HoraireRepository; If you want this repository to be a MongoDB repository, consider annotating your entities with one of these annotations: org.springframework.data.mongodb.core.mapping.Document (preferred), or consider extending one of the following types with your repository: org.springframework.data.mongodb.repository.MongoRepository
2026-04-10T10:20:07.623+02:00  INFO 31076 --- [  restartedMain] .RepositoryConfigurationExtensionSupport : Spring Data MongoDB - Could not safely identify store assignment for repository candidate interface club.taekwondo.repository.jpa.InscriptionEvenementRepository; If you want this repository to be a MongoDB repository, consider annotating your entities with one of these annotations: org.springframework.data.mongodb.core.mapping.Document (preferred), or consider extending one of the following types with your repository: org.springframework.data.mongodb.repository.MongoRepository
2026-04-10T10:20:07.623+02:00  INFO 31076 --- [  restartedMain] .RepositoryConfigurationExtensionSupport : Spring Data MongoDB - Could not safely identify store assignment for repository candidate interface club.taekwondo.repository.jpa.LigneCommandeRepository; If you want this repository to be a MongoDB repository, consider annotating your entities with one of these annotations: org.springframework.data.mongodb.core.mapping.Document (preferred), or consider extending one of the following types with your repository: org.springframework.data.mongodb.repository.MongoRepository
2026-04-10T10:20:07.623+02:00  INFO 31076 --- [  restartedMain] .RepositoryConfigurationExtensionSupport : Spring Data MongoDB - Could not safely identify store assignment for repository candidate interface club.taekwondo.repository.jpa.MembreRepository; If you want this repository to be a MongoDB repository, consider annotating your entities with one of these annotations: org.springframework.data.mongodb.core.mapping.Document (preferred), or consider extending one of the following types with your repository: org.springframework.data.mongodb.repository.MongoRepository
2026-04-10T10:20:07.624+02:00  INFO 31076 --- [  restartedMain] .RepositoryConfigurationExtensionSupport : Spring Data MongoDB - Could not safely identify store assignment for repository candidate interface club.taekwondo.repository.jpa.NotificationRepository; If you want this repository to be a MongoDB repository, consider annotating your entities with one of these annotations: org.springframework.data.mongodb.core.mapping.Document (preferred), or consider extending one of the following types with your repository: org.springframework.data.mongodb.repository.MongoRepository
2026-04-10T10:20:07.624+02:00  INFO 31076 --- [  restartedMain] .RepositoryConfigurationExtensionSupport : Spring Data MongoDB - Could not safely identify store assignment for repository candidate interface club.taekwondo.repository.jpa.PaiementRepository; If you want this repository to be a MongoDB repository, consider annotating your entities with one of these annotations: org.springframework.data.mongodb.core.mapping.Document (preferred), or consider extending one of the following types with your repository: org.springframework.data.mongodb.repository.MongoRepository
2026-04-10T10:20:07.624+02:00  INFO 31076 --- [  restartedMain] .RepositoryConfigurationExtensionSupport : Spring Data MongoDB - Could not safely identify store assignment for repository candidate interface club.taekwondo.repository.jpa.ParametresPaiementRepository; If you want this repository to be a MongoDB repository, consider annotating your entities with one of these annotations: org.springframework.data.mongodb.core.mapping.Document (preferred), or consider extending one of the following types with your repository: org.springframework.data.mongodb.repository.MongoRepository
2026-04-10T10:20:07.625+02:00  INFO 31076 --- [  restartedMain] .RepositoryConfigurationExtensionSupport : Spring Data MongoDB - Could not safely identify store assignment for repository candidate interface club.taekwondo.repository.jpa.ProduitRepository; If you want this repository to be a MongoDB repository, consider annotating your entities with one of these annotations: org.springframework.data.mongodb.core.mapping.Document (preferred), or consider extending one of the following types with your repository: org.springframework.data.mongodb.repository.MongoRepository
2026-04-10T10:20:07.625+02:00  INFO 31076 --- [  restartedMain] .RepositoryConfigurationExtensionSupport : Spring Data MongoDB - Could not safely identify store assignment for repository candidate interface club.taekwondo.repository.jpa.ReinitialisationMotDePasseRepository; If you want this repository to be a MongoDB repository, consider annotating your entities with one of these annotations: org.springframework.data.mongodb.core.mapping.Document (preferred), or consider extending one of the following types with your repository: org.springframework.data.mongodb.repository.MongoRepository
2026-04-10T10:20:07.625+02:00  INFO 31076 --- [  restartedMain] .RepositoryConfigurationExtensionSupport : Spring Data MongoDB - Could not safely identify store assignment for repository candidate interface club.taekwondo.repository.jpa.RequiredDocumentRepository; If you want this repository to be a MongoDB repository, consider annotating your entities with one of these annotations: org.springframework.data.mongodb.core.mapping.Document (preferred), or consider extending one of the following types with your repository: org.springframework.data.mongodb.repository.MongoRepository
2026-04-10T10:20:07.626+02:00  INFO 31076 --- [  restartedMain] .RepositoryConfigurationExtensionSupport : Spring Data MongoDB - Could not safely identify store assignment for repository candidate interface club.taekwondo.repository.jpa.UtilisateurRepository; If you want this repository to be a MongoDB repository, consider annotating your entities with one of these annotations: org.springframework.data.mongodb.core.mapping.Document (preferred), or consider extending one of the following types with your repository: org.springframework.data.mongodb.repository.MongoRepository
2026-04-10T10:20:07.632+02:00  INFO 31076 --- [  restartedMain] .s.d.r.c.RepositoryConfigurationDelegate : Finished Spring Data repository scanning in 22 ms. Found 2 MongoDB repository interfaces.
2026-04-10T10:20:08.282+02:00 DEBUG 31076 --- [  restartedMain] .s.b.w.e.t.TomcatServletWebServerFactory : Code archive: C:\Users\ag\.m2\repository\org\springframework\boot\spring-boot\3.2.12\spring-boot-3.2.12.jar
2026-04-10T10:20:08.282+02:00 DEBUG 31076 --- [  restartedMain] .s.b.w.e.t.TomcatServletWebServerFactory : Code archive: C:\Users\ag\.m2\repository\org\springframework\boot\spring-boot\3.2.12\spring-boot-3.2.12.jar
2026-04-10T10:20:08.283+02:00 DEBUG 31076 --- [  restartedMain] .s.b.w.e.t.TomcatServletWebServerFactory : None of the document roots [src/main/webapp, public, static] point to a directory and will be ignored.
2026-04-10T10:20:08.329+02:00  INFO 31076 --- [  restartedMain] o.s.b.w.embedded.tomcat.TomcatWebServer  : Tomcat initialized with port 8081 (http)
2026-04-10T10:20:08.344+02:00  INFO 31076 --- [  restartedMain] o.apache.catalina.core.StandardService   : Starting service [Tomcat]
2026-04-10T10:20:08.345+02:00  INFO 31076 --- [  restartedMain] o.apache.catalina.core.StandardEngine    : Starting Servlet engine: [Apache Tomcat/10.1.33]
2026-04-10T10:20:08.399+02:00  INFO 31076 --- [  restartedMain] o.a.c.c.C.[Tomcat].[localhost].[/]       : Initializing Spring embedded WebApplicationContext
2026-04-10T10:20:08.400+02:00 DEBUG 31076 --- [  restartedMain] w.s.c.ServletWebServerApplicationContext : Published root WebApplicationContext as ServletContext attribute with name [org.springframework.web.context.WebApplicationContext.ROOT]
2026-04-10T10:20:08.401+02:00  INFO 31076 --- [  restartedMain] w.s.c.ServletWebServerApplicationContext : Root WebApplicationContext: initialization completed in 1898 ms
2026-04-10T10:20:08.550+02:00  INFO 31076 --- [  restartedMain] o.hibernate.jpa.internal.util.LogHelper  : HHH000204: Processing PersistenceUnitInfo [name: default]
2026-04-10T10:20:08.636+02:00  INFO 31076 --- [  restartedMain] org.hibernate.Version                    : HHH000412: Hibernate ORM core version 6.4.10.Final
2026-04-10T10:20:08.678+02:00  INFO 31076 --- [  restartedMain] o.h.c.internal.RegionFactoryInitiator    : HHH000026: Second-level cache disabled
2026-04-10T10:20:08.980+02:00  INFO 31076 --- [  restartedMain] o.s.o.j.p.SpringPersistenceUnitInfo      : No LoadTimeWeaver setup: ignoring JPA class transformer
2026-04-10T10:20:09.012+02:00  INFO 31076 --- [  restartedMain] com.zaxxer.hikari.HikariDataSource       : HikariPool-1 - Starting...
2026-04-10T10:20:09.213+02:00  INFO 31076 --- [  restartedMain] com.zaxxer.hikari.pool.HikariPool        : HikariPool-1 - Added connection org.postgresql.jdbc.PgConnection@ef8b9d7
2026-04-10T10:20:09.217+02:00  INFO 31076 --- [  restartedMain] com.zaxxer.hikari.HikariDataSource       : HikariPool-1 - Start completed.
2026-04-10T10:20:09.273+02:00  WARN 31076 --- [  restartedMain] org.hibernate.orm.deprecation            : HHH90000025: PostgreSQLDialect does not need to be specified explicitly using 'hibernate.dialect' (remove the property setting and it will be selected by default)
2026-04-10T10:20:10.772+02:00  INFO 31076 --- [  restartedMain] o.h.e.t.j.p.i.JtaPlatformInitiator       : HHH000489: No JTA platform available (set 'hibernate.transaction.jta.platform' to enable JTA platform integration)
2026-04-10T10:20:10.824+02:00 DEBUG 31076 --- [  restartedMain] org.hibernate.SQL                        : alter table if exists avis alter column note set data type SMALLINT
Hibernate: alter table if exists avis alter column note set data type SMALLINT
2026-04-10T10:20:11.039+02:00  INFO 31076 --- [  restartedMain] j.LocalContainerEntityManagerFactoryBean : Initialized JPA EntityManagerFactory for persistence unit 'default'
2026-04-10T10:20:11.404+02:00 DEBUG 31076 --- [  restartedMain] o.s.b.w.s.ServletContextInitializerBeans : Mapping filters: springSecurityFilterChain urls=[/*] order=-100, characterEncodingFilter urls=[/*] order=-2147483648, formContentFilter urls=[/*] order=-9900, requestContextFilter urls=[/*] order=-105, jwtAuthFilter urls=[/*] order=2147483647
2026-04-10T10:20:11.405+02:00 DEBUG 31076 --- [  restartedMain] o.s.b.w.s.ServletContextInitializerBeans : Mapping servlets: dispatcherServlet urls=[/]
2026-04-10T10:20:11.438+02:00 DEBUG 31076 --- [  restartedMain] o.s.b.w.s.f.OrderedRequestContextFilter  : Filter 'requestContextFilter' configured for use
2026-04-10T10:20:11.440+02:00 DEBUG 31076 --- [  restartedMain] club.taekwondo.config.JwtAuthFilter      : Filter 'jwtAuthFilter' configured for use
2026-04-10T10:20:11.441+02:00 DEBUG 31076 --- [  restartedMain] s.b.w.s.f.OrderedCharacterEncodingFilter : Filter 'characterEncodingFilter' configured for use
2026-04-10T10:20:11.441+02:00 DEBUG 31076 --- [  restartedMain] .DelegatingFilterProxyRegistrationBean$1 : Filter 'springSecurityFilterChain' configured for use
2026-04-10T10:20:11.441+02:00 DEBUG 31076 --- [  restartedMain] o.s.b.w.s.f.OrderedFormContentFilter     : Filter 'formContentFilter' configured for use
2026-04-10T10:20:11.475+02:00  INFO 31076 --- [  restartedMain] o.s.d.j.r.query.QueryEnhancerFactory     : Hibernate is in classpath; If applicable, HQL parser will be used.
2026-04-10T10:20:12.153+02:00 DEBUG 31076 --- [  restartedMain] ySourcesPropertyResolver$DefaultResolver : Found key 'google.drive.parentFolderId' in PropertySource 'Config resource 'class path resource [application.properties]' via location 'optional:classpath:/'' with value of type String
2026-04-10T10:20:12.571+02:00  INFO 31076 --- [  restartedMain] org.mongodb.driver.client                : MongoClient with metadata {"driver": {"name": "mongo-java-driver|sync|spring-boot", "version": "4.11.5"}, "os": {"type": "Windows", "name": "Windows 11", "architecture": "amd64", "version": "10.0"}, "platform": "Java/Oracle Corporation/21.0.8+12-LTS-250"} created with settings MongoClientSettings{readPreference=primary, writeConcern=WriteConcern{w=null, wTimeout=null ms, journal=null}, retryWrites=true, retryReads=true, readConcern=ReadConcern{level=null}, credential=null, transportSettings=null, streamFactoryFactory=null, commandListeners=[], codecRegistry=ProvidersCodecRegistry{codecProviders=[ValueCodecProvider{}, BsonValueCodecProvider{}, DBRefCodecProvider{}, DBObjectCodecProvider{}, DocumentCodecProvider{}, CollectionCodecProvider{}, IterableCodecProvider{}, MapCodecProvider{}, GeoJsonCodecProvider{}, GridFSFileCodecProvider{}, Jsr310CodecProvider{}, JsonObjectCodecProvider{}, BsonCodecProvider{}, EnumCodecProvider{}, com.mongodb.client.model.mql.ExpressionCodecProvider@4358354e, com.mongodb.Jep395RecordCodecProvider@222e56bf, com.mongodb.KotlinCodecProvider@1bdc4461]}, loggerSettings=LoggerSettings{maxDocumentLength=1000}, clusterSettings={hosts=[localhost:27017], srvServiceName=mongodb, mode=SINGLE, requiredClusterType=UNKNOWN, requiredReplicaSetName='null', serverSelector='null', clusterListeners='[]', serverSelectionTimeout='30000 ms', localThreshold='15 ms'}, socketSettings=SocketSettings{connectTimeoutMS=10000, readTimeoutMS=0, receiveBufferSize=0, proxySettings=ProxySettings{host=null, port=null, username=null, password=null}}, heartbeatSocketSettings=SocketSettings{connectTimeoutMS=10000, readTimeoutMS=10000, receiveBufferSize=0, proxySettings=ProxySettings{host=null, port=null, username=null, password=null}}, connectionPoolSettings=ConnectionPoolSettings{maxSize=100, minSize=0, maxWaitTimeMS=120000, maxConnectionLifeTimeMS=0, maxConnectionIdleTimeMS=0, maintenanceInitialDelayMS=0, maintenanceFrequencyMS=60000, connectionPoolListeners=[], maxConnecting=2}, serverSettings=ServerSettings{heartbeatFrequencyMS=10000, minHeartbeatFrequencyMS=500, serverListeners='[]', serverMonitorListeners='[]'}, sslSettings=SslSettings{enabled=false, invalidHostNameAllowed=false, context=null}, applicationName='null', compressorList=[], uuidRepresentation=JAVA_LEGACY, serverApi=null, autoEncryptionSettings=null, dnsClient=null, inetAddressResolver=null, contextProvider=null}
2026-04-10T10:20:12.588+02:00  INFO 31076 --- [localhost:27017] org.mongodb.driver.cluster               : Monitor thread successfully connected to server with description ServerDescription{address=localhost:27017, type=STANDALONE, state=CONNECTED, ok=true, minWireVersion=0, maxWireVersion=27, maxDocumentSize=16777216, logicalSessionTimeoutMinutes=30, roundTripTimeNanos=27386400}
2026-04-10T10:20:12.775+02:00 DEBUG 31076 --- [  restartedMain] o.s.b.d.livereload.LiveReloadServer      : Starting live reload server on port 35729
2026-04-10T10:20:12.776+02:00  WARN 31076 --- [  restartedMain] o.s.b.d.a.OptionalLiveReloadServer       : Unable to start LiveReload server
2026-04-10T10:20:12.776+02:00 DEBUG 31076 --- [  restartedMain] o.s.b.d.a.OptionalLiveReloadServer       : Live reload start error

java.net.BindException: Address already in use: bind
	at java.base/sun.nio.ch.Net.bind0(Native Method) ~[na:na]
	at java.base/sun.nio.ch.Net.bind(Net.java:565) ~[na:na]
	at java.base/sun.nio.ch.Net.bind(Net.java:554) ~[na:na]
	at java.base/sun.nio.ch.NioSocketImpl.bind(NioSocketImpl.java:636) ~[na:na]
	at java.base/java.net.ServerSocket.bind(ServerSocket.java:391) ~[na:na]
	at java.base/java.net.ServerSocket.<init>(ServerSocket.java:278) ~[na:na]
	at java.base/java.net.ServerSocket.<init>(ServerSocket.java:171) ~[na:na]
	at org.springframework.boot.devtools.livereload.LiveReloadServer.start(LiveReloadServer.java:114) ~[spring-boot-devtools-3.2.12.jar:3.2.12]
	at org.springframework.boot.devtools.autoconfigure.OptionalLiveReloadServer.startServer(OptionalLiveReloadServer.java:57) ~[spring-boot-devtools-3.2.12.jar:3.2.12]
	at org.springframework.boot.devtools.autoconfigure.OptionalLiveReloadServer.afterPropertiesSet(OptionalLiveReloadServer.java:49) ~[spring-boot-devtools-3.2.12.jar:3.2.12]
	at org.springframework.beans.factory.support.AbstractAutowireCapableBeanFactory.invokeInitMethods(AbstractAutowireCapableBeanFactory.java:1853) ~[spring-beans-6.1.15.jar:6.1.15]
	at org.springframework.beans.factory.support.AbstractAutowireCapableBeanFactory.initializeBean(AbstractAutowireCapableBeanFactory.java:1802) ~[spring-beans-6.1.15.jar:6.1.15]
	at org.springframework.beans.factory.support.AbstractAutowireCapableBeanFactory.doCreateBean(AbstractAutowireCapableBeanFactory.java:600) ~[spring-beans-6.1.15.jar:6.1.15]
	at org.springframework.beans.factory.support.AbstractAutowireCapableBeanFactory.createBean(AbstractAutowireCapableBeanFactory.java:522) ~[spring-beans-6.1.15.jar:6.1.15]
	at org.springframework.beans.factory.support.AbstractBeanFactory.lambda$doGetBean$0(AbstractBeanFactory.java:337) ~[spring-beans-6.1.15.jar:6.1.15]
	at org.springframework.beans.factory.support.DefaultSingletonBeanRegistry.getSingleton(DefaultSingletonBeanRegistry.java:234) ~[spring-beans-6.1.15.jar:6.1.15]
	at org.springframework.beans.factory.support.AbstractBeanFactory.doGetBean(AbstractBeanFactory.java:335) ~[spring-beans-6.1.15.jar:6.1.15]
	at org.springframework.beans.factory.support.AbstractBeanFactory.getBean(AbstractBeanFactory.java:200) ~[spring-beans-6.1.15.jar:6.1.15]
	at org.springframework.beans.factory.config.DependencyDescriptor.resolveCandidate(DependencyDescriptor.java:254) ~[spring-beans-6.1.15.jar:6.1.15]
	at org.springframework.beans.factory.support.DefaultListableBeanFactory.doResolveDependency(DefaultListableBeanFactory.java:1443) ~[spring-beans-6.1.15.jar:6.1.15]
	at org.springframework.beans.factory.support.DefaultListableBeanFactory.resolveDependency(DefaultListableBeanFactory.java:1353) ~[spring-beans-6.1.15.jar:6.1.15]
	at org.springframework.beans.factory.support.ConstructorResolver.resolveAutowiredArgument(ConstructorResolver.java:904) ~[spring-beans-6.1.15.jar:6.1.15]
	at org.springframework.beans.factory.support.ConstructorResolver.createArgumentArray(ConstructorResolver.java:782) ~[spring-beans-6.1.15.jar:6.1.15]
	at org.springframework.beans.factory.support.ConstructorResolver.instantiateUsingFactoryMethod(ConstructorResolver.java:542) ~[spring-beans-6.1.15.jar:6.1.15]
	at org.springframework.beans.factory.support.AbstractAutowireCapableBeanFactory.instantiateUsingFactoryMethod(AbstractAutowireCapableBeanFactory.java:1355) ~[spring-beans-6.1.15.jar:6.1.15]
	at org.springframework.beans.factory.support.AbstractAutowireCapableBeanFactory.createBeanInstance(AbstractAutowireCapableBeanFactory.java:1185) ~[spring-beans-6.1.15.jar:6.1.15]
	at org.springframework.beans.factory.support.AbstractAutowireCapableBeanFactory.doCreateBean(AbstractAutowireCapableBeanFactory.java:562) ~[spring-beans-6.1.15.jar:6.1.15]
	at org.springframework.beans.factory.support.AbstractAutowireCapableBeanFactory.createBean(AbstractAutowireCapableBeanFactory.java:522) ~[spring-beans-6.1.15.jar:6.1.15]
	at org.springframework.beans.factory.support.AbstractBeanFactory.lambda$doGetBean$0(AbstractBeanFactory.java:337) ~[spring-beans-6.1.15.jar:6.1.15]
	at org.springframework.beans.factory.support.DefaultSingletonBeanRegistry.getSingleton(DefaultSingletonBeanRegistry.java:234) ~[spring-beans-6.1.15.jar:6.1.15]
	at org.springframework.beans.factory.support.AbstractBeanFactory.doGetBean(AbstractBeanFactory.java:335) ~[spring-beans-6.1.15.jar:6.1.15]
	at org.springframework.beans.factory.support.AbstractBeanFactory.getBean(AbstractBeanFactory.java:205) ~[spring-beans-6.1.15.jar:6.1.15]
	at org.springframework.context.event.AbstractApplicationEventMulticaster.retrieveApplicationListeners(AbstractApplicationEventMulticaster.java:265) ~[spring-context-6.1.15.jar:6.1.15]
	at org.springframework.context.event.AbstractApplicationEventMulticaster.getApplicationListeners(AbstractApplicationEventMulticaster.java:222) ~[spring-context-6.1.15.jar:6.1.15]
	at org.springframework.context.event.SimpleApplicationEventMulticaster.multicastEvent(SimpleApplicationEventMulticaster.java:145) ~[spring-context-6.1.15.jar:6.1.15]
	at org.springframework.context.support.AbstractApplicationContext.publishEvent(AbstractApplicationContext.java:452) ~[spring-context-6.1.15.jar:6.1.15]
	at org.springframework.context.support.AbstractApplicationContext.publishEvent(AbstractApplicationContext.java:385) ~[spring-context-6.1.15.jar:6.1.15]
	at org.springframework.data.mapping.context.AbstractMappingContext.addPersistentEntity(AbstractMappingContext.java:393) ~[spring-data-commons-3.2.12.jar:3.2.12]
	at org.springframework.data.mapping.context.AbstractMappingContext.getPersistentEntity(AbstractMappingContext.java:279) ~[spring-data-commons-3.2.12.jar:3.2.12]
	at org.springframework.data.mapping.context.AbstractMappingContext.getPersistentEntity(AbstractMappingContext.java:205) ~[spring-data-commons-3.2.12.jar:3.2.12]
	at org.springframework.data.mapping.context.AbstractMappingContext.getPersistentEntity(AbstractMappingContext.java:92) ~[spring-data-commons-3.2.12.jar:3.2.12]
	at org.springframework.data.mapping.context.MappingContext.getRequiredPersistentEntity(MappingContext.java:74) ~[spring-data-commons-3.2.12.jar:3.2.12]
	at org.springframework.data.mongodb.repository.support.MongoRepositoryFactory.getEntityInformation(MongoRepositoryFactory.java:162) ~[spring-data-mongodb-4.2.12.jar:4.2.12]
	at org.springframework.data.mongodb.repository.support.MongoRepositoryFactory.getTargetRepository(MongoRepositoryFactory.java:138) ~[spring-data-mongodb-4.2.12.jar:4.2.12]
	at org.springframework.data.repository.core.support.RepositoryFactorySupport.getRepository(RepositoryFactorySupport.java:317) ~[spring-data-commons-3.2.12.jar:3.2.12]
	at org.springframework.data.repository.core.support.RepositoryFactoryBeanSupport.lambda$afterPropertiesSet$5(RepositoryFactoryBeanSupport.java:290) ~[spring-data-commons-3.2.12.jar:3.2.12]
	at org.springframework.data.util.Lazy.getNullable(Lazy.java:135) ~[spring-data-commons-3.2.12.jar:3.2.12]
	at org.springframework.data.util.Lazy.get(Lazy.java:113) ~[spring-data-commons-3.2.12.jar:3.2.12]
	at org.springframework.data.repository.core.support.RepositoryFactoryBeanSupport.afterPropertiesSet(RepositoryFactoryBeanSupport.java:296) ~[spring-data-commons-3.2.12.jar:3.2.12]
	at org.springframework.data.mongodb.repository.support.MongoRepositoryFactoryBean.afterPropertiesSet(MongoRepositoryFactoryBean.java:101) ~[spring-data-mongodb-4.2.12.jar:4.2.12]
	at org.springframework.beans.factory.support.AbstractAutowireCapableBeanFactory.invokeInitMethods(AbstractAutowireCapableBeanFactory.java:1853) ~[spring-beans-6.1.15.jar:6.1.15]
	at org.springframework.beans.factory.support.AbstractAutowireCapableBeanFactory.initializeBean(AbstractAutowireCapableBeanFactory.java:1802) ~[spring-beans-6.1.15.jar:6.1.15]
	at org.springframework.beans.factory.support.AbstractAutowireCapableBeanFactory.doCreateBean(AbstractAutowireCapableBeanFactory.java:600) ~[spring-beans-6.1.15.jar:6.1.15]
	at org.springframework.beans.factory.support.AbstractAutowireCapableBeanFactory.createBean(AbstractAutowireCapableBeanFactory.java:522) ~[spring-beans-6.1.15.jar:6.1.15]
	at org.springframework.beans.factory.support.AbstractBeanFactory.lambda$doGetBean$0(AbstractBeanFactory.java:337) ~[spring-beans-6.1.15.jar:6.1.15]
	at org.springframework.beans.factory.support.DefaultSingletonBeanRegistry.getSingleton(DefaultSingletonBeanRegistry.java:234) ~[spring-beans-6.1.15.jar:6.1.15]
	at org.springframework.beans.factory.support.AbstractBeanFactory.doGetBean(AbstractBeanFactory.java:335) ~[spring-beans-6.1.15.jar:6.1.15]
	at org.springframework.beans.factory.support.AbstractBeanFactory.getBean(AbstractBeanFactory.java:200) ~[spring-beans-6.1.15.jar:6.1.15]
	at org.springframework.beans.factory.config.DependencyDescriptor.resolveCandidate(DependencyDescriptor.java:254) ~[spring-beans-6.1.15.jar:6.1.15]
	at org.springframework.beans.factory.support.DefaultListableBeanFactory.doResolveDependency(DefaultListableBeanFactory.java:1443) ~[spring-beans-6.1.15.jar:6.1.15]
	at org.springframework.beans.factory.support.DefaultListableBeanFactory.resolveDependency(DefaultListableBeanFactory.java:1353) ~[spring-beans-6.1.15.jar:6.1.15]
	at org.springframework.beans.factory.support.ConstructorResolver.resolveAutowiredArgument(ConstructorResolver.java:904) ~[spring-beans-6.1.15.jar:6.1.15]
	at org.springframework.beans.factory.support.ConstructorResolver.createArgumentArray(ConstructorResolver.java:782) ~[spring-beans-6.1.15.jar:6.1.15]
	at org.springframework.beans.factory.support.ConstructorResolver.autowireConstructor(ConstructorResolver.java:237) ~[spring-beans-6.1.15.jar:6.1.15]
	at org.springframework.beans.factory.support.AbstractAutowireCapableBeanFactory.autowireConstructor(AbstractAutowireCapableBeanFactory.java:1375) ~[spring-beans-6.1.15.jar:6.1.15]
	at org.springframework.beans.factory.support.AbstractAutowireCapableBeanFactory.createBeanInstance(AbstractAutowireCapableBeanFactory.java:1212) ~[spring-beans-6.1.15.jar:6.1.15]
	at org.springframework.beans.factory.support.AbstractAutowireCapableBeanFactory.doCreateBean(AbstractAutowireCapableBeanFactory.java:562) ~[spring-beans-6.1.15.jar:6.1.15]
	at org.springframework.beans.factory.support.AbstractAutowireCapableBeanFactory.createBean(AbstractAutowireCapableBeanFactory.java:522) ~[spring-beans-6.1.15.jar:6.1.15]
	at org.springframework.beans.factory.support.AbstractBeanFactory.lambda$doGetBean$0(AbstractBeanFactory.java:337) ~[spring-beans-6.1.15.jar:6.1.15]
	at org.springframework.beans.factory.support.DefaultSingletonBeanRegistry.getSingleton(DefaultSingletonBeanRegistry.java:234) ~[spring-beans-6.1.15.jar:6.1.15]
	at org.springframework.beans.factory.support.AbstractBeanFactory.doGetBean(AbstractBeanFactory.java:335) ~[spring-beans-6.1.15.jar:6.1.15]
	at org.springframework.beans.factory.support.AbstractBeanFactory.getBean(AbstractBeanFactory.java:200) ~[spring-beans-6.1.15.jar:6.1.15]
	at org.springframework.beans.factory.config.DependencyDescriptor.resolveCandidate(DependencyDescriptor.java:254) ~[spring-beans-6.1.15.jar:6.1.15]
	at org.springframework.beans.factory.support.DefaultListableBeanFactory.doResolveDependency(DefaultListableBeanFactory.java:1443) ~[spring-beans-6.1.15.jar:6.1.15]
	at org.springframework.beans.factory.support.DefaultListableBeanFactory.resolveDependency(DefaultListableBeanFactory.java:1353) ~[spring-beans-6.1.15.jar:6.1.15]
	at org.springframework.beans.factory.support.ConstructorResolver.resolveAutowiredArgument(ConstructorResolver.java:904) ~[spring-beans-6.1.15.jar:6.1.15]
	at org.springframework.beans.factory.support.ConstructorResolver.createArgumentArray(ConstructorResolver.java:782) ~[spring-beans-6.1.15.jar:6.1.15]
	at org.springframework.beans.factory.support.ConstructorResolver.autowireConstructor(ConstructorResolver.java:237) ~[spring-beans-6.1.15.jar:6.1.15]
	at org.springframework.beans.factory.support.AbstractAutowireCapableBeanFactory.autowireConstructor(AbstractAutowireCapableBeanFactory.java:1375) ~[spring-beans-6.1.15.jar:6.1.15]
	at org.springframework.beans.factory.support.AbstractAutowireCapableBeanFactory.createBeanInstance(AbstractAutowireCapableBeanFactory.java:1212) ~[spring-beans-6.1.15.jar:6.1.15]
	at org.springframework.beans.factory.support.AbstractAutowireCapableBeanFactory.doCreateBean(AbstractAutowireCapableBeanFactory.java:562) ~[spring-beans-6.1.15.jar:6.1.15]
	at org.springframework.beans.factory.support.AbstractAutowireCapableBeanFactory.createBean(AbstractAutowireCapableBeanFactory.java:522) ~[spring-beans-6.1.15.jar:6.1.15]
	at org.springframework.beans.factory.support.AbstractBeanFactory.lambda$doGetBean$0(AbstractBeanFactory.java:337) ~[spring-beans-6.1.15.jar:6.1.15]
	at org.springframework.beans.factory.support.DefaultSingletonBeanRegistry.getSingleton(DefaultSingletonBeanRegistry.java:234) ~[spring-beans-6.1.15.jar:6.1.15]
	at org.springframework.beans.factory.support.AbstractBeanFactory.doGetBean(AbstractBeanFactory.java:335) ~[spring-beans-6.1.15.jar:6.1.15]
	at org.springframework.beans.factory.support.AbstractBeanFactory.getBean(AbstractBeanFactory.java:200) ~[spring-beans-6.1.15.jar:6.1.15]
	at org.springframework.beans.factory.support.DefaultListableBeanFactory.preInstantiateSingletons(DefaultListableBeanFactory.java:975) ~[spring-beans-6.1.15.jar:6.1.15]
	at org.springframework.context.support.AbstractApplicationContext.finishBeanFactoryInitialization(AbstractApplicationContext.java:971) ~[spring-context-6.1.15.jar:6.1.15]
	at org.springframework.context.support.AbstractApplicationContext.refresh(AbstractApplicationContext.java:625) ~[spring-context-6.1.15.jar:6.1.15]
	at org.springframework.boot.web.servlet.context.ServletWebServerApplicationContext.refresh(ServletWebServerApplicationContext.java:146) ~[spring-boot-3.2.12.jar:3.2.12]
	at org.springframework.boot.SpringApplication.refresh(SpringApplication.java:754) ~[spring-boot-3.2.12.jar:3.2.12]
	at org.springframework.boot.SpringApplication.refreshContext(SpringApplication.java:456) ~[spring-boot-3.2.12.jar:3.2.12]
	at org.springframework.boot.SpringApplication.run(SpringApplication.java:335) ~[spring-boot-3.2.12.jar:3.2.12]
	at org.springframework.boot.SpringApplication.run(SpringApplication.java:1363) ~[spring-boot-3.2.12.jar:3.2.12]
	at org.springframework.boot.SpringApplication.run(SpringApplication.java:1352) ~[spring-boot-3.2.12.jar:3.2.12]
	at club.taekwondo.ClubTaekwondoApplication.main(ClubTaekwondoApplication.java:19) ~[classes/:na]
	at java.base/jdk.internal.reflect.DirectMethodHandleAccessor.invoke(DirectMethodHandleAccessor.java:103) ~[na:na]
	at java.base/java.lang.reflect.Method.invoke(Method.java:580) ~[na:na]
	at org.springframework.boot.devtools.restart.RestartLauncher.run(RestartLauncher.java:50) ~[spring-boot-devtools-3.2.12.jar:3.2.12]

? Stripe API Key absente ou factice. D�finissez STRIPE_API_KEY (sk_test_...) dans vos variables d'environnement.
2026-04-10T10:20:12.898+02:00  WARN 31076 --- [  restartedMain] JpaBaseConfiguration$JpaWebConfiguration : spring.jpa.open-in-view is enabled by default. Therefore, database queries may be performed during view rendering. Explicitly configure spring.jpa.open-in-view to disable this warning
2026-04-10T10:20:12.938+02:00  WARN 31076 --- [  restartedMain] .s.s.UserDetailsServiceAutoConfiguration : 

Using generated security password: 5161fbc5-b0dc-45fd-895b-fadb27e11ee9

This generated password is for development use only. Your security configuration must be updated before running your application in production.

2026-04-10T10:20:13.145+02:00 DEBUG 31076 --- [  restartedMain] s.w.s.m.m.a.RequestMappingHandlerMapping : 166 mappings in 'requestMappingHandlerMapping'
2026-04-10T10:20:13.226+02:00 DEBUG 31076 --- [  restartedMain] o.s.w.s.handler.SimpleUrlHandlerMapping  : Patterns [/webjars/**, /**, /uploads/**] in 'resourceHandlerMapping'
2026-04-10T10:20:13.265+02:00  INFO 31076 --- [  restartedMain] o.s.s.web.DefaultSecurityFilterChain     : Will secure any request with [org.springframework.security.web.session.DisableEncodeUrlFilter@ebcd09a, org.springframework.security.web.context.request.async.WebAsyncManagerIntegrationFilter@b2a4486, org.springframework.security.web.context.SecurityContextHolderFilter@7cb4d72c, org.springframework.security.web.header.HeaderWriterFilter@582538b2, org.springframework.web.filter.CorsFilter@51b5e018, org.springframework.security.web.authentication.logout.LogoutFilter@743fb331, club.taekwondo.config.JwtAuthFilter@130ae584, org.springframework.security.web.savedrequest.RequestCacheAwareFilter@5d025052, org.springframework.security.web.servletapi.SecurityContextHolderAwareRequestFilter@622b8b29, org.springframework.security.web.authentication.AnonymousAuthenticationFilter@2a0600ea, org.springframework.security.web.session.SessionManagementFilter@7ed861ba, org.springframework.security.web.access.ExceptionTranslationFilter@7dc017ac, org.springframework.security.web.access.intercept.AuthorizationFilter@ee17e5d]
2026-04-10T10:20:13.349+02:00 DEBUG 31076 --- [  restartedMain] s.w.s.m.m.a.RequestMappingHandlerAdapter : ControllerAdvice beans: 0 @ModelAttribute, 0 @InitBinder, 1 RequestBodyAdvice, 1 ResponseBodyAdvice
2026-04-10T10:20:13.398+02:00 DEBUG 31076 --- [  restartedMain] .m.m.a.ExceptionHandlerExceptionResolver : ControllerAdvice beans: 1 @ExceptionHandler, 1 ResponseBodyAdvice
2026-04-10T10:20:13.627+02:00  INFO 31076 --- [  restartedMain] o.s.b.w.embedded.tomcat.TomcatWebServer  : Tomcat started on port 8081 (http) with context path ''
2026-04-10T10:20:13.633+02:00 DEBUG 31076 --- [  restartedMain] .s.b.a.l.ConditionEvaluationReportLogger : 


============================
CONDITIONS EVALUATION REPORT
============================


Positive matches:
-----------------

   AopAutoConfiguration matched:
      - @ConditionalOnProperty (spring.aop.auto=true) matched (OnPropertyCondition)

   AopAutoConfiguration.AspectJAutoProxyingConfiguration matched:
      - @ConditionalOnClass found required class 'org.aspectj.weaver.Advice' (OnClassCondition)

   AopAutoConfiguration.AspectJAutoProxyingConfiguration.CglibAutoProxyConfiguration matched:
      - @ConditionalOnProperty (spring.aop.proxy-target-class=true) matched (OnPropertyCondition)

   ApplicationAvailabilityAutoConfiguration#applicationAvailability matched:
      - @ConditionalOnMissingBean (types: org.springframework.boot.availability.ApplicationAvailability; SearchStrategy: all) did not find any beans (OnBeanCondition)

   DataSourceAutoConfiguration matched:
      - @ConditionalOnClass found required classes 'javax.sql.DataSource', 'org.springframework.jdbc.datasource.embedded.EmbeddedDatabaseType' (OnClassCondition)
      - @ConditionalOnMissingBean (types: io.r2dbc.spi.ConnectionFactory; SearchStrategy: all) did not find any beans (OnBeanCondition)

   DataSourceAutoConfiguration.PooledDataSourceConfiguration matched:
      - AnyNestedCondition 1 matched 1 did not; NestedCondition on DataSourceAutoConfiguration.PooledDataSourceCondition.PooledDataSourceAvailable PooledDataSource found supported DataSource; NestedCondition on DataSourceAutoConfiguration.PooledDataSourceCondition.ExplicitType @ConditionalOnProperty (spring.datasource.type) did not find property 'type' (DataSourceAutoConfiguration.PooledDataSourceCondition)
      - @ConditionalOnMissingBean (types: javax.sql.DataSource,javax.sql.XADataSource; SearchStrategy: all) did not find any beans (OnBeanCondition)

   DataSourceAutoConfiguration.PooledDataSourceConfiguration#jdbcConnectionDetails matched:
      - @ConditionalOnMissingBean (types: org.springframework.boot.autoconfigure.jdbc.JdbcConnectionDetails; SearchStrategy: all) did not find any beans (OnBeanCondition)

   DataSourceConfiguration.Hikari matched:
      - @ConditionalOnClass found required class 'com.zaxxer.hikari.HikariDataSource' (OnClassCondition)
      - @ConditionalOnProperty (spring.datasource.type=com.zaxxer.hikari.HikariDataSource) matched (OnPropertyCondition)
      - @ConditionalOnMissingBean (types: javax.sql.DataSource; SearchStrategy: all) did not find any beans (OnBeanCondition)

   DataSourceInitializationConfiguration matched:
      - @ConditionalOnClass found required class 'org.springframework.jdbc.datasource.init.DatabasePopulator' (OnClassCondition)
      - @ConditionalOnSingleCandidate (types: javax.sql.DataSource; SearchStrategy: all) found a single bean 'dataSource'; @ConditionalOnMissingBean (types: org.springframework.boot.autoconfigure.sql.init.SqlDataSourceScriptDatabaseInitializer,org.springframework.boot.autoconfigure.sql.init.SqlR2dbcScriptDatabaseInitializer; SearchStrategy: all) did not find any beans (OnBeanCondition)

   DataSourceJmxConfiguration matched:
      - @ConditionalOnProperty (spring.jmx.enabled=true) matched (OnPropertyCondition)

   DataSourceJmxConfiguration.Hikari matched:
      - @ConditionalOnClass found required class 'com.zaxxer.hikari.HikariDataSource' (OnClassCondition)
      - @ConditionalOnSingleCandidate (types: javax.sql.DataSource; SearchStrategy: all) found a single bean 'dataSource' (OnBeanCondition)

   DataSourcePoolMetadataProvidersConfiguration.HikariPoolDataSourceMetadataProviderConfiguration matched:
      - @ConditionalOnClass found required class 'com.zaxxer.hikari.HikariDataSource' (OnClassCondition)

   DataSourceTransactionManagerAutoConfiguration matched:
      - @ConditionalOnClass found required classes 'javax.sql.DataSource', 'org.springframework.jdbc.core.JdbcTemplate', 'org.springframework.transaction.TransactionManager' (OnClassCondition)

   DataSourceTransactionManagerAutoConfiguration.JdbcTransactionManagerConfiguration matched:
      - @ConditionalOnSingleCandidate (types: javax.sql.DataSource; SearchStrategy: all) found a single bean 'dataSource' (OnBeanCondition)

   DevToolsDataSourceAutoConfiguration matched:
      - @ConditionalOnClass found required class 'javax.sql.DataSource' (OnClassCondition)
      - Devtools devtools enabled. (OnEnabledDevToolsCondition)
      - DevTools DataSource Condition found auto-configured DataSource (DevToolsDataSourceAutoConfiguration.DevToolsDataSourceCondition)

   DevToolsDataSourceAutoConfiguration.DatabaseShutdownExecutorEntityManagerFactoryDependsOnPostProcessor matched:
      - @ConditionalOnClass found required class 'org.springframework.orm.jpa.LocalContainerEntityManagerFactoryBean' (OnClassCondition)
      - @ConditionalOnBean (types: org.springframework.orm.jpa.AbstractEntityManagerFactoryBean; SearchStrategy: all) found bean '&entityManagerFactory' (OnBeanCondition)

   DispatcherServletAutoConfiguration matched:
      - @ConditionalOnClass found required class 'org.springframework.web.servlet.DispatcherServlet' (OnClassCondition)
      - found 'session' scope (OnWebApplicationCondition)

   DispatcherServletAutoConfiguration.DispatcherServletConfiguration matched:
      - @ConditionalOnClass found required class 'jakarta.servlet.ServletRegistration' (OnClassCondition)
      - Default DispatcherServlet did not find dispatcher servlet beans (DispatcherServletAutoConfiguration.DefaultDispatcherServletCondition)

   DispatcherServletAutoConfiguration.DispatcherServletRegistrationConfiguration matched:
      - @ConditionalOnClass found required class 'jakarta.servlet.ServletRegistration' (OnClassCondition)
      - DispatcherServlet Registration did not find servlet registration bean (DispatcherServletAutoConfiguration.DispatcherServletRegistrationCondition)

   DispatcherServletAutoConfiguration.DispatcherServletRegistrationConfiguration#dispatcherServletRegistration matched:
      - @ConditionalOnBean (names: dispatcherServlet types: org.springframework.web.servlet.DispatcherServlet; SearchStrategy: all) found bean 'dispatcherServlet' (OnBeanCondition)

   EmbeddedWebServerFactoryCustomizerAutoConfiguration matched:
      - @ConditionalOnWebApplication (required) found 'session' scope (OnWebApplicationCondition)
      - @ConditionalOnWarDeployment the application is not deployed as a WAR file. (OnWarDeploymentCondition)

   EmbeddedWebServerFactoryCustomizerAutoConfiguration.TomcatWebServerFactoryCustomizerConfiguration matched:
      - @ConditionalOnClass found required classes 'org.apache.catalina.startup.Tomcat', 'org.apache.coyote.UpgradeProtocol' (OnClassCondition)

   ErrorMvcAutoConfiguration matched:
      - @ConditionalOnClass found required classes 'jakarta.servlet.Servlet', 'org.springframework.web.servlet.DispatcherServlet' (OnClassCondition)
      - found 'session' scope (OnWebApplicationCondition)

   ErrorMvcAutoConfiguration#basicErrorController matched:
      - @ConditionalOnMissingBean (types: org.springframework.boot.web.servlet.error.ErrorController; SearchStrategy: current) did not find any beans (OnBeanCondition)

   ErrorMvcAutoConfiguration#errorAttributes matched:
      - @ConditionalOnMissingBean (types: org.springframework.boot.web.servlet.error.ErrorAttributes; SearchStrategy: current) did not find any beans (OnBeanCondition)

   ErrorMvcAutoConfiguration.DefaultErrorViewResolverConfiguration#conventionErrorViewResolver matched:
      - @ConditionalOnBean (types: org.springframework.web.servlet.DispatcherServlet; SearchStrategy: all) found bean 'dispatcherServlet'; @ConditionalOnMissingBean (types: org.springframework.boot.autoconfigure.web.servlet.error.ErrorViewResolver; SearchStrategy: all) did not find any beans (OnBeanCondition)

   ErrorMvcAutoConfiguration.WhitelabelErrorViewConfiguration matched:
      - @ConditionalOnProperty (server.error.whitelabel.enabled) matched (OnPropertyCondition)
      - ErrorTemplate Missing did not find error template view (ErrorMvcAutoConfiguration.ErrorTemplateMissingCondition)

   ErrorMvcAutoConfiguration.WhitelabelErrorViewConfiguration#beanNameViewResolver matched:
      - @ConditionalOnMissingBean (types: org.springframework.web.servlet.view.BeanNameViewResolver; SearchStrategy: all) did not find any beans (OnBeanCondition)

   ErrorMvcAutoConfiguration.WhitelabelErrorViewConfiguration#defaultErrorView matched:
      - @ConditionalOnMissingBean (names: error; SearchStrategy: all) did not find any beans (OnBeanCondition)

   GenericCacheConfiguration matched:
      - Cache org.springframework.boot.autoconfigure.cache.GenericCacheConfiguration automatic cache type (CacheCondition)

   GsonAutoConfiguration matched:
      - @ConditionalOnClass found required class 'com.google.gson.Gson' (OnClassCondition)

   GsonAutoConfiguration#gson matched:
      - @ConditionalOnMissingBean (types: com.google.gson.Gson; SearchStrategy: all) did not find any beans (OnBeanCondition)

   GsonAutoConfiguration#gsonBuilder matched:
      - @ConditionalOnMissingBean (types: com.google.gson.GsonBuilder; SearchStrategy: all) did not find any beans (OnBeanCondition)

   GsonHttpMessageConvertersConfiguration matched:
      - @ConditionalOnClass found required class 'com.google.gson.Gson' (OnClassCondition)

   HibernateJpaAutoConfiguration matched:
      - @ConditionalOnClass found required classes 'org.springframework.orm.jpa.LocalContainerEntityManagerFactoryBean', 'jakarta.persistence.EntityManager', 'org.hibernate.engine.spi.SessionImplementor' (OnClassCondition)

   HibernateJpaConfiguration matched:
      - @ConditionalOnSingleCandidate (types: javax.sql.DataSource; SearchStrategy: all) found a single bean 'dataSource' (OnBeanCondition)

   HttpEncodingAutoConfiguration matched:
      - @ConditionalOnClass found required class 'org.springframework.web.filter.CharacterEncodingFilter' (OnClassCondition)
      - found 'session' scope (OnWebApplicationCondition)
      - @ConditionalOnProperty (server.servlet.encoding.enabled) matched (OnPropertyCondition)

   HttpEncodingAutoConfiguration#characterEncodingFilter matched:
      - @ConditionalOnMissingBean (types: org.springframework.web.filter.CharacterEncodingFilter; SearchStrategy: all) did not find any beans (OnBeanCondition)

   HttpMessageConvertersAutoConfiguration matched:
      - @ConditionalOnClass found required class 'org.springframework.http.converter.HttpMessageConverter' (OnClassCondition)
      - NoneNestedConditions 0 matched 1 did not; NestedCondition on HttpMessageConvertersAutoConfiguration.NotReactiveWebApplicationCondition.ReactiveWebApplication did not find reactive web application classes (HttpMessageConvertersAutoConfiguration.NotReactiveWebApplicationCondition)

   HttpMessageConvertersAutoConfiguration#messageConverters matched:
      - @ConditionalOnMissingBean (types: org.springframework.boot.autoconfigure.http.HttpMessageConverters; SearchStrategy: all) did not find any beans (OnBeanCondition)

   HttpMessageConvertersAutoConfiguration.StringHttpMessageConverterConfiguration matched:
      - @ConditionalOnClass found required class 'org.springframework.http.converter.StringHttpMessageConverter' (OnClassCondition)

   HttpMessageConvertersAutoConfiguration.StringHttpMessageConverterConfiguration#stringHttpMessageConverter matched:
      - @ConditionalOnMissingBean (types: org.springframework.http.converter.StringHttpMessageConverter; SearchStrategy: all) did not find any beans (OnBeanCondition)

   JacksonAutoConfiguration matched:
      - @ConditionalOnClass found required class 'com.fasterxml.jackson.databind.ObjectMapper' (OnClassCondition)

   JacksonAutoConfiguration.Jackson2ObjectMapperBuilderCustomizerConfiguration matched:
      - @ConditionalOnClass found required class 'org.springframework.http.converter.json.Jackson2ObjectMapperBuilder' (OnClassCondition)

   JacksonAutoConfiguration.JacksonObjectMapperBuilderConfiguration matched:
      - @ConditionalOnClass found required class 'org.springframework.http.converter.json.Jackson2ObjectMapperBuilder' (OnClassCondition)

   JacksonAutoConfiguration.JacksonObjectMapperBuilderConfiguration#jacksonObjectMapperBuilder matched:
      - @ConditionalOnMissingBean (types: org.springframework.http.converter.json.Jackson2ObjectMapperBuilder; SearchStrategy: all) did not find any beans (OnBeanCondition)

   JacksonAutoConfiguration.JacksonObjectMapperConfiguration matched:
      - @ConditionalOnClass found required class 'org.springframework.http.converter.json.Jackson2ObjectMapperBuilder' (OnClassCondition)

   JacksonAutoConfiguration.JacksonObjectMapperConfiguration#jacksonObjectMapper matched:
      - @ConditionalOnMissingBean (types: com.fasterxml.jackson.databind.ObjectMapper; SearchStrategy: all) did not find any beans (OnBeanCondition)

   JacksonAutoConfiguration.ParameterNamesModuleConfiguration matched:
      - @ConditionalOnClass found required class 'com.fasterxml.jackson.module.paramnames.ParameterNamesModule' (OnClassCondition)

   JacksonAutoConfiguration.ParameterNamesModuleConfiguration#parameterNamesModule matched:
      - @ConditionalOnMissingBean (types: com.fasterxml.jackson.module.paramnames.ParameterNamesModule; SearchStrategy: all) did not find any beans (OnBeanCondition)

   JacksonHttpMessageConvertersConfiguration.MappingJackson2HttpMessageConverterConfiguration matched:
      - @ConditionalOnClass found required class 'com.fasterxml.jackson.databind.ObjectMapper' (OnClassCondition)
      - @ConditionalOnProperty (spring.mvc.converters.preferred-json-mapper=jackson) matched (OnPropertyCondition)
      - @ConditionalOnBean (types: com.fasterxml.jackson.databind.ObjectMapper; SearchStrategy: all) found bean 'jacksonObjectMapper' (OnBeanCondition)

   JacksonHttpMessageConvertersConfiguration.MappingJackson2HttpMessageConverterConfiguration#mappingJackson2HttpMessageConverter matched:
      - @ConditionalOnMissingBean (types: org.springframework.http.converter.json.MappingJackson2HttpMessageConverter ignored: org.springframework.hateoas.server.mvc.TypeConstrainedMappingJackson2HttpMessageConverter,org.springframework.data.rest.webmvc.alps.AlpsJsonHttpMessageConverter; SearchStrategy: all) did not find any beans (OnBeanCondition)

   JdbcClientAutoConfiguration matched:
      - @ConditionalOnSingleCandidate (types: org.springframework.jdbc.core.namedparam.NamedParameterJdbcTemplate; SearchStrategy: all) found a single bean 'namedParameterJdbcTemplate'; @ConditionalOnMissingBean (types: org.springframework.jdbc.core.simple.JdbcClient; SearchStrategy: all) did not find any beans (OnBeanCondition)

   JdbcTemplateAutoConfiguration matched:
      - @ConditionalOnClass found required classes 'javax.sql.DataSource', 'org.springframework.jdbc.core.JdbcTemplate' (OnClassCondition)
      - @ConditionalOnSingleCandidate (types: javax.sql.DataSource; SearchStrategy: all) found a single bean 'dataSource' (OnBeanCondition)

   JdbcTemplateConfiguration matched:
      - @ConditionalOnMissingBean (types: org.springframework.jdbc.core.JdbcOperations; SearchStrategy: all) did not find any beans (OnBeanCondition)

   JpaBaseConfiguration#entityManagerFactory matched:
      - @ConditionalOnMissingBean (types: org.springframework.orm.jpa.LocalContainerEntityManagerFactoryBean,jakarta.persistence.EntityManagerFactory; SearchStrategy: all) did not find any beans (OnBeanCondition)

   JpaBaseConfiguration#entityManagerFactoryBuilder matched:
      - @ConditionalOnMissingBean (types: org.springframework.boot.orm.jpa.EntityManagerFactoryBuilder; SearchStrategy: all) did not find any beans (OnBeanCondition)

   JpaBaseConfiguration#jpaVendorAdapter matched:
      - @ConditionalOnMissingBean (types: org.springframework.orm.jpa.JpaVendorAdapter; SearchStrategy: all) did not find any beans (OnBeanCondition)

   JpaBaseConfiguration#transactionManager matched:
      - @ConditionalOnMissingBean (types: org.springframework.transaction.TransactionManager; SearchStrategy: all) did not find any beans (OnBeanCondition)

   JpaBaseConfiguration.JpaWebConfiguration matched:
      - @ConditionalOnClass found required class 'org.springframework.web.servlet.config.annotation.WebMvcConfigurer' (OnClassCondition)
      - found 'session' scope (OnWebApplicationCondition)
      - @ConditionalOnProperty (spring.jpa.open-in-view=true) matched (OnPropertyCondition)
      - @ConditionalOnMissingBean (types: org.springframework.orm.jpa.support.OpenEntityManagerInViewInterceptor,org.springframework.orm.jpa.support.OpenEntityManagerInViewFilter; SearchStrategy: all) did not find any beans (OnBeanCondition)

   JpaBaseConfiguration.PersistenceManagedTypesConfiguration matched:
      - @ConditionalOnMissingBean (types: org.springframework.orm.jpa.LocalContainerEntityManagerFactoryBean,jakarta.persistence.EntityManagerFactory; SearchStrategy: all) did not find any beans (OnBeanCondition)

   JpaBaseConfiguration.PersistenceManagedTypesConfiguration#persistenceManagedTypes matched:
      - @ConditionalOnMissingBean (types: org.springframework.orm.jpa.persistenceunit.PersistenceManagedTypes; SearchStrategy: all) did not find any beans (OnBeanCondition)

   JpaRepositoriesAutoConfiguration matched:
      - @ConditionalOnClass found required class 'org.springframework.data.jpa.repository.JpaRepository' (OnClassCondition)
      - @ConditionalOnProperty (spring.data.jpa.repositories.enabled=true) matched (OnPropertyCondition)
      - @ConditionalOnBean (types: javax.sql.DataSource; SearchStrategy: all) found bean 'dataSource'; @ConditionalOnMissingBean (types: org.springframework.data.jpa.repository.support.JpaRepositoryFactoryBean,org.springframework.data.jpa.repository.config.JpaRepositoryConfigExtension; SearchStrategy: all) did not find any beans (OnBeanCondition)

   JtaAutoConfiguration matched:
      - @ConditionalOnClass found required class 'jakarta.transaction.Transaction' (OnClassCondition)
      - @ConditionalOnProperty (spring.jta.enabled) matched (OnPropertyCondition)

   LifecycleAutoConfiguration#defaultLifecycleProcessor matched:
      - @ConditionalOnMissingBean (names: lifecycleProcessor; SearchStrategy: current) did not find any beans (OnBeanCondition)

   LocalDevToolsAutoConfiguration matched:
      - Initialized Restarter Condition available and initialized (OnInitializedRestarterCondition)

   LocalDevToolsAutoConfiguration.LiveReloadConfiguration matched:
      - @ConditionalOnProperty (spring.devtools.livereload.enabled) matched (OnPropertyCondition)

   LocalDevToolsAutoConfiguration.LiveReloadConfiguration#liveReloadServer matched:
      - @ConditionalOnMissingBean (types: org.springframework.boot.devtools.livereload.LiveReloadServer; SearchStrategy: all) did not find any beans (OnBeanCondition)

   LocalDevToolsAutoConfiguration.RestartConfiguration matched:
      - @ConditionalOnProperty (spring.devtools.restart.enabled) matched (OnPropertyCondition)

   LocalDevToolsAutoConfiguration.RestartConfiguration#classPathFileSystemWatcher matched:
      - @ConditionalOnMissingBean (types: org.springframework.boot.devtools.classpath.ClassPathFileSystemWatcher; SearchStrategy: all) did not find any beans (OnBeanCondition)

   LocalDevToolsAutoConfiguration.RestartConfiguration#classPathRestartStrategy matched:
      - @ConditionalOnMissingBean (types: org.springframework.boot.devtools.classpath.ClassPathRestartStrategy; SearchStrategy: all) did not find any beans (OnBeanCondition)

   LocalDevToolsAutoConfiguration.RestartConfiguration#conditionEvaluationDeltaLoggingListener matched:
      - @ConditionalOnProperty (spring.devtools.restart.log-condition-evaluation-delta) matched (OnPropertyCondition)

   MailSenderAutoConfiguration matched:
      - @ConditionalOnClass found required classes 'jakarta.mail.internet.MimeMessage', 'jakarta.activation.MimeType', 'org.springframework.mail.MailSender' (OnClassCondition)
      - AnyNestedCondition 1 matched 1 did not; NestedCondition on MailSenderAutoConfiguration.MailSenderCondition.JndiNameProperty @ConditionalOnProperty (spring.mail.jndi-name) did not find property 'jndi-name'; NestedCondition on MailSenderAutoConfiguration.MailSenderCondition.HostProperty @ConditionalOnProperty (spring.mail.host) matched (MailSenderAutoConfiguration.MailSenderCondition)
      - @ConditionalOnMissingBean (types: org.springframework.mail.MailSender; SearchStrategy: all) did not find any beans (OnBeanCondition)

   MailSenderPropertiesConfiguration matched:
      - @ConditionalOnProperty (spring.mail.host) matched (OnPropertyCondition)

   MailSenderPropertiesConfiguration#mailSender matched:
      - @ConditionalOnMissingBean (types: org.springframework.mail.javamail.JavaMailSender; SearchStrategy: all) did not find any beans (OnBeanCondition)

   MongoAutoConfiguration matched:
      - @ConditionalOnClass found required class 'com.mongodb.client.MongoClient' (OnClassCondition)
      - @ConditionalOnMissingBean (types: org.springframework.data.mongodb.MongoDatabaseFactory; SearchStrategy: all) did not find any beans (OnBeanCondition)

   MongoAutoConfiguration#mongo matched:
      - @ConditionalOnMissingBean (types: com.mongodb.client.MongoClient; SearchStrategy: all) did not find any beans (OnBeanCondition)

   MongoAutoConfiguration#mongoConnectionDetails matched:
      - @ConditionalOnMissingBean (types: org.springframework.boot.autoconfigure.mongo.MongoConnectionDetails; SearchStrategy: all) did not find any beans (OnBeanCondition)

   MongoAutoConfiguration.MongoClientSettingsConfiguration matched:
      - @ConditionalOnMissingBean (types: com.mongodb.MongoClientSettings; SearchStrategy: all) did not find any beans (OnBeanCondition)

   MongoDataAutoConfiguration matched:
      - @ConditionalOnClass found required classes 'com.mongodb.client.MongoClient', 'org.springframework.data.mongodb.core.MongoTemplate' (OnClassCondition)

   MongoDataConfiguration#mappingMongoConverter matched:
      - @ConditionalOnMissingBean (types: org.springframework.data.mongodb.core.convert.MongoConverter; SearchStrategy: all) did not find any beans (OnBeanCondition)

   MongoDataConfiguration#mongoCustomConversions matched:
      - @ConditionalOnMissingBean (types: org.springframework.data.mongodb.core.convert.MongoCustomConversions; SearchStrategy: all) did not find any beans (OnBeanCondition)

   MongoDataConfiguration#mongoManagedTypes matched:
      - @ConditionalOnMissingBean (types: org.springframework.data.mongodb.MongoManagedTypes; SearchStrategy: all) did not find any beans (OnBeanCondition)

   MongoDataConfiguration#mongoMappingContext matched:
      - @ConditionalOnMissingBean (types: org.springframework.data.mongodb.core.mapping.MongoMappingContext; SearchStrategy: all) did not find any beans (OnBeanCondition)

   MongoDatabaseFactoryConfiguration matched:
      - @ConditionalOnSingleCandidate (types: com.mongodb.client.MongoClient; SearchStrategy: all) found a single bean 'mongo'; @ConditionalOnMissingBean (types: org.springframework.data.mongodb.MongoDatabaseFactory; SearchStrategy: all) did not find any beans (OnBeanCondition)

   MongoDatabaseFactoryDependentConfiguration matched:
      - @ConditionalOnBean (types: org.springframework.data.mongodb.MongoDatabaseFactory; SearchStrategy: all) found bean 'mongoDatabaseFactory' (OnBeanCondition)

   MongoDatabaseFactoryDependentConfiguration#gridFsTemplate matched:
      - @ConditionalOnMissingBean (types: org.springframework.data.mongodb.gridfs.GridFsOperations; SearchStrategy: all) did not find any beans (OnBeanCondition)

   MongoDatabaseFactoryDependentConfiguration#mongoTemplate matched:
      - @ConditionalOnMissingBean (types: org.springframework.data.mongodb.core.MongoOperations; SearchStrategy: all) did not find any beans (OnBeanCondition)

   MongoRepositoriesAutoConfiguration matched:
      - @ConditionalOnClass found required classes 'com.mongodb.client.MongoClient', 'org.springframework.data.mongodb.repository.MongoRepository' (OnClassCondition)
      - @ConditionalOnRepositoryType configured type of 'AUTO' matched required type (OnRepositoryTypeCondition)
      - @ConditionalOnMissingBean (types: org.springframework.data.mongodb.repository.support.MongoRepositoryFactoryBean,org.springframework.data.mongodb.repository.config.MongoRepositoryConfigurationExtension; SearchStrategy: all) did not find any beans (OnBeanCondition)

   MultipartAutoConfiguration matched:
      - @ConditionalOnClass found required classes 'jakarta.servlet.Servlet', 'org.springframework.web.multipart.support.StandardServletMultipartResolver', 'jakarta.servlet.MultipartConfigElement' (OnClassCondition)
      - found 'session' scope (OnWebApplicationCondition)
      - @ConditionalOnProperty (spring.servlet.multipart.enabled) matched (OnPropertyCondition)

   MultipartAutoConfiguration#multipartConfigElement matched:
      - @ConditionalOnMissingBean (types: jakarta.servlet.MultipartConfigElement; SearchStrategy: all) did not find any beans (OnBeanCondition)

   MultipartAutoConfiguration#multipartResolver matched:
      - @ConditionalOnMissingBean (types: org.springframework.web.multipart.MultipartResolver; SearchStrategy: all) did not find any beans (OnBeanCondition)

   NamedParameterJdbcTemplateConfiguration matched:
      - @ConditionalOnSingleCandidate (types: org.springframework.jdbc.core.JdbcTemplate; SearchStrategy: all) found a single bean 'jdbcTemplate'; @ConditionalOnMissingBean (types: org.springframework.jdbc.core.namedparam.NamedParameterJdbcOperations; SearchStrategy: all) did not find any beans (OnBeanCondition)

   NoOpCacheConfiguration matched:
      - Cache org.springframework.boot.autoconfigure.cache.NoOpCacheConfiguration automatic cache type (CacheCondition)

   PersistenceExceptionTranslationAutoConfiguration matched:
      - @ConditionalOnClass found required class 'org.springframework.dao.annotation.PersistenceExceptionTranslationPostProcessor' (OnClassCondition)

   PersistenceExceptionTranslationAutoConfiguration#persistenceExceptionTranslationPostProcessor matched:
      - @ConditionalOnProperty (spring.dao.exceptiontranslation.enabled) matched (OnPropertyCondition)
      - @ConditionalOnMissingBean (types: org.springframework.dao.annotation.PersistenceExceptionTranslationPostProcessor; SearchStrategy: all) did not find any beans (OnBeanCondition)

   PropertyPlaceholderAutoConfiguration#propertySourcesPlaceholderConfigurer matched:
      - @ConditionalOnMissingBean (types: org.springframework.context.support.PropertySourcesPlaceholderConfigurer; SearchStrategy: current) did not find any beans (OnBeanCondition)

   RestClientAutoConfiguration matched:
      - @ConditionalOnClass found required class 'org.springframework.web.client.RestClient' (OnClassCondition)
      - NoneNestedConditions 0 matched 1 did not; NestedCondition on NotReactiveWebApplicationCondition.ReactiveWebApplication did not find reactive web application classes (NotReactiveWebApplicationCondition)

   RestClientAutoConfiguration#httpMessageConvertersRestClientCustomizer matched:
      - @ConditionalOnMissingBean (types: org.springframework.boot.autoconfigure.web.client.HttpMessageConvertersRestClientCustomizer; SearchStrategy: all) did not find any beans (OnBeanCondition)

   RestClientAutoConfiguration#restClientBuilder matched:
      - @ConditionalOnMissingBean (types: org.springframework.web.client.RestClient$Builder; SearchStrategy: all) did not find any beans (OnBeanCondition)

   RestClientAutoConfiguration#restClientBuilderConfigurer matched:
      - @ConditionalOnMissingBean (types: org.springframework.boot.autoconfigure.web.client.RestClientBuilderConfigurer; SearchStrategy: all) did not find any beans (OnBeanCondition)

   RestClientAutoConfiguration#restClientSsl matched:
      - @ConditionalOnBean (types: org.springframework.boot.ssl.SslBundles; SearchStrategy: all) found bean 'sslBundleRegistry'; @ConditionalOnMissingBean (types: org.springframework.boot.autoconfigure.web.client.RestClientSsl; SearchStrategy: all) did not find any beans (OnBeanCondition)

   RestTemplateAutoConfiguration matched:
      - @ConditionalOnClass found required class 'org.springframework.web.client.RestTemplate' (OnClassCondition)
      - NoneNestedConditions 0 matched 1 did not; NestedCondition on NotReactiveWebApplicationCondition.ReactiveWebApplication did not find reactive web application classes (NotReactiveWebApplicationCondition)

   RestTemplateAutoConfiguration#restTemplateBuilder matched:
      - @ConditionalOnMissingBean (types: org.springframework.boot.web.client.RestTemplateBuilder; SearchStrategy: all) did not find any beans (OnBeanCondition)

   SecurityAutoConfiguration matched:
      - @ConditionalOnClass found required class 'org.springframework.security.authentication.DefaultAuthenticationEventPublisher' (OnClassCondition)

   SecurityAutoConfiguration#authenticationEventPublisher matched:
      - @ConditionalOnMissingBean (types: org.springframework.security.authentication.AuthenticationEventPublisher; SearchStrategy: all) did not find any beans (OnBeanCondition)

   SecurityFilterAutoConfiguration matched:
      - @ConditionalOnClass found required classes 'org.springframework.security.web.context.AbstractSecurityWebApplicationInitializer', 'org.springframework.security.config.http.SessionCreationPolicy' (OnClassCondition)
      - found 'session' scope (OnWebApplicationCondition)

   SecurityFilterAutoConfiguration#securityFilterChainRegistration matched:
      - @ConditionalOnBean (names: springSecurityFilterChain; SearchStrategy: all) found bean 'springSecurityFilterChain' (OnBeanCondition)

   ServletWebServerFactoryAutoConfiguration matched:
      - @ConditionalOnClass found required class 'jakarta.servlet.ServletRequest' (OnClassCondition)
      - found 'session' scope (OnWebApplicationCondition)

   ServletWebServerFactoryAutoConfiguration#tomcatServletWebServerFactoryCustomizer matched:
      - @ConditionalOnClass found required class 'org.apache.catalina.startup.Tomcat' (OnClassCondition)

   ServletWebServerFactoryConfiguration.EmbeddedTomcat matched:
      - @ConditionalOnClass found required classes 'jakarta.servlet.Servlet', 'org.apache.catalina.startup.Tomcat', 'org.apache.coyote.UpgradeProtocol' (OnClassCondition)
      - @ConditionalOnMissingBean (types: org.springframework.boot.web.servlet.server.ServletWebServerFactory; SearchStrategy: current) did not find any beans (OnBeanCondition)

   SimpleCacheConfiguration matched:
      - Cache org.springframework.boot.autoconfigure.cache.SimpleCacheConfiguration automatic cache type (CacheCondition)

   SpringBootWebSecurityConfiguration matched:
      - found 'session' scope (OnWebApplicationCondition)

   SpringBootWebSecurityConfiguration.WebSecurityEnablerConfiguration matched:
      - @ConditionalOnClass found required class 'org.springframework.security.config.annotation.web.configuration.EnableWebSecurity' (OnClassCondition)
      - @ConditionalOnMissingBean (names: springSecurityFilterChain; SearchStrategy: all) did not find any beans (OnBeanCondition)

   SpringDataWebAutoConfiguration matched:
      - @ConditionalOnClass found required classes 'org.springframework.data.web.PageableHandlerMethodArgumentResolver', 'org.springframework.web.servlet.config.annotation.WebMvcConfigurer' (OnClassCondition)
      - found 'session' scope (OnWebApplicationCondition)
      - @ConditionalOnMissingBean (types: org.springframework.data.web.PageableHandlerMethodArgumentResolver; SearchStrategy: all) did not find any beans (OnBeanCondition)

   SpringDataWebAutoConfiguration#pageableCustomizer matched:
      - @ConditionalOnMissingBean (types: org.springframework.data.web.config.PageableHandlerMethodArgumentResolverCustomizer; SearchStrategy: all) did not find any beans (OnBeanCondition)

   SpringDataWebAutoConfiguration#sortCustomizer matched:
      - @ConditionalOnMissingBean (types: org.springframework.data.web.config.SortHandlerMethodArgumentResolverCustomizer; SearchStrategy: all) did not find any beans (OnBeanCondition)

   SqlInitializationAutoConfiguration matched:
      - @ConditionalOnProperty (spring.sql.init.enabled) matched (OnPropertyCondition)
      - NoneNestedConditions 0 matched 1 did not; NestedCondition on SqlInitializationAutoConfiguration.SqlInitializationModeCondition.ModeIsNever @ConditionalOnProperty (spring.sql.init.mode=never) did not find property 'mode' (SqlInitializationAutoConfiguration.SqlInitializationModeCondition)

   SslAutoConfiguration#sslBundleRegistry matched:
      - @ConditionalOnMissingBean (types: org.springframework.boot.ssl.SslBundleRegistry,org.springframework.boot.ssl.SslBundles; SearchStrategy: all) did not find any beans (OnBeanCondition)

   TaskExecutionAutoConfiguration matched:
      - @ConditionalOnClass found required class 'org.springframework.scheduling.concurrent.ThreadPoolTaskExecutor' (OnClassCondition)

   TaskExecutorConfigurations.SimpleAsyncTaskExecutorBuilderConfiguration#simpleAsyncTaskExecutorBuilder matched:
      - @ConditionalOnMissingBean (types: org.springframework.boot.task.SimpleAsyncTaskExecutorBuilder; SearchStrategy: all) did not find any beans (OnBeanCondition)
      - @ConditionalOnThreading found PLATFORM (OnThreadingCondition)

   TaskExecutorConfigurations.TaskExecutorBuilderConfiguration#taskExecutorBuilder matched:
      - @ConditionalOnMissingBean (types: org.springframework.boot.task.TaskExecutorBuilder; SearchStrategy: all) did not find any beans (OnBeanCondition)

   TaskExecutorConfigurations.TaskExecutorConfiguration matched:
      - @ConditionalOnMissingBean (types: java.util.concurrent.Executor; SearchStrategy: all) did not find any beans (OnBeanCondition)

   TaskExecutorConfigurations.TaskExecutorConfiguration#applicationTaskExecutor matched:
      - @ConditionalOnThreading found PLATFORM (OnThreadingCondition)

   TaskExecutorConfigurations.ThreadPoolTaskExecutorBuilderConfiguration#threadPoolTaskExecutorBuilder matched:
      - @ConditionalOnMissingBean (types: org.springframework.boot.task.TaskExecutorBuilder,org.springframework.boot.task.ThreadPoolTaskExecutorBuilder; SearchStrategy: all) did not find any beans (OnBeanCondition)

   TaskSchedulingAutoConfiguration matched:
      - @ConditionalOnClass found required class 'org.springframework.scheduling.concurrent.ThreadPoolTaskScheduler' (OnClassCondition)

   TaskSchedulingConfigurations.SimpleAsyncTaskSchedulerBuilderConfiguration#simpleAsyncTaskSchedulerBuilder matched:
      - @ConditionalOnMissingBean (types: org.springframework.boot.task.SimpleAsyncTaskSchedulerBuilder; SearchStrategy: all) did not find any beans (OnBeanCondition)
      - @ConditionalOnThreading found PLATFORM (OnThreadingCondition)

   TaskSchedulingConfigurations.TaskSchedulerBuilderConfiguration#taskSchedulerBuilder matched:
      - @ConditionalOnMissingBean (types: org.springframework.boot.task.TaskSchedulerBuilder; SearchStrategy: all) did not find any beans (OnBeanCondition)

   TaskSchedulingConfigurations.ThreadPoolTaskSchedulerBuilderConfiguration#threadPoolTaskSchedulerBuilder matched:
      - @ConditionalOnMissingBean (types: org.springframework.boot.task.TaskSchedulerBuilder,org.springframework.boot.task.ThreadPoolTaskSchedulerBuilder; SearchStrategy: all) did not find any beans (OnBeanCondition)

   TransactionAutoConfiguration matched:
      - @ConditionalOnClass found required class 'org.springframework.transaction.PlatformTransactionManager' (OnClassCondition)

   TransactionAutoConfiguration.EnableTransactionManagementConfiguration matched:
      - @ConditionalOnBean (types: org.springframework.transaction.TransactionManager; SearchStrategy: all) found bean 'transactionManager'; @ConditionalOnMissingBean (types: org.springframework.transaction.annotation.AbstractTransactionManagementConfiguration; SearchStrategy: all) did not find any beans (OnBeanCondition)

   TransactionAutoConfiguration.EnableTransactionManagementConfiguration.CglibAutoProxyConfiguration matched:
      - @ConditionalOnProperty (spring.aop.proxy-target-class=true) matched (OnPropertyCondition)

   TransactionAutoConfiguration.TransactionTemplateConfiguration matched:
      - @ConditionalOnSingleCandidate (types: org.springframework.transaction.PlatformTransactionManager; SearchStrategy: all) found a single bean 'transactionManager' (OnBeanCondition)

   TransactionAutoConfiguration.TransactionTemplateConfiguration#transactionTemplate matched:
      - @ConditionalOnMissingBean (types: org.springframework.transaction.support.TransactionOperations; SearchStrategy: all) did not find any beans (OnBeanCondition)

   TransactionManagerCustomizationAutoConfiguration matched:
      - @ConditionalOnClass found required class 'org.springframework.transaction.PlatformTransactionManager' (OnClassCondition)

   TransactionManagerCustomizationAutoConfiguration#platformTransactionManagerCustomizers matched:
      - @ConditionalOnMissingBean (types: org.springframework.boot.autoconfigure.transaction.TransactionManagerCustomizers; SearchStrategy: all) did not find any beans (OnBeanCondition)

   UserDetailsServiceAutoConfiguration matched:
      - @ConditionalOnClass found required class 'org.springframework.security.authentication.AuthenticationManager' (OnClassCondition)
      - AnyNestedCondition 1 matched 2 did not; NestedCondition on UserDetailsServiceAutoConfiguration.MissingAlternativeOrUserPropertiesConfigured.PasswordConfigured @ConditionalOnProperty (spring.security.user.password) did not find property 'password'; NestedCondition on UserDetailsServiceAutoConfiguration.MissingAlternativeOrUserPropertiesConfigured.NameConfigured @ConditionalOnProperty (spring.security.user.name) did not find property 'name'; NestedCondition on UserDetailsServiceAutoConfiguration.MissingAlternativeOrUserPropertiesConfigured.MissingAlternative @ConditionalOnMissingClass did not find unwanted classes 'org.springframework.security.oauth2.client.registration.ClientRegistrationRepository', 'org.springframework.security.oauth2.server.resource.introspection.OpaqueTokenIntrospector', 'org.springframework.security.saml2.provider.service.registration.RelyingPartyRegistrationRepository' (UserDetailsServiceAutoConfiguration.MissingAlternativeOrUserPropertiesConfigured)
      - @ConditionalOnBean (types: org.springframework.security.config.annotation.ObjectPostProcessor; SearchStrategy: all) found bean 'objectPostProcessor'; @ConditionalOnMissingBean (types: org.springframework.security.authentication.AuthenticationManager,org.springframework.security.authentication.AuthenticationProvider,org.springframework.security.core.userdetails.UserDetailsService,org.springframework.security.authentication.AuthenticationManagerResolver,org.springframework.security.oauth2.jwt.JwtDecoder; SearchStrategy: all) did not find any beans (OnBeanCondition)

   ValidationAutoConfiguration matched:
      - @ConditionalOnClass found required class 'jakarta.validation.executable.ExecutableValidator' (OnClassCondition)
      - @ConditionalOnResource found location classpath:META-INF/services/jakarta.validation.spi.ValidationProvider (OnResourceCondition)

   ValidationAutoConfiguration#defaultValidator matched:
      - @ConditionalOnMissingBean (types: jakarta.validation.Validator; SearchStrategy: all) did not find any beans (OnBeanCondition)

   ValidationAutoConfiguration#methodValidationPostProcessor matched:
      - @ConditionalOnMissingBean (types: org.springframework.validation.beanvalidation.MethodValidationPostProcessor; SearchStrategy: current) did not find any beans (OnBeanCondition)

   WebMvcAutoConfiguration matched:
      - @ConditionalOnClass found required classes 'jakarta.servlet.Servlet', 'org.springframework.web.servlet.DispatcherServlet', 'org.springframework.web.servlet.config.annotation.WebMvcConfigurer' (OnClassCondition)
      - found 'session' scope (OnWebApplicationCondition)
      - @ConditionalOnMissingBean (types: org.springframework.web.servlet.config.annotation.WebMvcConfigurationSupport; SearchStrategy: all) did not find any beans (OnBeanCondition)

   WebMvcAutoConfiguration#formContentFilter matched:
      - @ConditionalOnProperty (spring.mvc.formcontent.filter.enabled) matched (OnPropertyCondition)
      - @ConditionalOnMissingBean (types: org.springframework.web.filter.FormContentFilter; SearchStrategy: all) did not find any beans (OnBeanCondition)

   WebMvcAutoConfiguration.EnableWebMvcConfiguration#flashMapManager matched:
      - @ConditionalOnMissingBean (names: flashMapManager; SearchStrategy: all) did not find any beans (OnBeanCondition)

   WebMvcAutoConfiguration.EnableWebMvcConfiguration#localeResolver matched:
      - @ConditionalOnMissingBean (names: localeResolver; SearchStrategy: all) did not find any beans (OnBeanCondition)

   WebMvcAutoConfiguration.EnableWebMvcConfiguration#themeResolver matched:
      - @ConditionalOnMissingBean (names: themeResolver; SearchStrategy: all) did not find any beans (OnBeanCondition)

   WebMvcAutoConfiguration.WebMvcAutoConfigurationAdapter#defaultViewResolver matched:
      - @ConditionalOnMissingBean (types: org.springframework.web.servlet.view.InternalResourceViewResolver; SearchStrategy: all) did not find any beans (OnBeanCondition)

   WebMvcAutoConfiguration.WebMvcAutoConfigurationAdapter#requestContextFilter matched:
      - @ConditionalOnMissingBean (types: org.springframework.web.context.request.RequestContextListener,org.springframework.web.filter.RequestContextFilter; SearchStrategy: all) did not find any beans (OnBeanCondition)

   WebMvcAutoConfiguration.WebMvcAutoConfigurationAdapter#viewResolver matched:
      - @ConditionalOnBean (types: org.springframework.web.servlet.ViewResolver; SearchStrategy: all) found beans 'defaultViewResolver', 'beanNameViewResolver', 'mvcViewResolver'; @ConditionalOnMissingBean (names: viewResolver types: org.springframework.web.servlet.view.ContentNegotiatingViewResolver; SearchStrategy: all) did not find any beans (OnBeanCondition)

   WebSocketServletAutoConfiguration matched:
      - @ConditionalOnClass found required classes 'jakarta.servlet.Servlet', 'jakarta.websocket.server.ServerContainer' (OnClassCondition)
      - found 'session' scope (OnWebApplicationCondition)

   WebSocketServletAutoConfiguration.TomcatWebSocketConfiguration matched:
      - @ConditionalOnClass found required classes 'org.apache.catalina.startup.Tomcat', 'org.apache.tomcat.websocket.server.WsSci' (OnClassCondition)

   WebSocketServletAutoConfiguration.TomcatWebSocketConfiguration#websocketServletWebServerCustomizer matched:
      - @ConditionalOnMissingBean (names: websocketServletWebServerCustomizer; SearchStrategy: all) did not find any beans (OnBeanCondition)


Negative matches:
-----------------

   ActiveMQAutoConfiguration:
      Did not match:
         - @ConditionalOnClass did not find required class 'jakarta.jms.ConnectionFactory' (OnClassCondition)

   AopAutoConfiguration.AspectJAutoProxyingConfiguration.JdkDynamicAutoProxyConfiguration:
      Did not match:
         - @ConditionalOnProperty (spring.aop.proxy-target-class=false) did not find property 'proxy-target-class' (OnPropertyCondition)

   AopAutoConfiguration.ClassProxyingConfiguration:
      Did not match:
         - @ConditionalOnMissingClass found unwanted class 'org.aspectj.weaver.Advice' (OnClassCondition)

   ArtemisAutoConfiguration:
      Did not match:
         - @ConditionalOnClass did not find required class 'jakarta.jms.ConnectionFactory' (OnClassCondition)

   BatchAutoConfiguration:
      Did not match:
         - @ConditionalOnClass did not find required class 'org.springframework.batch.core.launch.JobLauncher' (OnClassCondition)

   Cache2kCacheConfiguration:
      Did not match:
         - @ConditionalOnClass did not find required class 'org.cache2k.Cache2kBuilder' (OnClassCondition)

   CacheAutoConfiguration:
      Did not match:
         - @ConditionalOnBean (types: org.springframework.cache.interceptor.CacheAspectSupport; SearchStrategy: all) did not find any beans of type org.springframework.cache.interceptor.CacheAspectSupport (OnBeanCondition)
      Matched:
         - @ConditionalOnClass found required class 'org.springframework.cache.CacheManager' (OnClassCondition)

   CacheAutoConfiguration.CacheManagerEntityManagerFactoryDependsOnPostProcessor:
      Did not match:
         - Ancestor org.springframework.boot.autoconfigure.cache.CacheAutoConfiguration did not match (ConditionEvaluationReport.AncestorsMatchedCondition)
      Matched:
         - @ConditionalOnClass found required class 'org.springframework.orm.jpa.LocalContainerEntityManagerFactoryBean' (OnClassCondition)

   CaffeineCacheConfiguration:
      Did not match:
         - @ConditionalOnClass did not find required class 'com.github.benmanes.caffeine.cache.Caffeine' (OnClassCondition)

   CassandraAutoConfiguration:
      Did not match:
         - @ConditionalOnClass did not find required class 'com.datastax.oss.driver.api.core.CqlSession' (OnClassCondition)

   CassandraDataAutoConfiguration:
      Did not match:
         - @ConditionalOnClass did not find required class 'com.datastax.oss.driver.api.core.CqlSession' (OnClassCondition)

   CassandraReactiveDataAutoConfiguration:
      Did not match:
         - @ConditionalOnClass did not find required class 'com.datastax.oss.driver.api.core.CqlSession' (OnClassCondition)

   CassandraReactiveRepositoriesAutoConfiguration:
      Did not match:
         - @ConditionalOnClass did not find required class 'org.springframework.data.cassandra.ReactiveSession' (OnClassCondition)

   CassandraRepositoriesAutoConfiguration:
      Did not match:
         - @ConditionalOnClass did not find required class 'com.datastax.oss.driver.api.core.CqlSession' (OnClassCondition)

   ClientHttpConnectorAutoConfiguration:
      Did not match:
         - @ConditionalOnClass did not find required class 'org.springframework.web.reactive.function.client.WebClient' (OnClassCondition)

   CodecsAutoConfiguration:
      Did not match:
         - @ConditionalOnClass did not find required class 'org.springframework.web.reactive.function.client.WebClient' (OnClassCondition)

   CouchbaseAutoConfiguration:
      Did not match:
         - @ConditionalOnClass did not find required class 'com.couchbase.client.java.Cluster' (OnClassCondition)

   CouchbaseCacheConfiguration:
      Did not match:
         - @ConditionalOnClass did not find required class 'com.couchbase.client.java.Cluster' (OnClassCondition)

   CouchbaseDataAutoConfiguration:
      Did not match:
         - @ConditionalOnClass did not find required class 'com.couchbase.client.java.Bucket' (OnClassCondition)

   CouchbaseReactiveDataAutoConfiguration:
      Did not match:
         - @ConditionalOnClass did not find required class 'com.couchbase.client.java.Cluster' (OnClassCondition)

   CouchbaseReactiveRepositoriesAutoConfiguration:
      Did not match:
         - @ConditionalOnClass did not find required class 'com.couchbase.client.java.Cluster' (OnClassCondition)

   CouchbaseRepositoriesAutoConfiguration:
      Did not match:
         - @ConditionalOnClass did not find required class 'com.couchbase.client.java.Bucket' (OnClassCondition)

   DataSourceAutoConfiguration.EmbeddedDatabaseConfiguration:
      Did not match:
         - EmbeddedDataSource spring.datasource.url is set (DataSourceAutoConfiguration.EmbeddedDatabaseCondition)

   DataSourceCheckpointRestoreConfiguration:
      Did not match:
         - @ConditionalOnClass did not find required class 'org.crac.Resource' (OnClassCondition)

   DataSourceConfiguration.Dbcp2:
      Did not match:
         - @ConditionalOnClass did not find required class 'org.apache.commons.dbcp2.BasicDataSource' (OnClassCondition)

   DataSourceConfiguration.Generic:
      Did not match:
         - @ConditionalOnProperty (spring.datasource.type) did not find property 'spring.datasource.type' (OnPropertyCondition)

   DataSourceConfiguration.OracleUcp:
      Did not match:
         - @ConditionalOnClass did not find required classes 'oracle.ucp.jdbc.PoolDataSourceImpl', 'oracle.jdbc.OracleConnection' (OnClassCondition)

   DataSourceConfiguration.Tomcat:
      Did not match:
         - @ConditionalOnClass did not find required class 'org.apache.tomcat.jdbc.pool.DataSource' (OnClassCondition)

   DataSourceJmxConfiguration.TomcatDataSourceJmxConfiguration:
      Did not match:
         - @ConditionalOnClass did not find required class 'org.apache.tomcat.jdbc.pool.DataSourceProxy' (OnClassCondition)

   DataSourcePoolMetadataProvidersConfiguration.CommonsDbcp2PoolDataSourceMetadataProviderConfiguration:
      Did not match:
         - @ConditionalOnClass did not find required class 'org.apache.commons.dbcp2.BasicDataSource' (OnClassCondition)

   DataSourcePoolMetadataProvidersConfiguration.OracleUcpPoolDataSourceMetadataProviderConfiguration:
      Did not match:
         - @ConditionalOnClass did not find required classes 'oracle.ucp.jdbc.PoolDataSource', 'oracle.jdbc.OracleConnection' (OnClassCondition)

   DataSourcePoolMetadataProvidersConfiguration.TomcatDataSourcePoolMetadataProviderConfiguration:
      Did not match:
         - @ConditionalOnClass did not find required class 'org.apache.tomcat.jdbc.pool.DataSource' (OnClassCondition)

   DataSourceTransactionManagerAutoConfiguration.JdbcTransactionManagerConfiguration#transactionManager:
      Did not match:
         - @ConditionalOnMissingBean (types: org.springframework.transaction.TransactionManager; SearchStrategy: all) found beans of type 'org.springframework.transaction.TransactionManager' transactionManager (OnBeanCondition)

   DevToolsR2dbcAutoConfiguration:
      Did not match:
         - @ConditionalOnClass did not find required class 'io.r2dbc.spi.ConnectionFactory' (OnClassCondition)

   DispatcherServletAutoConfiguration.DispatcherServletConfiguration#multipartResolver:
      Did not match:
         - @ConditionalOnBean (types: org.springframework.web.multipart.MultipartResolver; SearchStrategy: all) did not find any beans of type org.springframework.web.multipart.MultipartResolver (OnBeanCondition)

   ElasticsearchClientAutoConfiguration:
      Did not match:
         - @ConditionalOnClass did not find required class 'co.elastic.clients.elasticsearch.ElasticsearchClient' (OnClassCondition)

   ElasticsearchDataAutoConfiguration:
      Did not match:
         - @ConditionalOnClass did not find required class 'org.springframework.data.elasticsearch.client.elc.ElasticsearchTemplate' (OnClassCondition)

   ElasticsearchRepositoriesAutoConfiguration:
      Did not match:
         - @ConditionalOnClass did not find required class 'org.springframework.data.elasticsearch.repository.ElasticsearchRepository' (OnClassCondition)

   ElasticsearchRestClientAutoConfiguration:
      Did not match:
         - @ConditionalOnClass did not find required class 'org.elasticsearch.client.RestClientBuilder' (OnClassCondition)

   EmbeddedLdapAutoConfiguration:
      Did not match:
         - @ConditionalOnClass did not find required class 'com.unboundid.ldap.listener.InMemoryDirectoryServer' (OnClassCondition)

   EmbeddedWebServerFactoryCustomizerAutoConfiguration.JettyWebServerFactoryCustomizerConfiguration:
      Did not match:
         - @ConditionalOnClass did not find required classes 'org.eclipse.jetty.server.Server', 'org.eclipse.jetty.util.Loader', 'org.eclipse.jetty.ee10.webapp.WebAppContext' (OnClassCondition)

   EmbeddedWebServerFactoryCustomizerAutoConfiguration.NettyWebServerFactoryCustomizerConfiguration:
      Did not match:
         - @ConditionalOnClass did not find required class 'reactor.netty.http.server.HttpServer' (OnClassCondition)

   EmbeddedWebServerFactoryCustomizerAutoConfiguration.TomcatWebServerFactoryCustomizerConfiguration#tomcatVirtualThreadsProtocolHandlerCustomizer:
      Did not match:
         - @ConditionalOnThreading did not find VIRTUAL (OnThreadingCondition)

   EmbeddedWebServerFactoryCustomizerAutoConfiguration.UndertowWebServerFactoryCustomizerConfiguration:
      Did not match:
         - @ConditionalOnClass did not find required classes 'io.undertow.Undertow', 'org.xnio.SslClientAuthMode' (OnClassCondition)

   ErrorWebFluxAutoConfiguration:
      Did not match:
         - @ConditionalOnClass did not find required class 'org.springframework.web.reactive.config.WebFluxConfigurer' (OnClassCondition)

   FlywayAutoConfiguration:
      Did not match:
         - @ConditionalOnClass did not find required class 'org.flywaydb.core.Flyway' (OnClassCondition)

   FreeMarkerAutoConfiguration:
      Did not match:
         - @ConditionalOnClass did not find required class 'freemarker.template.Configuration' (OnClassCondition)

   GraphQlAutoConfiguration:
      Did not match:
         - @ConditionalOnClass did not find required class 'graphql.GraphQL' (OnClassCondition)

   GraphQlQueryByExampleAutoConfiguration:
      Did not match:
         - @ConditionalOnClass did not find required class 'graphql.GraphQL' (OnClassCondition)

   GraphQlQuerydslAutoConfiguration:
      Did not match:
         - @ConditionalOnClass did not find required class 'com.querydsl.core.Query' (OnClassCondition)

   GraphQlRSocketAutoConfiguration:
      Did not match:
         - @ConditionalOnClass did not find required class 'graphql.GraphQL' (OnClassCondition)

   GraphQlReactiveQueryByExampleAutoConfiguration:
      Did not match:
         - @ConditionalOnClass did not find required class 'graphql.GraphQL' (OnClassCondition)

   GraphQlReactiveQuerydslAutoConfiguration:
      Did not match:
         - @ConditionalOnClass did not find required class 'com.querydsl.core.Query' (OnClassCondition)

   GraphQlWebFluxAutoConfiguration:
      Did not match:
         - @ConditionalOnClass did not find required class 'graphql.GraphQL' (OnClassCondition)

   GraphQlWebFluxSecurityAutoConfiguration:
      Did not match:
         - @ConditionalOnClass did not find required class 'graphql.GraphQL' (OnClassCondition)

   GraphQlWebMvcAutoConfiguration:
      Did not match:
         - @ConditionalOnClass did not find required class 'graphql.GraphQL' (OnClassCondition)

   GraphQlWebMvcSecurityAutoConfiguration:
      Did not match:
         - @ConditionalOnClass did not find required class 'graphql.GraphQL' (OnClassCondition)

   GroovyTemplateAutoConfiguration:
      Did not match:
         - @ConditionalOnClass did not find required class 'groovy.text.markup.MarkupTemplateEngine' (OnClassCondition)

   GsonHttpMessageConvertersConfiguration.GsonHttpMessageConverterConfiguration:
      Did not match:
         - AnyNestedCondition 0 matched 2 did not; NestedCondition on GsonHttpMessageConvertersConfiguration.PreferGsonOrJacksonAndJsonbUnavailableCondition.JacksonJsonbUnavailable NoneNestedConditions 1 matched 1 did not; NestedCondition on GsonHttpMessageConvertersConfiguration.JacksonAndJsonbUnavailableCondition.JsonbPreferred @ConditionalOnProperty (spring.mvc.converters.preferred-json-mapper=jsonb) did not find property 'spring.mvc.converters.preferred-json-mapper'; NestedCondition on GsonHttpMessageConvertersConfiguration.JacksonAndJsonbUnavailableCondition.JacksonAvailable @ConditionalOnBean (types: org.springframework.http.converter.json.MappingJackson2HttpMessageConverter; SearchStrategy: all) found bean 'mappingJackson2HttpMessageConverter'; NestedCondition on GsonHttpMessageConvertersConfiguration.PreferGsonOrJacksonAndJsonbUnavailableCondition.GsonPreferred @ConditionalOnProperty (spring.mvc.converters.preferred-json-mapper=gson) did not find property 'spring.mvc.converters.preferred-json-mapper' (GsonHttpMessageConvertersConfiguration.PreferGsonOrJacksonAndJsonbUnavailableCondition)

   H2ConsoleAutoConfiguration:
      Did not match:
         - @ConditionalOnClass did not find required class 'org.h2.server.web.JakartaWebServlet' (OnClassCondition)

   HazelcastAutoConfiguration:
      Did not match:
         - @ConditionalOnClass did not find required class 'com.hazelcast.core.HazelcastInstance' (OnClassCondition)

   HazelcastCacheConfiguration:
      Did not match:
         - @ConditionalOnClass did not find required class 'com.hazelcast.core.HazelcastInstance' (OnClassCondition)

   HazelcastJpaDependencyAutoConfiguration:
      Did not match:
         - @ConditionalOnClass did not find required class 'com.hazelcast.core.HazelcastInstance' (OnClassCondition)

   HttpHandlerAutoConfiguration:
      Did not match:
         - @ConditionalOnClass did not find required class 'org.springframework.web.reactive.DispatcherHandler' (OnClassCondition)

   HypermediaAutoConfiguration:
      Did not match:
         - @ConditionalOnClass did not find required class 'org.springframework.hateoas.EntityModel' (OnClassCondition)

   InfinispanCacheConfiguration:
      Did not match:
         - @ConditionalOnClass did not find required class 'org.infinispan.spring.embedded.provider.SpringEmbeddedCacheManager' (OnClassCondition)

   InfluxDbAutoConfiguration:
      Did not match:
         - @ConditionalOnClass did not find required class 'org.influxdb.InfluxDB' (OnClassCondition)

   IntegrationAutoConfiguration:
      Did not match:
         - @ConditionalOnClass did not find required class 'org.springframework.integration.config.EnableIntegration' (OnClassCondition)

   JCacheCacheConfiguration:
      Did not match:
         - @ConditionalOnClass did not find required class 'javax.cache.Caching' (OnClassCondition)

   JacksonHttpMessageConvertersConfiguration.MappingJackson2XmlHttpMessageConverterConfiguration:
      Did not match:
         - @ConditionalOnClass did not find required class 'com.fasterxml.jackson.dataformat.xml.XmlMapper' (OnClassCondition)

   JdbcRepositoriesAutoConfiguration:
      Did not match:
         - @ConditionalOnClass did not find required class 'org.springframework.data.jdbc.repository.config.AbstractJdbcConfiguration' (OnClassCondition)

   JerseyAutoConfiguration:
      Did not match:
         - @ConditionalOnClass did not find required class 'org.glassfish.jersey.server.spring.SpringComponentProvider' (OnClassCondition)

   JmsAutoConfiguration:
      Did not match:
         - @ConditionalOnClass did not find required class 'jakarta.jms.Message' (OnClassCondition)

   JmxAutoConfiguration:
      Did not match:
         - @ConditionalOnProperty (spring.jmx.enabled=true) did not find property 'enabled' (OnPropertyCondition)
      Matched:
         - @ConditionalOnClass found required class 'org.springframework.jmx.export.MBeanExporter' (OnClassCondition)

   JndiConnectionFactoryAutoConfiguration:
      Did not match:
         - @ConditionalOnClass did not find required class 'org.springframework.jms.core.JmsTemplate' (OnClassCondition)

   JndiDataSourceAutoConfiguration:
      Did not match:
         - @ConditionalOnProperty (spring.datasource.jndi-name) did not find property 'jndi-name' (OnPropertyCondition)
      Matched:
         - @ConditionalOnClass found required classes 'javax.sql.DataSource', 'org.springframework.jdbc.datasource.embedded.EmbeddedDatabaseType' (OnClassCondition)

   JndiJtaConfiguration:
      Did not match:
         - @ConditionalOnJndi JNDI environment is not available (OnJndiCondition)
      Matched:
         - @ConditionalOnClass found required class 'org.springframework.transaction.jta.JtaTransactionManager' (OnClassCondition)

   JooqAutoConfiguration:
      Did not match:
         - @ConditionalOnClass did not find required class 'org.jooq.DSLContext' (OnClassCondition)

   JpaRepositoriesAutoConfiguration#entityManagerFactoryBootstrapExecutorCustomizer:
      Did not match:
         - AnyNestedCondition 0 matched 2 did not; NestedCondition on JpaRepositoriesAutoConfiguration.BootstrapExecutorCondition.LazyBootstrapMode @ConditionalOnProperty (spring.data.jpa.repositories.bootstrap-mode=lazy) did not find property 'bootstrap-mode'; NestedCondition on JpaRepositoriesAutoConfiguration.BootstrapExecutorCondition.DeferredBootstrapMode @ConditionalOnProperty (spring.data.jpa.repositories.bootstrap-mode=deferred) did not find property 'bootstrap-mode' (JpaRepositoriesAutoConfiguration.BootstrapExecutorCondition)

   JsonbAutoConfiguration:
      Did not match:
         - @ConditionalOnClass did not find required class 'jakarta.json.bind.Jsonb' (OnClassCondition)

   JsonbHttpMessageConvertersConfiguration:
      Did not match:
         - @ConditionalOnClass did not find required class 'jakarta.json.bind.Jsonb' (OnClassCondition)

   KafkaAutoConfiguration:
      Did not match:
         - @ConditionalOnClass did not find required class 'org.springframework.kafka.core.KafkaTemplate' (OnClassCondition)

   LdapAutoConfiguration:
      Did not match:
         - @ConditionalOnClass did not find required class 'org.springframework.ldap.core.ContextSource' (OnClassCondition)

   LdapRepositoriesAutoConfiguration:
      Did not match:
         - @ConditionalOnClass did not find required class 'org.springframework.data.ldap.repository.LdapRepository' (OnClassCondition)

   LiquibaseAutoConfiguration:
      Did not match:
         - @ConditionalOnClass did not find required class 'liquibase.change.DatabaseChange' (OnClassCondition)

   MailSenderJndiConfiguration:
      Did not match:
         - @ConditionalOnProperty (spring.mail.jndi-name) did not find property 'jndi-name' (OnPropertyCondition)
      Matched:
         - @ConditionalOnClass found required class 'jakarta.mail.Session' (OnClassCondition)

   MailSenderValidatorAutoConfiguration:
      Did not match:
         - @ConditionalOnProperty (spring.mail.test-connection) did not find property 'test-connection' (OnPropertyCondition)

   MessageSourceAutoConfiguration:
      Did not match:
         - ResourceBundle did not find bundle with basename messages (MessageSourceAutoConfiguration.ResourceBundleCondition)

   MongoDataAutoConfiguration#mongoConnectionDetails:
      Did not match:
         - @ConditionalOnMissingBean (types: org.springframework.boot.autoconfigure.mongo.MongoConnectionDetails; SearchStrategy: all) found beans of type 'org.springframework.boot.autoconfigure.mongo.MongoConnectionDetails' mongoConnectionDetails (OnBeanCondition)

   MongoReactiveAutoConfiguration:
      Did not match:
         - @ConditionalOnClass did not find required class 'com.mongodb.reactivestreams.client.MongoClient' (OnClassCondition)

   MongoReactiveDataAutoConfiguration:
      Did not match:
         - @ConditionalOnClass did not find required class 'com.mongodb.reactivestreams.client.MongoClient' (OnClassCondition)

   MongoReactiveRepositoriesAutoConfiguration:
      Did not match:
         - @ConditionalOnClass did not find required class 'com.mongodb.reactivestreams.client.MongoClient' (OnClassCondition)

   MustacheAutoConfiguration:
      Did not match:
         - @ConditionalOnClass did not find required class 'com.samskivert.mustache.Mustache' (OnClassCondition)

   Neo4jAutoConfiguration:
      Did not match:
         - @ConditionalOnClass did not find required class 'org.neo4j.driver.Driver' (OnClassCondition)

   Neo4jDataAutoConfiguration:
      Did not match:
         - @ConditionalOnClass did not find required class 'org.neo4j.driver.Driver' (OnClassCondition)

   Neo4jReactiveDataAutoConfiguration:
      Did not match:
         - @ConditionalOnClass did not find required class 'org.neo4j.driver.Driver' (OnClassCondition)

   Neo4jReactiveRepositoriesAutoConfiguration:
      Did not match:
         - @ConditionalOnClass did not find required class 'org.neo4j.driver.Driver' (OnClassCondition)

   Neo4jRepositoriesAutoConfiguration:
      Did not match:
         - @ConditionalOnClass did not find required class 'org.neo4j.driver.Driver' (OnClassCondition)

   NettyAutoConfiguration:
      Did not match:
         - @ConditionalOnClass did not find required class 'io.netty.util.NettyRuntime' (OnClassCondition)

   OAuth2AuthorizationServerAutoConfiguration:
      Did not match:
         - @ConditionalOnClass did not find required class 'org.springframework.security.oauth2.server.authorization.OAuth2Authorization' (OnClassCondition)

   OAuth2AuthorizationServerJwtAutoConfiguration:
      Did not match:
         - @ConditionalOnClass did not find required class 'org.springframework.security.oauth2.server.authorization.OAuth2Authorization' (OnClassCondition)

   OAuth2ClientAutoConfiguration:
      Did not match:
         - @ConditionalOnClass did not find required class 'org.springframework.security.oauth2.client.registration.ClientRegistration' (OnClassCondition)

   OAuth2ResourceServerAutoConfiguration:
      Did not match:
         - @ConditionalOnClass did not find required class 'org.springframework.security.oauth2.server.resource.authentication.BearerTokenAuthenticationToken' (OnClassCondition)

   ProjectInfoAutoConfiguration#buildProperties:
      Did not match:
         - @ConditionalOnResource did not find resource '${spring.info.build.location:classpath:META-INF/build-info.properties}' (OnResourceCondition)

   ProjectInfoAutoConfiguration#gitProperties:
      Did not match:
         - GitResource did not find git info at classpath:git.properties (ProjectInfoAutoConfiguration.GitResourceAvailableCondition)

   PulsarAutoConfiguration:
      Did not match:
         - @ConditionalOnClass did not find required class 'org.apache.pulsar.client.api.PulsarClient' (OnClassCondition)

   PulsarReactiveAutoConfiguration:
      Did not match:
         - @ConditionalOnClass did not find required class 'org.apache.pulsar.client.api.PulsarClient' (OnClassCondition)

   QuartzAutoConfiguration:
      Did not match:
         - @ConditionalOnClass did not find required class 'org.quartz.Scheduler' (OnClassCondition)

   R2dbcAutoConfiguration:
      Did not match:
         - @ConditionalOnClass did not find required class 'io.r2dbc.spi.ConnectionFactory' (OnClassCondition)

   R2dbcDataAutoConfiguration:
      Did not match:
         - @ConditionalOnClass did not find required class 'org.springframework.data.r2dbc.core.R2dbcEntityTemplate' (OnClassCondition)

   R2dbcInitializationConfiguration:
      Did not match:
         - @ConditionalOnClass did not find required classes 'io.r2dbc.spi.ConnectionFactory', 'org.springframework.r2dbc.connection.init.DatabasePopulator' (OnClassCondition)

   R2dbcRepositoriesAutoConfiguration:
      Did not match:
         - @ConditionalOnClass did not find required class 'io.r2dbc.spi.ConnectionFactory' (OnClassCondition)

   R2dbcTransactionManagerAutoConfiguration:
      Did not match:
         - @ConditionalOnClass did not find required class 'org.springframework.r2dbc.connection.R2dbcTransactionManager' (OnClassCondition)

   RSocketGraphQlClientAutoConfiguration:
      Did not match:
         - @ConditionalOnClass did not find required class 'graphql.GraphQL' (OnClassCondition)

   RSocketMessagingAutoConfiguration:
      Did not match:
         - @ConditionalOnClass did not find required class 'io.rsocket.RSocket' (OnClassCondition)

   RSocketRequesterAutoConfiguration:
      Did not match:
         - @ConditionalOnClass did not find required class 'io.rsocket.RSocket' (OnClassCondition)

   RSocketSecurityAutoConfiguration:
      Did not match:
         - @ConditionalOnClass did not find required class 'org.springframework.security.rsocket.core.SecuritySocketAcceptorInterceptor' (OnClassCondition)

   RSocketServerAutoConfiguration:
      Did not match:
         - @ConditionalOnClass did not find required class 'io.rsocket.core.RSocketServer' (OnClassCondition)

   RSocketStrategiesAutoConfiguration:
      Did not match:
         - @ConditionalOnClass did not find required class 'io.netty.buffer.PooledByteBufAllocator' (OnClassCondition)

   RabbitAutoConfiguration:
      Did not match:
         - @ConditionalOnClass did not find required class 'com.rabbitmq.client.Channel' (OnClassCondition)

   ReactiveElasticsearchClientAutoConfiguration:
      Did not match:
         - @ConditionalOnClass did not find required class 'co.elastic.clients.transport.ElasticsearchTransport' (OnClassCondition)

   ReactiveElasticsearchRepositoriesAutoConfiguration:
      Did not match:
         - @ConditionalOnClass did not find required class 'reactor.core.publisher.Mono' (OnClassCondition)

   ReactiveMultipartAutoConfiguration:
      Did not match:
         - @ConditionalOnClass did not find required class 'org.springframework.web.reactive.config.WebFluxConfigurer' (OnClassCondition)

   ReactiveOAuth2ClientAutoConfiguration:
      Did not match:
         - @ConditionalOnClass did not find required class 'reactor.core.publisher.Flux' (OnClassCondition)

   ReactiveOAuth2ResourceServerAutoConfiguration:
      Did not match:
         - @ConditionalOnWebApplication did not find reactive web application classes (OnWebApplicationCondition)

   ReactiveSecurityAutoConfiguration:
      Did not match:
         - @ConditionalOnClass did not find required class 'reactor.core.publisher.Flux' (OnClassCondition)

   ReactiveUserDetailsServiceAutoConfiguration:
      Did not match:
         - AnyNestedCondition 0 matched 2 did not; NestedCondition on ReactiveUserDetailsServiceAutoConfiguration.RSocketEnabledOrReactiveWebApplication.ReactiveWebApplicationCondition did not find reactive web application classes; NestedCondition on ReactiveUserDetailsServiceAutoConfiguration.RSocketEnabledOrReactiveWebApplication.RSocketSecurityEnabledCondition @ConditionalOnBean (types: org.springframework.messaging.rsocket.annotation.support.RSocketMessageHandler; SearchStrategy: all) did not find any beans of type org.springframework.messaging.rsocket.annotation.support.RSocketMessageHandler (ReactiveUserDetailsServiceAutoConfiguration.RSocketEnabledOrReactiveWebApplication)
      Matched:
         - @ConditionalOnClass found required class 'org.springframework.security.authentication.ReactiveAuthenticationManager' (OnClassCondition)
         - AnyNestedCondition 1 matched 2 did not; NestedCondition on ReactiveUserDetailsServiceAutoConfiguration.MissingAlternativeOrUserPropertiesConfigured.PasswordConfigured @ConditionalOnProperty (spring.security.user.password) did not find property 'password'; NestedCondition on ReactiveUserDetailsServiceAutoConfiguration.MissingAlternativeOrUserPropertiesConfigured.NameConfigured @ConditionalOnProperty (spring.security.user.name) did not find property 'name'; NestedCondition on ReactiveUserDetailsServiceAutoConfiguration.MissingAlternativeOrUserPropertiesConfigured.MissingAlternative @ConditionalOnMissingClass did not find unwanted classes 'org.springframework.security.oauth2.client.registration.ClientRegistrationRepository', 'org.springframework.security.oauth2.server.resource.introspection.ReactiveOpaqueTokenIntrospector' (ReactiveUserDetailsServiceAutoConfiguration.MissingAlternativeOrUserPropertiesConfigured)

   ReactiveWebServerFactoryAutoConfiguration:
      Did not match:
         - @ConditionalOnWebApplication did not find reactive web application classes (OnWebApplicationCondition)

   ReactorAutoConfiguration:
      Did not match:
         - @ConditionalOnClass did not find required class 'reactor.core.publisher.Hooks' (OnClassCondition)

   RedisAutoConfiguration:
      Did not match:
         - @ConditionalOnClass did not find required class 'org.springframework.data.redis.core.RedisOperations' (OnClassCondition)

   RedisCacheConfiguration:
      Did not match:
         - @ConditionalOnClass did not find required class 'org.springframework.data.redis.connection.RedisConnectionFactory' (OnClassCondition)

   RedisReactiveAutoConfiguration:
      Did not match:
         - @ConditionalOnClass did not find required class 'reactor.core.publisher.Flux' (OnClassCondition)

   RedisRepositoriesAutoConfiguration:
      Did not match:
         - @ConditionalOnClass did not find required class 'org.springframework.data.redis.repository.configuration.EnableRedisRepositories' (OnClassCondition)

   RemoteDevToolsAutoConfiguration:
      Did not match:
         - @ConditionalOnProperty (spring.devtools.remote.secret) did not find property 'secret' (OnPropertyCondition)
      Matched:
         - @ConditionalOnClass found required classes 'jakarta.servlet.Filter', 'org.springframework.http.server.ServerHttpRequest' (OnClassCondition)

   RepositoryRestMvcAutoConfiguration:
      Did not match:
         - @ConditionalOnClass did not find required class 'org.springframework.data.rest.webmvc.config.RepositoryRestMvcConfiguration' (OnClassCondition)

   Saml2RelyingPartyAutoConfiguration:
      Did not match:
         - @ConditionalOnClass did not find required class 'org.springframework.security.saml2.provider.service.registration.RelyingPartyRegistrationRepository' (OnClassCondition)

   SecurityDataConfiguration:
      Did not match:
         - @ConditionalOnClass did not find required class 'org.springframework.security.data.repository.query.SecurityEvaluationContextExtension' (OnClassCondition)

   SendGridAutoConfiguration:
      Did not match:
         - @ConditionalOnClass did not find required class 'com.sendgrid.SendGrid' (OnClassCondition)

   ServletWebServerFactoryAutoConfiguration.ForwardedHeaderFilterConfiguration:
      Did not match:
         - @ConditionalOnProperty (server.forward-headers-strategy=framework) did not find property 'server.forward-headers-strategy' (OnPropertyCondition)

   ServletWebServerFactoryConfiguration.EmbeddedJetty:
      Did not match:
         - @ConditionalOnClass did not find required classes 'org.eclipse.jetty.server.Server', 'org.eclipse.jetty.util.Loader', 'org.eclipse.jetty.ee10.webapp.WebAppContext' (OnClassCondition)

   ServletWebServerFactoryConfiguration.EmbeddedUndertow:
      Did not match:
         - @ConditionalOnClass did not find required classes 'io.undertow.Undertow', 'org.xnio.SslClientAuthMode' (OnClassCondition)

   SessionAutoConfiguration:
      Did not match:
         - @ConditionalOnClass did not find required class 'org.springframework.session.Session' (OnClassCondition)

   SpringApplicationAdminJmxAutoConfiguration:
      Did not match:
         - @ConditionalOnProperty (spring.application.admin.enabled=true) did not find property 'enabled' (OnPropertyCondition)

   SpringBootWebSecurityConfiguration.SecurityFilterChainConfiguration:
      Did not match:
         - AllNestedConditions 1 matched 1 did not; NestedCondition on DefaultWebSecurityCondition.Beans @ConditionalOnMissingBean (types: org.springframework.security.web.SecurityFilterChain; SearchStrategy: all) found beans of type 'org.springframework.security.web.SecurityFilterChain' securityFilterChain; NestedCondition on DefaultWebSecurityCondition.Classes @ConditionalOnClass found required classes 'org.springframework.security.web.SecurityFilterChain', 'org.springframework.security.config.annotation.web.builders.HttpSecurity' (DefaultWebSecurityCondition)

   TaskExecutorConfigurations.SimpleAsyncTaskExecutorBuilderConfiguration#simpleAsyncTaskExecutorBuilderVirtualThreads:
      Did not match:
         - @ConditionalOnMissingBean (types: org.springframework.boot.task.SimpleAsyncTaskExecutorBuilder; SearchStrategy: all) found beans of type 'org.springframework.boot.task.SimpleAsyncTaskExecutorBuilder' simpleAsyncTaskExecutorBuilder (OnBeanCondition)

   TaskExecutorConfigurations.TaskExecutorConfiguration#applicationTaskExecutorVirtualThreads:
      Did not match:
         - @ConditionalOnThreading did not find VIRTUAL (OnThreadingCondition)

   TaskSchedulingAutoConfiguration#scheduledBeanLazyInitializationExcludeFilter:
      Did not match:
         - @ConditionalOnBean (names: org.springframework.context.annotation.internalScheduledAnnotationProcessor; SearchStrategy: all) did not find any beans named org.springframework.context.annotation.internalScheduledAnnotationProcessor (OnBeanCondition)

   TaskSchedulingConfigurations.SimpleAsyncTaskSchedulerBuilderConfiguration#simpleAsyncTaskSchedulerBuilderVirtualThreads:
      Did not match:
         - @ConditionalOnMissingBean (types: org.springframework.boot.task.SimpleAsyncTaskSchedulerBuilder; SearchStrategy: all) found beans of type 'org.springframework.boot.task.SimpleAsyncTaskSchedulerBuilder' simpleAsyncTaskSchedulerBuilder (OnBeanCondition)

   TaskSchedulingConfigurations.TaskSchedulerConfiguration:
      Did not match:
         - @ConditionalOnBean (names: org.springframework.context.annotation.internalScheduledAnnotationProcessor; SearchStrategy: all) did not find any beans named org.springframework.context.annotation.internalScheduledAnnotationProcessor (OnBeanCondition)

   ThymeleafAutoConfiguration:
      Did not match:
         - @ConditionalOnClass did not find required class 'org.thymeleaf.spring6.SpringTemplateEngine' (OnClassCondition)

   TransactionAutoConfiguration#transactionalOperator:
      Did not match:
         - @ConditionalOnSingleCandidate (types: org.springframework.transaction.ReactiveTransactionManager; SearchStrategy: all) did not find any beans (OnBeanCondition)

   TransactionAutoConfiguration.AspectJTransactionManagementConfiguration:
      Did not match:
         - @ConditionalOnBean (types: org.springframework.transaction.aspectj.AbstractTransactionAspect; SearchStrategy: all) did not find any beans of type org.springframework.transaction.aspectj.AbstractTransactionAspect (OnBeanCondition)

   TransactionAutoConfiguration.EnableTransactionManagementConfiguration.JdkDynamicAutoProxyConfiguration:
      Did not match:
         - @ConditionalOnProperty (spring.aop.proxy-target-class=false) did not find property 'proxy-target-class' (OnPropertyCondition)

   WebClientAutoConfiguration:
      Did not match:
         - @ConditionalOnClass did not find required class 'org.springframework.web.reactive.function.client.WebClient' (OnClassCondition)

   WebFluxAutoConfiguration:
      Did not match:
         - @ConditionalOnClass did not find required class 'org.springframework.web.reactive.config.WebFluxConfigurer' (OnClassCondition)

   WebMvcAutoConfiguration#hiddenHttpMethodFilter:
      Did not match:
         - @ConditionalOnProperty (spring.mvc.hiddenmethod.filter.enabled) did not find property 'enabled' (OnPropertyCondition)

   WebMvcAutoConfiguration.ProblemDetailsErrorHandlingConfiguration:
      Did not match:
         - @ConditionalOnProperty (spring.mvc.problemdetails.enabled=true) did not find property 'enabled' (OnPropertyCondition)

   WebMvcAutoConfiguration.ResourceChainCustomizerConfiguration:
      Did not match:
         - @ConditionalOnEnabledResourceChain did not find class org.webjars.WebJarAssetLocator (OnEnabledResourceChainCondition)

   WebMvcAutoConfiguration.WebMvcAutoConfigurationAdapter#beanNameViewResolver:
      Did not match:
         - @ConditionalOnMissingBean (types: org.springframework.web.servlet.view.BeanNameViewResolver; SearchStrategy: all) found beans of type 'org.springframework.web.servlet.view.BeanNameViewResolver' beanNameViewResolver (OnBeanCondition)

   WebServiceTemplateAutoConfiguration:
      Did not match:
         - @ConditionalOnClass did not find required class 'org.springframework.oxm.Marshaller' (OnClassCondition)

   WebServicesAutoConfiguration:
      Did not match:
         - @ConditionalOnClass did not find required class 'org.springframework.ws.transport.http.MessageDispatcherServlet' (OnClassCondition)

   WebSessionIdResolverAutoConfiguration:
      Did not match:
         - @ConditionalOnClass did not find required class 'reactor.core.publisher.Mono' (OnClassCondition)

   WebSocketMessagingAutoConfiguration:
      Did not match:
         - @ConditionalOnClass did not find required class 'org.springframework.web.socket.config.annotation.WebSocketMessageBrokerConfigurer' (OnClassCondition)

   WebSocketReactiveAutoConfiguration:
      Did not match:
         - @ConditionalOnWebApplication did not find reactive web application classes (OnWebApplicationCondition)

   WebSocketServletAutoConfiguration.JettyWebSocketConfiguration:
      Did not match:
         - @ConditionalOnClass did not find required class 'org.eclipse.jetty.ee10.websocket.jakarta.server.config.JakartaWebSocketServletContainerInitializer' (OnClassCondition)

   WebSocketServletAutoConfiguration.UndertowWebSocketConfiguration:
      Did not match:
         - @ConditionalOnClass did not find required class 'io.undertow.websockets.jsr.Bootstrap' (OnClassCondition)

   XADataSourceAutoConfiguration:
      Did not match:
         - @ConditionalOnBean (types: org.springframework.boot.jdbc.XADataSourceWrapper; SearchStrategy: all) did not find any beans of type org.springframework.boot.jdbc.XADataSourceWrapper (OnBeanCondition)
      Matched:
         - @ConditionalOnClass found required classes 'javax.sql.DataSource', 'jakarta.transaction.TransactionManager', 'org.springframework.jdbc.datasource.embedded.EmbeddedDatabaseType' (OnClassCondition)


Exclusions:
-----------

    None


Unconditional classes:
----------------------

    org.springframework.boot.autoconfigure.context.ConfigurationPropertiesAutoConfiguration

    org.springframework.boot.autoconfigure.ssl.SslAutoConfiguration

    org.springframework.boot.autoconfigure.context.PropertyPlaceholderAutoConfiguration

    org.springframework.boot.autoconfigure.context.LifecycleAutoConfiguration

    org.springframework.boot.autoconfigure.availability.ApplicationAvailabilityAutoConfiguration

    org.springframework.boot.autoconfigure.info.ProjectInfoAutoConfiguration



2026-04-10T10:20:13.636+02:00  INFO 31076 --- [  restartedMain] c.taekwondo.ClubTaekwondoApplication     : Started ClubTaekwondoApplication in 7.632 seconds (process running for 8.2)
2026-04-10T10:20:13.637+02:00 DEBUG 31076 --- [  restartedMain] o.s.b.a.ApplicationAvailabilityBean      : Application availability state LivenessState changed to CORRECT
2026-04-10T10:20:13.640+02:00  INFO 31076 --- [  restartedMain] club.taekwondo.config.AdminBootstrap     : [BOOTSTRAP] BOOTSTRAP_SUPER_ADMIN_EMAIL / BOOTSTRAP_SUPER_ADMIN_PASSWORD non définis, bootstrap super-admin ignoré.
2026-04-10T10:20:13.640+02:00  INFO 31076 --- [  restartedMain] club.taekwondo.config.AdminBootstrap     : [BOOTSTRAP] BOOTSTRAP_ADMIN_EMAIL / BOOTSTRAP_ADMIN_PASSWORD non définis, bootstrap admin ignoré.
2026-04-10T10:20:13.641+02:00 DEBUG 31076 --- [  restartedMain] o.s.boot.devtools.restart.Restarter      : Creating new Restarter for thread Thread[#1,main,5,main]
2026-04-10T10:20:13.641+02:00 DEBUG 31076 --- [  restartedMain] o.s.boot.devtools.restart.Restarter      : Immediately restarting application
2026-04-10T10:20:13.642+02:00 DEBUG 31076 --- [  restartedMain] o.s.boot.devtools.restart.Restarter      : Starting application club.taekwondo.ClubTaekwondoApplication with URLs [file:/C:/Users/ag/Desktop/autre/ProjetTaekwondo/backend-club-taekwondo/target/classes/]
[DEBUG] Profils Spring actifs : local
[DEBUG] URI MongoDB utilis�e : mongodb://localhost:27017/taekwondo_db
2026-04-10T10:20:13.643+02:00 DEBUG 31076 --- [  restartedMain] o.s.b.a.ApplicationAvailabilityBean      : Application availability state ReadinessState changed to ACCEPTING_TRAFFIC
ClubTaekwondoApplication demarre...
2026-04-10T10:20:38.896+02:00  INFO 31076 --- [nio-8081-exec-1] o.a.c.c.C.[Tomcat].[localhost].[/]       : Initializing Spring DispatcherServlet 'dispatcherServlet'
2026-04-10T10:20:38.896+02:00  INFO 31076 --- [nio-8081-exec-1] o.s.web.servlet.DispatcherServlet        : Initializing Servlet 'dispatcherServlet'
2026-04-10T10:20:38.896+02:00 DEBUG 31076 --- [nio-8081-exec-1] o.s.web.servlet.DispatcherServlet        : Detected StandardServletMultipartResolver
2026-04-10T10:20:38.897+02:00 DEBUG 31076 --- [nio-8081-exec-1] o.s.web.servlet.DispatcherServlet        : Detected AcceptHeaderLocaleResolver
2026-04-10T10:20:38.897+02:00 DEBUG 31076 --- [nio-8081-exec-1] o.s.web.servlet.DispatcherServlet        : Detected FixedThemeResolver
2026-04-10T10:20:38.898+02:00 DEBUG 31076 --- [nio-8081-exec-1] o.s.web.servlet.DispatcherServlet        : Detected org.springframework.web.servlet.view.DefaultRequestToViewNameTranslator@7e65e4bd
2026-04-10T10:20:38.898+02:00 DEBUG 31076 --- [nio-8081-exec-1] o.s.web.servlet.DispatcherServlet        : Detected org.springframework.web.servlet.support.SessionFlashMapManager@1cd942bf
2026-04-10T10:20:38.899+02:00 DEBUG 31076 --- [nio-8081-exec-1] o.s.web.servlet.DispatcherServlet        : enableLoggingRequestDetails='false': request parameters and headers will be masked to prevent unsafe logging of potentially sensitive data
2026-04-10T10:20:38.899+02:00  INFO 31076 --- [nio-8081-exec-1] o.s.web.servlet.DispatcherServlet        : Completed initialization in 3 ms
2026-04-10T10:20:38.917+02:00 DEBUG 31076 --- [nio-8081-exec-1] o.s.security.web.FilterChainProxy        : Securing GET /api/debug/whoami
2026-04-10T10:20:38.923+02:00 DEBUG 31076 --- [nio-8081-exec-1] club.taekwondo.config.JwtAuthFilter      : [SEC] Endpoint public ignoré: /api/debug/whoami
2026-04-10T10:20:38.925+02:00 DEBUG 31076 --- [nio-8081-exec-1] o.s.s.w.a.AnonymousAuthenticationFilter  : Set SecurityContextHolder to anonymous SecurityContext
2026-04-10T10:20:38.927+02:00 DEBUG 31076 --- [nio-8081-exec-1] o.s.security.web.FilterChainProxy        : Secured GET /api/debug/whoami
2026-04-10T10:20:38.927+02:00 DEBUG 31076 --- [nio-8081-exec-1] club.taekwondo.config.JwtAuthFilter      : [SEC] Endpoint public ignoré: /api/debug/whoami
2026-04-10T10:20:38.929+02:00 DEBUG 31076 --- [nio-8081-exec-1] o.s.web.servlet.DispatcherServlet        : GET "/api/debug/whoami", parameters={}
2026-04-10T10:20:38.931+02:00 DEBUG 31076 --- [nio-8081-exec-1] s.w.s.m.m.a.RequestMappingHandlerMapping : Mapped to club.taekwondo.controller.DebugAuthController#whoami(Authentication)
2026-04-10T10:20:38.962+02:00 DEBUG 31076 --- [nio-8081-exec-1] m.m.a.RequestResponseBodyMethodProcessor : Using 'application/json', given [*/*] and supported [application/json, application/*+json]
2026-04-10T10:20:38.962+02:00 DEBUG 31076 --- [nio-8081-exec-1] m.m.a.RequestResponseBodyMethodProcessor : Writing [{authenticated=false}]
2026-04-10T10:20:38.979+02:00 DEBUG 31076 --- [nio-8081-exec-1] o.s.web.servlet.DispatcherServlet        : Completed 200 OK
2026-04-10T10:20:50.020+02:00 DEBUG 31076 --- [nio-8081-exec-3] o.s.security.web.FilterChainProxy        : Securing POST /api/utilisateurs/login
2026-04-10T10:20:50.021+02:00 DEBUG 31076 --- [nio-8081-exec-3] club.taekwondo.config.JwtAuthFilter      : [SEC] Endpoint public ignoré: /api/utilisateurs/login
2026-04-10T10:20:50.021+02:00 DEBUG 31076 --- [nio-8081-exec-3] o.s.s.w.a.AnonymousAuthenticationFilter  : Set SecurityContextHolder to anonymous SecurityContext
2026-04-10T10:20:50.021+02:00 DEBUG 31076 --- [nio-8081-exec-3] o.s.security.web.FilterChainProxy        : Secured POST /api/utilisateurs/login
2026-04-10T10:20:50.021+02:00 DEBUG 31076 --- [nio-8081-exec-3] club.taekwondo.config.JwtAuthFilter      : [SEC] Endpoint public ignoré: /api/utilisateurs/login
2026-04-10T10:20:50.023+02:00 DEBUG 31076 --- [nio-8081-exec-3] o.s.web.servlet.DispatcherServlet        : POST "/api/utilisateurs/login", parameters={}
2026-04-10T10:20:50.023+02:00 DEBUG 31076 --- [nio-8081-exec-3] s.w.s.m.m.a.RequestMappingHandlerMapping : Mapped to club.taekwondo.controller.jpa.UtilisateurController#login(LoginDTO)
2026-04-10T10:20:50.038+02:00 DEBUG 31076 --- [nio-8081-exec-4] o.s.security.web.FilterChainProxy        : Securing POST /api/utilisateurs/login
2026-04-10T10:20:50.038+02:00 DEBUG 31076 --- [nio-8081-exec-4] club.taekwondo.config.JwtAuthFilter      : [SEC] Endpoint public ignoré: /api/utilisateurs/login
2026-04-10T10:20:50.039+02:00 DEBUG 31076 --- [nio-8081-exec-4] o.s.s.w.a.AnonymousAuthenticationFilter  : Set SecurityContextHolder to anonymous SecurityContext
2026-04-10T10:20:50.039+02:00 DEBUG 31076 --- [nio-8081-exec-4] o.s.security.web.FilterChainProxy        : Secured POST /api/utilisateurs/login
2026-04-10T10:20:50.039+02:00 DEBUG 31076 --- [nio-8081-exec-4] club.taekwondo.config.JwtAuthFilter      : [SEC] Endpoint public ignoré: /api/utilisateurs/login
2026-04-10T10:20:50.040+02:00 DEBUG 31076 --- [nio-8081-exec-4] o.s.web.servlet.DispatcherServlet        : POST "/api/utilisateurs/login", parameters={}
2026-04-10T10:20:50.040+02:00 DEBUG 31076 --- [nio-8081-exec-4] s.w.s.m.m.a.RequestMappingHandlerMapping : Mapped to club.taekwondo.controller.jpa.UtilisateurController#login(LoginDTO)
2026-04-10T10:20:50.068+02:00 DEBUG 31076 --- [nio-8081-exec-5] o.s.security.web.FilterChainProxy        : Securing POST /api/utilisateurs/login
2026-04-10T10:20:50.068+02:00 DEBUG 31076 --- [nio-8081-exec-5] club.taekwondo.config.JwtAuthFilter      : [SEC] Endpoint public ignoré: /api/utilisateurs/login
2026-04-10T10:20:50.069+02:00 DEBUG 31076 --- [nio-8081-exec-5] o.s.s.w.a.AnonymousAuthenticationFilter  : Set SecurityContextHolder to anonymous SecurityContext
2026-04-10T10:20:50.069+02:00 DEBUG 31076 --- [nio-8081-exec-5] o.s.security.web.FilterChainProxy        : Secured POST /api/utilisateurs/login
2026-04-10T10:20:50.069+02:00 DEBUG 31076 --- [nio-8081-exec-5] club.taekwondo.config.JwtAuthFilter      : [SEC] Endpoint public ignoré: /api/utilisateurs/login
2026-04-10T10:20:50.069+02:00 DEBUG 31076 --- [nio-8081-exec-5] o.s.web.servlet.DispatcherServlet        : POST "/api/utilisateurs/login", parameters={}
2026-04-10T10:20:50.071+02:00 DEBUG 31076 --- [nio-8081-exec-5] s.w.s.m.m.a.RequestMappingHandlerMapping : Mapped to club.taekwondo.controller.jpa.UtilisateurController#login(LoginDTO)
2026-04-10T10:20:50.077+02:00 DEBUG 31076 --- [nio-8081-exec-4] m.m.a.RequestResponseBodyMethodProcessor : Read "application/json;charset=UTF-8" to [club.taekwondo.dto.LoginDTO@3a157db3]
2026-04-10T10:20:50.077+02:00 DEBUG 31076 --- [nio-8081-exec-3] m.m.a.RequestResponseBodyMethodProcessor : Read "application/json;charset=UTF-8" to [club.taekwondo.dto.LoginDTO@4a79e1c9]
2026-04-10T10:20:50.077+02:00 DEBUG 31076 --- [nio-8081-exec-5] m.m.a.RequestResponseBodyMethodProcessor : Read "application/json;charset=UTF-8" to [club.taekwondo.dto.LoginDTO@a353a5]
[2026-04-10T10:20:50.084699900+02:00][USR][LOGIN] ? payload re�u
[2026-04-10T10:20:50.084699900+02:00][USR][LOGIN] ? payload re�u
[2026-04-10T10:20:50.084699900+02:00][USR][LOGIN] ? payload re�u
[2026-04-10T10:20:50.086191+02:00][USR-SVC][login] email=superadmin@club.local -> normalized=superadmin@club.local, password=***(8 chars)
[2026-04-10T10:20:50.086191+02:00][USR-SVC][login] email=adminvilleurbanne@gmail.com -> normalized=adminvilleurbanne@gmail.com, password=***(8 chars)
[2026-04-10T10:20:50.086191+02:00][USR-SVC][login] email=oce.gueye@gmail.com -> normalized=oce.gueye@gmail.com, password=***(8 chars)
2026-04-10T10:20:50.089+02:00 DEBUG 31076 --- [nio-8081-exec-6] o.s.security.web.FilterChainProxy        : Securing POST /api/utilisateurs/login
2026-04-10T10:20:50.090+02:00 DEBUG 31076 --- [nio-8081-exec-6] club.taekwondo.config.JwtAuthFilter      : [SEC] Endpoint public ignoré: /api/utilisateurs/login
2026-04-10T10:20:50.090+02:00 DEBUG 31076 --- [nio-8081-exec-6] o.s.s.w.a.AnonymousAuthenticationFilter  : Set SecurityContextHolder to anonymous SecurityContext
2026-04-10T10:20:50.090+02:00 DEBUG 31076 --- [nio-8081-exec-6] o.s.security.web.FilterChainProxy        : Secured POST /api/utilisateurs/login
2026-04-10T10:20:50.090+02:00 DEBUG 31076 --- [nio-8081-exec-6] club.taekwondo.config.JwtAuthFilter      : [SEC] Endpoint public ignoré: /api/utilisateurs/login
2026-04-10T10:20:50.092+02:00 DEBUG 31076 --- [nio-8081-exec-6] o.s.web.servlet.DispatcherServlet        : POST "/api/utilisateurs/login", parameters={}
2026-04-10T10:20:50.092+02:00 DEBUG 31076 --- [nio-8081-exec-6] s.w.s.m.m.a.RequestMappingHandlerMapping : Mapped to club.taekwondo.controller.jpa.UtilisateurController#login(LoginDTO)
2026-04-10T10:20:50.093+02:00 DEBUG 31076 --- [nio-8081-exec-6] m.m.a.RequestResponseBodyMethodProcessor : Read "application/json;charset=UTF-8" to [club.taekwondo.dto.LoginDTO@68f9e93d]
[2026-04-10T10:20:50.093421600+02:00][USR][LOGIN] ? payload re�u
[2026-04-10T10:20:50.093421600+02:00][USR-SVC][login] email=alizee.gueye@gmail.com -> normalized=alizee.gueye@gmail.com, password=***(8 chars)
2026-04-10T10:20:50.191+02:00 DEBUG 31076 --- [nio-8081-exec-5] org.hibernate.SQL                        : select u1_0.id,u1_0.adresse,u1_0.club_id,u1_0.date_naissance,u1_0.email,u1_0.nom,u1_0.password,u1_0.password_temporaire,u1_0.password_updated_at,u1_0.prenom,u1_0.role,u1_0.telephone from utilisateur u1_0 where upper(u1_0.email)=upper(?)
Hibernate: select u1_0.id,u1_0.adresse,u1_0.club_id,u1_0.date_naissance,u1_0.email,u1_0.nom,u1_0.password,u1_0.password_temporaire,u1_0.password_updated_at,u1_0.prenom,u1_0.role,u1_0.telephone from utilisateur u1_0 where upper(u1_0.email)=upper(?)
2026-04-10T10:20:50.191+02:00 DEBUG 31076 --- [nio-8081-exec-3] org.hibernate.SQL                        : select u1_0.id,u1_0.adresse,u1_0.club_id,u1_0.date_naissance,u1_0.email,u1_0.nom,u1_0.password,u1_0.password_temporaire,u1_0.password_updated_at,u1_0.prenom,u1_0.role,u1_0.telephone from utilisateur u1_0 where upper(u1_0.email)=upper(?)
Hibernate: select u1_0.id,u1_0.adresse,u1_0.club_id,u1_0.date_naissance,u1_0.email,u1_0.nom,u1_0.password,u1_0.password_temporaire,u1_0.password_updated_at,u1_0.prenom,u1_0.role,u1_0.telephone from utilisateur u1_0 where upper(u1_0.email)=upper(?)
2026-04-10T10:20:50.191+02:00 DEBUG 31076 --- [nio-8081-exec-4] org.hibernate.SQL                        : select u1_0.id,u1_0.adresse,u1_0.club_id,u1_0.date_naissance,u1_0.email,u1_0.nom,u1_0.password,u1_0.password_temporaire,u1_0.password_updated_at,u1_0.prenom,u1_0.role,u1_0.telephone from utilisateur u1_0 where upper(u1_0.email)=upper(?)
Hibernate: select u1_0.id,u1_0.adresse,u1_0.club_id,u1_0.date_naissance,u1_0.email,u1_0.nom,u1_0.password,u1_0.password_temporaire,u1_0.password_updated_at,u1_0.prenom,u1_0.role,u1_0.telephone from utilisateur u1_0 where upper(u1_0.email)=upper(?)
2026-04-10T10:20:50.191+02:00 DEBUG 31076 --- [nio-8081-exec-6] org.hibernate.SQL                        : select u1_0.id,u1_0.adresse,u1_0.club_id,u1_0.date_naissance,u1_0.email,u1_0.nom,u1_0.password,u1_0.password_temporaire,u1_0.password_updated_at,u1_0.prenom,u1_0.role,u1_0.telephone from utilisateur u1_0 where upper(u1_0.email)=upper(?)
Hibernate: select u1_0.id,u1_0.adresse,u1_0.club_id,u1_0.date_naissance,u1_0.email,u1_0.nom,u1_0.password,u1_0.password_temporaire,u1_0.password_updated_at,u1_0.prenom,u1_0.role,u1_0.telephone from utilisateur u1_0 where upper(u1_0.email)=upper(?)
2026-04-10T10:20:50.211+02:00 DEBUG 31076 --- [nio-8081-exec-3] org.hibernate.SQL                        : select m1_0.id,m1_0.ceinture,m1_0.club_id,cu1_0.id,cu1_0.adresse,c2_0.id,c2_0.adresse,c2_0.email,c2_0.logo,c2_0.name,c2_0.telephone,cu1_0.date_naissance,cu1_0.email,cu1_0.nom,cu1_0.password,cu1_0.password_temporaire,cu1_0.password_updated_at,cu1_0.prenom,cu1_0.role,cu1_0.telephone,m1_0.date_naissance,m1_0.est_adulte,m1_0.nom,m1_0.numero_licence,m1_0.parent_id,m1_0.prenom from membre m1_0 left join utilisateur cu1_0 on cu1_0.id=m1_0.compte_utilisateur_id left join clubs c2_0 on c2_0.id=cu1_0.club_id where m1_0.compte_utilisateur_id=?
Hibernate: select m1_0.id,m1_0.ceinture,m1_0.club_id,cu1_0.id,cu1_0.adresse,c2_0.id,c2_0.adresse,c2_0.email,c2_0.logo,c2_0.name,c2_0.telephone,cu1_0.date_naissance,cu1_0.email,cu1_0.nom,cu1_0.password,cu1_0.password_temporaire,cu1_0.password_updated_at,cu1_0.prenom,cu1_0.role,cu1_0.telephone,m1_0.date_naissance,m1_0.est_adulte,m1_0.nom,m1_0.numero_licence,m1_0.parent_id,m1_0.prenom from membre m1_0 left join utilisateur cu1_0 on cu1_0.id=m1_0.compte_utilisateur_id left join clubs c2_0 on c2_0.id=cu1_0.club_id where m1_0.compte_utilisateur_id=?
2026-04-10T10:20:50.212+02:00 DEBUG 31076 --- [nio-8081-exec-4] org.hibernate.SQL                        : select c1_0.id,c1_0.adresse,c1_0.email,c1_0.logo,c1_0.name,c1_0.telephone from clubs c1_0 where c1_0.id=?
Hibernate: select c1_0.id,c1_0.adresse,c1_0.email,c1_0.logo,c1_0.name,c1_0.telephone from clubs c1_0 where c1_0.id=?
2026-04-10T10:20:50.212+02:00 DEBUG 31076 --- [nio-8081-exec-6] org.hibernate.SQL                        : select c1_0.id,c1_0.adresse,c1_0.email,c1_0.logo,c1_0.name,c1_0.telephone from clubs c1_0 where c1_0.id=?
Hibernate: select c1_0.id,c1_0.adresse,c1_0.email,c1_0.logo,c1_0.name,c1_0.telephone from clubs c1_0 where c1_0.id=?
2026-04-10T10:20:50.212+02:00 DEBUG 31076 --- [nio-8081-exec-5] org.hibernate.SQL                        : select c1_0.id,c1_0.adresse,c1_0.email,c1_0.logo,c1_0.name,c1_0.telephone from clubs c1_0 where c1_0.id=?
Hibernate: select c1_0.id,c1_0.adresse,c1_0.email,c1_0.logo,c1_0.name,c1_0.telephone from clubs c1_0 where c1_0.id=?
2026-04-10T10:20:50.222+02:00 DEBUG 31076 --- [nio-8081-exec-6] org.hibernate.SQL                        : select m1_0.id,m1_0.ceinture,m1_0.club_id,cu1_0.id,cu1_0.adresse,c2_0.id,c2_0.adresse,c2_0.email,c2_0.logo,c2_0.name,c2_0.telephone,cu1_0.date_naissance,cu1_0.email,cu1_0.nom,cu1_0.password,cu1_0.password_temporaire,cu1_0.password_updated_at,cu1_0.prenom,cu1_0.role,cu1_0.telephone,m1_0.date_naissance,m1_0.est_adulte,m1_0.nom,m1_0.numero_licence,m1_0.parent_id,m1_0.prenom from membre m1_0 left join utilisateur cu1_0 on cu1_0.id=m1_0.compte_utilisateur_id left join clubs c2_0 on c2_0.id=cu1_0.club_id where m1_0.compte_utilisateur_id=?
Hibernate: select m1_0.id,m1_0.ceinture,m1_0.club_id,cu1_0.id,cu1_0.adresse,c2_0.id,c2_0.adresse,c2_0.email,c2_0.logo,c2_0.name,c2_0.telephone,cu1_0.date_naissance,cu1_0.email,cu1_0.nom,cu1_0.password,cu1_0.password_temporaire,cu1_0.password_updated_at,cu1_0.prenom,cu1_0.role,cu1_0.telephone,m1_0.date_naissance,m1_0.est_adulte,m1_0.nom,m1_0.numero_licence,m1_0.parent_id,m1_0.prenom from membre m1_0 left join utilisateur cu1_0 on cu1_0.id=m1_0.compte_utilisateur_id left join clubs c2_0 on c2_0.id=cu1_0.club_id where m1_0.compte_utilisateur_id=?
2026-04-10T10:20:50.222+02:00 DEBUG 31076 --- [nio-8081-exec-4] org.hibernate.SQL                        : select m1_0.id,m1_0.ceinture,m1_0.club_id,cu1_0.id,cu1_0.adresse,c2_0.id,c2_0.adresse,c2_0.email,c2_0.logo,c2_0.name,c2_0.telephone,cu1_0.date_naissance,cu1_0.email,cu1_0.nom,cu1_0.password,cu1_0.password_temporaire,cu1_0.password_updated_at,cu1_0.prenom,cu1_0.role,cu1_0.telephone,m1_0.date_naissance,m1_0.est_adulte,m1_0.nom,m1_0.numero_licence,m1_0.parent_id,m1_0.prenom from membre m1_0 left join utilisateur cu1_0 on cu1_0.id=m1_0.compte_utilisateur_id left join clubs c2_0 on c2_0.id=cu1_0.club_id where m1_0.compte_utilisateur_id=?
Hibernate: select m1_0.id,m1_0.ceinture,m1_0.club_id,cu1_0.id,cu1_0.adresse,c2_0.id,c2_0.adresse,c2_0.email,c2_0.logo,c2_0.name,c2_0.telephone,cu1_0.date_naissance,cu1_0.email,cu1_0.nom,cu1_0.password,cu1_0.password_temporaire,cu1_0.password_updated_at,cu1_0.prenom,cu1_0.role,cu1_0.telephone,m1_0.date_naissance,m1_0.est_adulte,m1_0.nom,m1_0.numero_licence,m1_0.parent_id,m1_0.prenom from membre m1_0 left join utilisateur cu1_0 on cu1_0.id=m1_0.compte_utilisateur_id left join clubs c2_0 on c2_0.id=cu1_0.club_id where m1_0.compte_utilisateur_id=?
2026-04-10T10:20:50.222+02:00 DEBUG 31076 --- [nio-8081-exec-5] org.hibernate.SQL                        : select m1_0.id,m1_0.ceinture,m1_0.club_id,cu1_0.id,cu1_0.adresse,c2_0.id,c2_0.adresse,c2_0.email,c2_0.logo,c2_0.name,c2_0.telephone,cu1_0.date_naissance,cu1_0.email,cu1_0.nom,cu1_0.password,cu1_0.password_temporaire,cu1_0.password_updated_at,cu1_0.prenom,cu1_0.role,cu1_0.telephone,m1_0.date_naissance,m1_0.est_adulte,m1_0.nom,m1_0.numero_licence,m1_0.parent_id,m1_0.prenom from membre m1_0 left join utilisateur cu1_0 on cu1_0.id=m1_0.compte_utilisateur_id left join clubs c2_0 on c2_0.id=cu1_0.club_id where m1_0.compte_utilisateur_id=?
Hibernate: select m1_0.id,m1_0.ceinture,m1_0.club_id,cu1_0.id,cu1_0.adresse,c2_0.id,c2_0.adresse,c2_0.email,c2_0.logo,c2_0.name,c2_0.telephone,cu1_0.date_naissance,cu1_0.email,cu1_0.nom,cu1_0.password,cu1_0.password_temporaire,cu1_0.password_updated_at,cu1_0.prenom,cu1_0.role,cu1_0.telephone,m1_0.date_naissance,m1_0.est_adulte,m1_0.nom,m1_0.numero_licence,m1_0.parent_id,m1_0.prenom from membre m1_0 left join utilisateur cu1_0 on cu1_0.id=m1_0.compte_utilisateur_id left join clubs c2_0 on c2_0.id=cu1_0.club_id where m1_0.compte_utilisateur_id=?
2026-04-10T10:20:50.224+02:00  WARN 31076 --- [nio-8081-exec-3] o.s.s.c.bcrypt.BCryptPasswordEncoder     : Encoded password does not look like BCrypt
2026-04-10T10:20:50.224+02:00  WARN 31076 --- [nio-8081-exec-5] o.s.s.c.bcrypt.BCryptPasswordEncoder     : Encoded password does not look like BCrypt
2026-04-10T10:20:50.225+02:00  WARN 31076 --- [nio-8081-exec-4] o.s.s.c.bcrypt.BCryptPasswordEncoder     : Encoded password does not look like BCrypt
[2026-04-10T10:20:50.226195800+02:00][USR-SVC][login] password matches? false for userId=3
[2026-04-10T10:20:50.224322+02:00][USR-SVC][login] password matches? false for userId=1
[2026-04-10T10:20:50.225691200+02:00][USR-SVC][login] password matches? false for userId=5
2026-04-10T10:20:50.227+02:00  WARN 31076 --- [nio-8081-exec-6] o.s.s.c.bcrypt.BCryptPasswordEncoder     : Encoded password does not look like BCrypt
[2026-04-10T10:20:50.227778400+02:00][USR-SVC][login] success? false
[2026-04-10T10:20:50.227778400+02:00][USR-SVC][login] success? false
[2026-04-10T10:20:50.227778400+02:00][USR-SVC][login] success? false
[2026-04-10T10:20:50.227778400+02:00][USR-SVC][login] password matches? false for userId=9
[2026-04-10T10:20:50.228291700+02:00][USR-SVC][login] success? false
2026-04-10T10:20:50.236+02:00 DEBUG 31076 --- [nio-8081-exec-5] o.s.w.s.m.m.a.HttpEntityMethodProcessor  : Using 'application/json', given [*/*] and supported [application/json, application/*+json]
2026-04-10T10:20:50.236+02:00 DEBUG 31076 --- [nio-8081-exec-3] o.s.w.s.m.m.a.HttpEntityMethodProcessor  : Using 'application/json', given [*/*] and supported [application/json, application/*+json]
2026-04-10T10:20:50.236+02:00 DEBUG 31076 --- [nio-8081-exec-4] o.s.w.s.m.m.a.HttpEntityMethodProcessor  : Using 'application/json', given [*/*] and supported [application/json, application/*+json]
2026-04-10T10:20:50.236+02:00 DEBUG 31076 --- [nio-8081-exec-6] o.s.w.s.m.m.a.HttpEntityMethodProcessor  : Using 'application/json', given [*/*] and supported [application/json, application/*+json]
2026-04-10T10:20:50.236+02:00 DEBUG 31076 --- [nio-8081-exec-5] o.s.w.s.m.m.a.HttpEntityMethodProcessor  : Writing [{message=Email ou mot de passe incorrect.}]
2026-04-10T10:20:50.236+02:00 DEBUG 31076 --- [nio-8081-exec-3] o.s.w.s.m.m.a.HttpEntityMethodProcessor  : Writing [{message=Email ou mot de passe incorrect.}]
2026-04-10T10:20:50.237+02:00 DEBUG 31076 --- [nio-8081-exec-4] o.s.w.s.m.m.a.HttpEntityMethodProcessor  : Writing [{message=Email ou mot de passe incorrect.}]
2026-04-10T10:20:50.237+02:00 DEBUG 31076 --- [nio-8081-exec-6] o.s.w.s.m.m.a.HttpEntityMethodProcessor  : Writing [{message=Email ou mot de passe incorrect.}]
2026-04-10T10:20:50.240+02:00 DEBUG 31076 --- [nio-8081-exec-4] o.s.web.servlet.DispatcherServlet        : Completed 401 UNAUTHORIZED
2026-04-10T10:20:50.240+02:00 DEBUG 31076 --- [nio-8081-exec-6] o.s.web.servlet.DispatcherServlet        : Completed 401 UNAUTHORIZED
2026-04-10T10:20:50.240+02:00 DEBUG 31076 --- [nio-8081-exec-3] o.s.web.servlet.DispatcherServlet        : Completed 401 UNAUTHORIZED
2026-04-10T10:20:50.240+02:00 DEBUG 31076 --- [nio-8081-exec-5] o.s.web.servlet.DispatcherServlet        : Completed 401 UNAUTHORIZED
2026-04-10T10:21:13.396+02:00 DEBUG 31076 --- [nio-8081-exec-1] o.s.security.web.FilterChainProxy        : Securing POST /api/utilisateurs/login
2026-04-10T10:21:13.397+02:00 DEBUG 31076 --- [nio-8081-exec-1] club.taekwondo.config.JwtAuthFilter      : [SEC] Endpoint public ignoré: /api/utilisateurs/login
2026-04-10T10:21:13.397+02:00 DEBUG 31076 --- [nio-8081-exec-1] o.s.s.w.a.AnonymousAuthenticationFilter  : Set SecurityContextHolder to anonymous SecurityContext
2026-04-10T10:21:13.397+02:00 DEBUG 31076 --- [nio-8081-exec-1] o.s.security.web.FilterChainProxy        : Secured POST /api/utilisateurs/login
2026-04-10T10:21:13.398+02:00 DEBUG 31076 --- [nio-8081-exec-1] club.taekwondo.config.JwtAuthFilter      : [SEC] Endpoint public ignoré: /api/utilisateurs/login
2026-04-10T10:21:13.398+02:00 DEBUG 31076 --- [nio-8081-exec-1] o.s.web.servlet.DispatcherServlet        : POST "/api/utilisateurs/login", parameters={}
2026-04-10T10:21:13.398+02:00 DEBUG 31076 --- [nio-8081-exec-1] s.w.s.m.m.a.RequestMappingHandlerMapping : Mapped to club.taekwondo.controller.jpa.UtilisateurController#login(LoginDTO)
2026-04-10T10:21:13.399+02:00 DEBUG 31076 --- [nio-8081-exec-1] m.m.a.RequestResponseBodyMethodProcessor : Read "application/json;charset=UTF-8" to [club.taekwondo.dto.LoginDTO@1d40f643]
[2026-04-10T10:21:13.399680900+02:00][USR][LOGIN] ? payload re�u
[2026-04-10T10:21:13.399680900+02:00][USR-SVC][login] email=superadmin@club.local -> normalized=superadmin@club.local, password=***(8 chars)
2026-04-10T10:21:13.400+02:00 DEBUG 31076 --- [nio-8081-exec-1] org.hibernate.SQL                        : select u1_0.id,u1_0.adresse,u1_0.club_id,u1_0.date_naissance,u1_0.email,u1_0.nom,u1_0.password,u1_0.password_temporaire,u1_0.password_updated_at,u1_0.prenom,u1_0.role,u1_0.telephone from utilisateur u1_0 where upper(u1_0.email)=upper(?)
Hibernate: select u1_0.id,u1_0.adresse,u1_0.club_id,u1_0.date_naissance,u1_0.email,u1_0.nom,u1_0.password,u1_0.password_temporaire,u1_0.password_updated_at,u1_0.prenom,u1_0.role,u1_0.telephone from utilisateur u1_0 where upper(u1_0.email)=upper(?)
2026-04-10T10:21:13.402+02:00 DEBUG 31076 --- [nio-8081-exec-1] org.hibernate.SQL                        : select m1_0.id,m1_0.ceinture,m1_0.club_id,cu1_0.id,cu1_0.adresse,c2_0.id,c2_0.adresse,c2_0.email,c2_0.logo,c2_0.name,c2_0.telephone,cu1_0.date_naissance,cu1_0.email,cu1_0.nom,cu1_0.password,cu1_0.password_temporaire,cu1_0.password_updated_at,cu1_0.prenom,cu1_0.role,cu1_0.telephone,m1_0.date_naissance,m1_0.est_adulte,m1_0.nom,m1_0.numero_licence,m1_0.parent_id,m1_0.prenom from membre m1_0 left join utilisateur cu1_0 on cu1_0.id=m1_0.compte_utilisateur_id left join clubs c2_0 on c2_0.id=cu1_0.club_id where m1_0.compte_utilisateur_id=?
Hibernate: select m1_0.id,m1_0.ceinture,m1_0.club_id,cu1_0.id,cu1_0.adresse,c2_0.id,c2_0.adresse,c2_0.email,c2_0.logo,c2_0.name,c2_0.telephone,cu1_0.date_naissance,cu1_0.email,cu1_0.nom,cu1_0.password,cu1_0.password_temporaire,cu1_0.password_updated_at,cu1_0.prenom,cu1_0.role,cu1_0.telephone,m1_0.date_naissance,m1_0.est_adulte,m1_0.nom,m1_0.numero_licence,m1_0.parent_id,m1_0.prenom from membre m1_0 left join utilisateur cu1_0 on cu1_0.id=m1_0.compte_utilisateur_id left join clubs c2_0 on c2_0.id=cu1_0.club_id where m1_0.compte_utilisateur_id=?
2026-04-10T10:21:13.403+02:00  WARN 31076 --- [nio-8081-exec-1] o.s.s.c.bcrypt.BCryptPasswordEncoder     : Encoded password does not look like BCrypt
[2026-04-10T10:21:13.403681500+02:00][USR-SVC][login] password matches? false for userId=1
[2026-04-10T10:21:13.403681500+02:00][USR-SVC][login] success? false
2026-04-10T10:21:13.403+02:00 DEBUG 31076 --- [nio-8081-exec-1] o.s.w.s.m.m.a.HttpEntityMethodProcessor  : Using 'application/json', given [*/*] and supported [application/json, application/*+json]
2026-04-10T10:21:13.403+02:00 DEBUG 31076 --- [nio-8081-exec-1] o.s.w.s.m.m.a.HttpEntityMethodProcessor  : Writing [{message=Email ou mot de passe incorrect.}]
2026-04-10T10:21:13.404+02:00 DEBUG 31076 --- [nio-8081-exec-1] o.s.web.servlet.DispatcherServlet        : Completed 401 UNAUTHORIZED
2026-04-10T10:21:52.252+02:00 DEBUG 31076 --- [nio-8081-exec-4] o.s.security.web.FilterChainProxy        : Securing POST /api/utilisateurs/login
2026-04-10T10:21:52.252+02:00 DEBUG 31076 --- [nio-8081-exec-4] club.taekwondo.config.JwtAuthFilter      : [SEC] Endpoint public ignoré: /api/utilisateurs/login
2026-04-10T10:21:52.253+02:00 DEBUG 31076 --- [nio-8081-exec-4] o.s.s.w.a.AnonymousAuthenticationFilter  : Set SecurityContextHolder to anonymous SecurityContext
2026-04-10T10:21:52.253+02:00 DEBUG 31076 --- [nio-8081-exec-4] o.s.security.web.FilterChainProxy        : Secured POST /api/utilisateurs/login
2026-04-10T10:21:52.253+02:00 DEBUG 31076 --- [nio-8081-exec-4] club.taekwondo.config.JwtAuthFilter      : [SEC] Endpoint public ignoré: /api/utilisateurs/login
2026-04-10T10:21:52.254+02:00 DEBUG 31076 --- [nio-8081-exec-4] o.s.web.servlet.DispatcherServlet        : POST "/api/utilisateurs/login", parameters={}
2026-04-10T10:21:52.254+02:00 DEBUG 31076 --- [nio-8081-exec-4] s.w.s.m.m.a.RequestMappingHandlerMapping : Mapped to club.taekwondo.controller.jpa.UtilisateurController#login(LoginDTO)
2026-04-10T10:21:52.256+02:00 DEBUG 31076 --- [nio-8081-exec-4] m.m.a.RequestResponseBodyMethodProcessor : Read "application/json;charset=UTF-8" to [club.taekwondo.dto.LoginDTO@46497dcf]
[2026-04-10T10:21:52.256200700+02:00][USR][LOGIN] ? payload re�u
[2026-04-10T10:21:52.257207400+02:00][USR-SVC][login] email=superadmin@club.local -> normalized=superadmin@club.local, password=***(8 chars)
2026-04-10T10:21:52.258+02:00 DEBUG 31076 --- [nio-8081-exec-4] org.hibernate.SQL                        : select u1_0.id,u1_0.adresse,u1_0.club_id,u1_0.date_naissance,u1_0.email,u1_0.nom,u1_0.password,u1_0.password_temporaire,u1_0.password_updated_at,u1_0.prenom,u1_0.role,u1_0.telephone from utilisateur u1_0 where upper(u1_0.email)=upper(?)
Hibernate: select u1_0.id,u1_0.adresse,u1_0.club_id,u1_0.date_naissance,u1_0.email,u1_0.nom,u1_0.password,u1_0.password_temporaire,u1_0.password_updated_at,u1_0.prenom,u1_0.role,u1_0.telephone from utilisateur u1_0 where upper(u1_0.email)=upper(?)
2026-04-10T10:21:52.260+02:00 DEBUG 31076 --- [nio-8081-exec-4] org.hibernate.SQL                        : select m1_0.id,m1_0.ceinture,m1_0.club_id,cu1_0.id,cu1_0.adresse,c2_0.id,c2_0.adresse,c2_0.email,c2_0.logo,c2_0.name,c2_0.telephone,cu1_0.date_naissance,cu1_0.email,cu1_0.nom,cu1_0.password,cu1_0.password_temporaire,cu1_0.password_updated_at,cu1_0.prenom,cu1_0.role,cu1_0.telephone,m1_0.date_naissance,m1_0.est_adulte,m1_0.nom,m1_0.numero_licence,m1_0.parent_id,m1_0.prenom from membre m1_0 left join utilisateur cu1_0 on cu1_0.id=m1_0.compte_utilisateur_id left join clubs c2_0 on c2_0.id=cu1_0.club_id where m1_0.compte_utilisateur_id=?
Hibernate: select m1_0.id,m1_0.ceinture,m1_0.club_id,cu1_0.id,cu1_0.adresse,c2_0.id,c2_0.adresse,c2_0.email,c2_0.logo,c2_0.name,c2_0.telephone,cu1_0.date_naissance,cu1_0.email,cu1_0.nom,cu1_0.password,cu1_0.password_temporaire,cu1_0.password_updated_at,cu1_0.prenom,cu1_0.role,cu1_0.telephone,m1_0.date_naissance,m1_0.est_adulte,m1_0.nom,m1_0.numero_licence,m1_0.parent_id,m1_0.prenom from membre m1_0 left join utilisateur cu1_0 on cu1_0.id=m1_0.compte_utilisateur_id left join clubs c2_0 on c2_0.id=cu1_0.club_id where m1_0.compte_utilisateur_id=?
2026-04-10T10:21:52.272+02:00 DEBUG 31076 --- [nio-8081-exec-6] o.s.security.web.FilterChainProxy        : Securing POST /api/utilisateurs/login
2026-04-10T10:21:52.273+02:00 DEBUG 31076 --- [nio-8081-exec-6] club.taekwondo.config.JwtAuthFilter      : [SEC] Endpoint public ignoré: /api/utilisateurs/login
2026-04-10T10:21:52.273+02:00 DEBUG 31076 --- [nio-8081-exec-6] o.s.s.w.a.AnonymousAuthenticationFilter  : Set SecurityContextHolder to anonymous SecurityContext
2026-04-10T10:21:52.273+02:00 DEBUG 31076 --- [nio-8081-exec-6] o.s.security.web.FilterChainProxy        : Secured POST /api/utilisateurs/login
2026-04-10T10:21:52.274+02:00 DEBUG 31076 --- [nio-8081-exec-6] club.taekwondo.config.JwtAuthFilter      : [SEC] Endpoint public ignoré: /api/utilisateurs/login
2026-04-10T10:21:52.274+02:00 DEBUG 31076 --- [nio-8081-exec-6] o.s.web.servlet.DispatcherServlet        : POST "/api/utilisateurs/login", parameters={}
2026-04-10T10:21:52.274+02:00 DEBUG 31076 --- [nio-8081-exec-6] s.w.s.m.m.a.RequestMappingHandlerMapping : Mapped to club.taekwondo.controller.jpa.UtilisateurController#login(LoginDTO)
2026-04-10T10:21:52.276+02:00 DEBUG 31076 --- [nio-8081-exec-6] m.m.a.RequestResponseBodyMethodProcessor : Read "application/json;charset=UTF-8" to [club.taekwondo.dto.LoginDTO@5c3af762]
[2026-04-10T10:21:52.276279+02:00][USR][LOGIN] ? payload re�u
[2026-04-10T10:21:52.277018500+02:00][USR-SVC][login] email=adminvilleurbanne@gmail.com -> normalized=adminvilleurbanne@gmail.com, password=***(8 chars)
2026-04-10T10:21:52.278+02:00 DEBUG 31076 --- [nio-8081-exec-6] org.hibernate.SQL                        : select u1_0.id,u1_0.adresse,u1_0.club_id,u1_0.date_naissance,u1_0.email,u1_0.nom,u1_0.password,u1_0.password_temporaire,u1_0.password_updated_at,u1_0.prenom,u1_0.role,u1_0.telephone from utilisateur u1_0 where upper(u1_0.email)=upper(?)
Hibernate: select u1_0.id,u1_0.adresse,u1_0.club_id,u1_0.date_naissance,u1_0.email,u1_0.nom,u1_0.password,u1_0.password_temporaire,u1_0.password_updated_at,u1_0.prenom,u1_0.role,u1_0.telephone from utilisateur u1_0 where upper(u1_0.email)=upper(?)
2026-04-10T10:21:52.280+02:00 DEBUG 31076 --- [nio-8081-exec-6] org.hibernate.SQL                        : select c1_0.id,c1_0.adresse,c1_0.email,c1_0.logo,c1_0.name,c1_0.telephone from clubs c1_0 where c1_0.id=?
Hibernate: select c1_0.id,c1_0.adresse,c1_0.email,c1_0.logo,c1_0.name,c1_0.telephone from clubs c1_0 where c1_0.id=?
2026-04-10T10:21:52.282+02:00 DEBUG 31076 --- [nio-8081-exec-6] org.hibernate.SQL                        : select m1_0.id,m1_0.ceinture,m1_0.club_id,cu1_0.id,cu1_0.adresse,c2_0.id,c2_0.adresse,c2_0.email,c2_0.logo,c2_0.name,c2_0.telephone,cu1_0.date_naissance,cu1_0.email,cu1_0.nom,cu1_0.password,cu1_0.password_temporaire,cu1_0.password_updated_at,cu1_0.prenom,cu1_0.role,cu1_0.telephone,m1_0.date_naissance,m1_0.est_adulte,m1_0.nom,m1_0.numero_licence,m1_0.parent_id,m1_0.prenom from membre m1_0 left join utilisateur cu1_0 on cu1_0.id=m1_0.compte_utilisateur_id left join clubs c2_0 on c2_0.id=cu1_0.club_id where m1_0.compte_utilisateur_id=?
Hibernate: select m1_0.id,m1_0.ceinture,m1_0.club_id,cu1_0.id,cu1_0.adresse,c2_0.id,c2_0.adresse,c2_0.email,c2_0.logo,c2_0.name,c2_0.telephone,cu1_0.date_naissance,cu1_0.email,cu1_0.nom,cu1_0.password,cu1_0.password_temporaire,cu1_0.password_updated_at,cu1_0.prenom,cu1_0.role,cu1_0.telephone,m1_0.date_naissance,m1_0.est_adulte,m1_0.nom,m1_0.numero_licence,m1_0.parent_id,m1_0.prenom from membre m1_0 left join utilisateur cu1_0 on cu1_0.id=m1_0.compte_utilisateur_id left join clubs c2_0 on c2_0.id=cu1_0.club_id where m1_0.compte_utilisateur_id=?
2026-04-10T10:21:52.295+02:00 DEBUG 31076 --- [nio-8081-exec-3] o.s.security.web.FilterChainProxy        : Securing POST /api/utilisateurs/login
2026-04-10T10:21:52.295+02:00 DEBUG 31076 --- [nio-8081-exec-3] club.taekwondo.config.JwtAuthFilter      : [SEC] Endpoint public ignoré: /api/utilisateurs/login
2026-04-10T10:21:52.296+02:00 DEBUG 31076 --- [nio-8081-exec-3] o.s.s.w.a.AnonymousAuthenticationFilter  : Set SecurityContextHolder to anonymous SecurityContext
2026-04-10T10:21:52.296+02:00 DEBUG 31076 --- [nio-8081-exec-3] o.s.security.web.FilterChainProxy        : Secured POST /api/utilisateurs/login
2026-04-10T10:21:52.296+02:00 DEBUG 31076 --- [nio-8081-exec-3] club.taekwondo.config.JwtAuthFilter      : [SEC] Endpoint public ignoré: /api/utilisateurs/login
2026-04-10T10:21:52.297+02:00 DEBUG 31076 --- [nio-8081-exec-3] o.s.web.servlet.DispatcherServlet        : POST "/api/utilisateurs/login", parameters={}
2026-04-10T10:21:52.297+02:00 DEBUG 31076 --- [nio-8081-exec-3] s.w.s.m.m.a.RequestMappingHandlerMapping : Mapped to club.taekwondo.controller.jpa.UtilisateurController#login(LoginDTO)
2026-04-10T10:21:52.298+02:00 DEBUG 31076 --- [nio-8081-exec-3] m.m.a.RequestResponseBodyMethodProcessor : Read "application/json;charset=UTF-8" to [club.taekwondo.dto.LoginDTO@76567e57]
[2026-04-10T10:21:52.298392900+02:00][USR][LOGIN] ? payload re�u
[2026-04-10T10:21:52.298392900+02:00][USR-SVC][login] email=oce.gueye@gmail.com -> normalized=oce.gueye@gmail.com, password=***(8 chars)
2026-04-10T10:21:52.299+02:00 DEBUG 31076 --- [nio-8081-exec-3] org.hibernate.SQL                        : select u1_0.id,u1_0.adresse,u1_0.club_id,u1_0.date_naissance,u1_0.email,u1_0.nom,u1_0.password,u1_0.password_temporaire,u1_0.password_updated_at,u1_0.prenom,u1_0.role,u1_0.telephone from utilisateur u1_0 where upper(u1_0.email)=upper(?)
Hibernate: select u1_0.id,u1_0.adresse,u1_0.club_id,u1_0.date_naissance,u1_0.email,u1_0.nom,u1_0.password,u1_0.password_temporaire,u1_0.password_updated_at,u1_0.prenom,u1_0.role,u1_0.telephone from utilisateur u1_0 where upper(u1_0.email)=upper(?)
2026-04-10T10:21:52.301+02:00 DEBUG 31076 --- [nio-8081-exec-3] org.hibernate.SQL                        : select c1_0.id,c1_0.adresse,c1_0.email,c1_0.logo,c1_0.name,c1_0.telephone from clubs c1_0 where c1_0.id=?
Hibernate: select c1_0.id,c1_0.adresse,c1_0.email,c1_0.logo,c1_0.name,c1_0.telephone from clubs c1_0 where c1_0.id=?
2026-04-10T10:21:52.302+02:00 DEBUG 31076 --- [nio-8081-exec-3] org.hibernate.SQL                        : select m1_0.id,m1_0.ceinture,m1_0.club_id,cu1_0.id,cu1_0.adresse,c2_0.id,c2_0.adresse,c2_0.email,c2_0.logo,c2_0.name,c2_0.telephone,cu1_0.date_naissance,cu1_0.email,cu1_0.nom,cu1_0.password,cu1_0.password_temporaire,cu1_0.password_updated_at,cu1_0.prenom,cu1_0.role,cu1_0.telephone,m1_0.date_naissance,m1_0.est_adulte,m1_0.nom,m1_0.numero_licence,m1_0.parent_id,m1_0.prenom from membre m1_0 left join utilisateur cu1_0 on cu1_0.id=m1_0.compte_utilisateur_id left join clubs c2_0 on c2_0.id=cu1_0.club_id where m1_0.compte_utilisateur_id=?
Hibernate: select m1_0.id,m1_0.ceinture,m1_0.club_id,cu1_0.id,cu1_0.adresse,c2_0.id,c2_0.adresse,c2_0.email,c2_0.logo,c2_0.name,c2_0.telephone,cu1_0.date_naissance,cu1_0.email,cu1_0.nom,cu1_0.password,cu1_0.password_temporaire,cu1_0.password_updated_at,cu1_0.prenom,cu1_0.role,cu1_0.telephone,m1_0.date_naissance,m1_0.est_adulte,m1_0.nom,m1_0.numero_licence,m1_0.parent_id,m1_0.prenom from membre m1_0 left join utilisateur cu1_0 on cu1_0.id=m1_0.compte_utilisateur_id left join clubs c2_0 on c2_0.id=cu1_0.club_id where m1_0.compte_utilisateur_id=?
2026-04-10T10:21:52.315+02:00 DEBUG 31076 --- [nio-8081-exec-5] o.s.security.web.FilterChainProxy        : Securing POST /api/utilisateurs/login
2026-04-10T10:21:52.316+02:00 DEBUG 31076 --- [nio-8081-exec-5] club.taekwondo.config.JwtAuthFilter      : [SEC] Endpoint public ignoré: /api/utilisateurs/login
2026-04-10T10:21:52.316+02:00 DEBUG 31076 --- [nio-8081-exec-5] o.s.s.w.a.AnonymousAuthenticationFilter  : Set SecurityContextHolder to anonymous SecurityContext
2026-04-10T10:21:52.316+02:00 DEBUG 31076 --- [nio-8081-exec-5] o.s.security.web.FilterChainProxy        : Secured POST /api/utilisateurs/login
2026-04-10T10:21:52.317+02:00 DEBUG 31076 --- [nio-8081-exec-5] club.taekwondo.config.JwtAuthFilter      : [SEC] Endpoint public ignoré: /api/utilisateurs/login
2026-04-10T10:21:52.317+02:00 DEBUG 31076 --- [nio-8081-exec-5] o.s.web.servlet.DispatcherServlet        : POST "/api/utilisateurs/login", parameters={}
2026-04-10T10:21:52.317+02:00 DEBUG 31076 --- [nio-8081-exec-5] s.w.s.m.m.a.RequestMappingHandlerMapping : Mapped to club.taekwondo.controller.jpa.UtilisateurController#login(LoginDTO)
2026-04-10T10:21:52.318+02:00 DEBUG 31076 --- [nio-8081-exec-5] m.m.a.RequestResponseBodyMethodProcessor : Read "application/json;charset=UTF-8" to [club.taekwondo.dto.LoginDTO@445ced7d]
[2026-04-10T10:21:52.319153+02:00][USR][LOGIN] ? payload re�u
[2026-04-10T10:21:52.319153+02:00][USR-SVC][login] email=alizee.gueye@gmail.com -> normalized=alizee.gueye@gmail.com, password=***(8 chars)
2026-04-10T10:21:52.320+02:00 DEBUG 31076 --- [nio-8081-exec-5] org.hibernate.SQL                        : select u1_0.id,u1_0.adresse,u1_0.club_id,u1_0.date_naissance,u1_0.email,u1_0.nom,u1_0.password,u1_0.password_temporaire,u1_0.password_updated_at,u1_0.prenom,u1_0.role,u1_0.telephone from utilisateur u1_0 where upper(u1_0.email)=upper(?)
Hibernate: select u1_0.id,u1_0.adresse,u1_0.club_id,u1_0.date_naissance,u1_0.email,u1_0.nom,u1_0.password,u1_0.password_temporaire,u1_0.password_updated_at,u1_0.prenom,u1_0.role,u1_0.telephone from utilisateur u1_0 where upper(u1_0.email)=upper(?)
2026-04-10T10:21:52.321+02:00 DEBUG 31076 --- [nio-8081-exec-5] org.hibernate.SQL                        : select c1_0.id,c1_0.adresse,c1_0.email,c1_0.logo,c1_0.name,c1_0.telephone from clubs c1_0 where c1_0.id=?
Hibernate: select c1_0.id,c1_0.adresse,c1_0.email,c1_0.logo,c1_0.name,c1_0.telephone from clubs c1_0 where c1_0.id=?
2026-04-10T10:21:52.322+02:00 DEBUG 31076 --- [nio-8081-exec-5] org.hibernate.SQL                        : select m1_0.id,m1_0.ceinture,m1_0.club_id,cu1_0.id,cu1_0.adresse,c2_0.id,c2_0.adresse,c2_0.email,c2_0.logo,c2_0.name,c2_0.telephone,cu1_0.date_naissance,cu1_0.email,cu1_0.nom,cu1_0.password,cu1_0.password_temporaire,cu1_0.password_updated_at,cu1_0.prenom,cu1_0.role,cu1_0.telephone,m1_0.date_naissance,m1_0.est_adulte,m1_0.nom,m1_0.numero_licence,m1_0.parent_id,m1_0.prenom from membre m1_0 left join utilisateur cu1_0 on cu1_0.id=m1_0.compte_utilisateur_id left join clubs c2_0 on c2_0.id=cu1_0.club_id where m1_0.compte_utilisateur_id=?
Hibernate: select m1_0.id,m1_0.ceinture,m1_0.club_id,cu1_0.id,cu1_0.adresse,c2_0.id,c2_0.adresse,c2_0.email,c2_0.logo,c2_0.name,c2_0.telephone,cu1_0.date_naissance,cu1_0.email,cu1_0.nom,cu1_0.password,cu1_0.password_temporaire,cu1_0.password_updated_at,cu1_0.prenom,cu1_0.role,cu1_0.telephone,m1_0.date_naissance,m1_0.est_adulte,m1_0.nom,m1_0.numero_licence,m1_0.parent_id,m1_0.prenom from membre m1_0 left join utilisateur cu1_0 on cu1_0.id=m1_0.compte_utilisateur_id left join clubs c2_0 on c2_0.id=cu1_0.club_id where m1_0.compte_utilisateur_id=?
[2026-04-10T10:21:52.343617600+02:00][USR-SVC][login] password matches? true for userId=1
[2026-04-10T10:21:52.343617600+02:00][USR-SVC][convertToDTO] in: Entity[id=1, nom=Super, prenom=Admin, email=superadmin@club.local, tel=null, adr='null', dateN=null, role=SUPER_ADMIN]
[2026-04-10T10:21:52.344619700+02:00][USR-SVC][convertToDTO] out: DTO[id=1, nom=Super, prenom=Admin, email=superadmin@club.local, tel=null, adr='null', dateN=null, role=SUPER_ADMIN, pwd=null]
[2026-04-10T10:21:52.344619700+02:00][USR-SVC][login] ? super-admin sans club, connexion autoris�e
[2026-04-10T10:21:52.345617100+02:00][USR-SVC][login] success? true
2026-04-10T10:21:52.349+02:00 DEBUG 31076 --- [nio-8081-exec-4] org.hibernate.SQL                        : select m1_0.id,m1_0.ceinture,m1_0.club_id,m1_0.compte_utilisateur_id,m1_0.date_naissance,m1_0.est_adulte,m1_0.nom,m1_0.numero_licence,m1_0.parent_id,m1_0.prenom from membre m1_0 where m1_0.compte_utilisateur_id=?
Hibernate: select m1_0.id,m1_0.ceinture,m1_0.club_id,m1_0.compte_utilisateur_id,m1_0.date_naissance,m1_0.est_adulte,m1_0.nom,m1_0.numero_licence,m1_0.parent_id,m1_0.prenom from membre m1_0 where m1_0.compte_utilisateur_id=?
[2026-04-10T10:21:52.350676400+02:00][USR-SVC][getUtilisateurEntityById] id=1
[2026-04-10T10:21:52.359189300+02:00][USR-SVC][login] password matches? true for userId=3
[2026-04-10T10:21:52.359189300+02:00][USR-SVC][convertToDTO] in: Entity[id=3, nom=adminVilleurbanne, prenom=adminVilleurbanne, email=adminvilleurbanne@gmail.com, tel=null, adr='null', dateN=null, role=ADMIN]
[2026-04-10T10:21:52.360190200+02:00][USR-SVC][convertToDTO] out: DTO[id=3, nom=adminVilleurbanne, prenom=adminVilleurbanne, email=adminvilleurbanne@gmail.com, tel=null, adr='null', dateN=null, role=ADMIN, pwd=null]
[2026-04-10T10:21:52.360190200+02:00][USR-SVC][login] success? true
2026-04-10T10:21:52.361+02:00 DEBUG 31076 --- [nio-8081-exec-6] org.hibernate.SQL                        : select m1_0.id,m1_0.ceinture,m1_0.club_id,m1_0.compte_utilisateur_id,m1_0.date_naissance,m1_0.est_adulte,m1_0.nom,m1_0.numero_licence,m1_0.parent_id,m1_0.prenom from membre m1_0 where m1_0.compte_utilisateur_id=?
Hibernate: select m1_0.id,m1_0.ceinture,m1_0.club_id,m1_0.compte_utilisateur_id,m1_0.date_naissance,m1_0.est_adulte,m1_0.nom,m1_0.numero_licence,m1_0.parent_id,m1_0.prenom from membre m1_0 where m1_0.compte_utilisateur_id=?
[2026-04-10T10:21:52.362703700+02:00][USR-SVC][getUtilisateurEntityById] id=3
[2026-04-10T10:21:52.364703+02:00][USR-SVC][getUtilisateurEntityById] present? true
[2026-04-10T10:21:52.364703+02:00][USR-SVC][getUtilisateurEntityById] present? true
[2026-04-10T10:21:52.379297500+02:00][USR-SVC][login] password matches? true for userId=5
[2026-04-10T10:21:52.379297500+02:00][USR-SVC][convertToDTO] in: Entity[id=5, nom=gueye, prenom=Oce, email=oce.gueye@gmail.com, tel=null, adr='null', dateN=null, role=PARENT]
2026-04-10T10:21:52.381+02:00 DEBUG 31076 --- [nio-8081-exec-3] org.hibernate.SQL                        : select m1_0.id,m1_0.ceinture,m1_0.club_id,m1_0.compte_utilisateur_id,m1_0.date_naissance,m1_0.est_adulte,m1_0.nom,m1_0.numero_licence,m1_0.parent_id,m1_0.prenom from membre m1_0 where m1_0.parent_id=?
Hibernate: select m1_0.id,m1_0.ceinture,m1_0.club_id,m1_0.compte_utilisateur_id,m1_0.date_naissance,m1_0.est_adulte,m1_0.nom,m1_0.numero_licence,m1_0.parent_id,m1_0.prenom from membre m1_0 where m1_0.parent_id=?
[2026-04-10T10:21:52.382294200+02:00][USR-SVC][convertToDTO] out: DTO[id=5, nom=gueye, prenom=Oce, email=oce.gueye@gmail.com, tel=null, adr='null', dateN=null, role=PARENT, pwd=null]
[2026-04-10T10:21:52.382294200+02:00][USR-SVC][login] success? true
2026-04-10T10:21:52.383+02:00 DEBUG 31076 --- [nio-8081-exec-3] org.hibernate.SQL                        : select m1_0.id,m1_0.ceinture,m1_0.club_id,m1_0.compte_utilisateur_id,m1_0.date_naissance,m1_0.est_adulte,m1_0.nom,m1_0.numero_licence,m1_0.parent_id,m1_0.prenom from membre m1_0 where m1_0.compte_utilisateur_id=?
Hibernate: select m1_0.id,m1_0.ceinture,m1_0.club_id,m1_0.compte_utilisateur_id,m1_0.date_naissance,m1_0.est_adulte,m1_0.nom,m1_0.numero_licence,m1_0.parent_id,m1_0.prenom from membre m1_0 where m1_0.compte_utilisateur_id=?
[2026-04-10T10:21:52.384293600+02:00][USR-SVC][getUtilisateurEntityById] id=5
[2026-04-10T10:21:52.384293600+02:00][USR-SVC][getUtilisateurEntityById] present? true
2026-04-10T10:21:52.392+02:00 DEBUG 31076 --- [nio-8081-exec-4] o.s.w.s.m.m.a.HttpEntityMethodProcessor  : Using 'application/json', given [*/*] and supported [application/json, application/*+json]
2026-04-10T10:21:52.392+02:00 DEBUG 31076 --- [nio-8081-exec-6] o.s.w.s.m.m.a.HttpEntityMethodProcessor  : Using 'application/json', given [*/*] and supported [application/json, application/*+json]
2026-04-10T10:21:52.392+02:00 DEBUG 31076 --- [nio-8081-exec-3] o.s.w.s.m.m.a.HttpEntityMethodProcessor  : Using 'application/json', given [*/*] and supported [application/json, application/*+json]
2026-04-10T10:21:52.393+02:00 DEBUG 31076 --- [nio-8081-exec-4] o.s.w.s.m.m.a.HttpEntityMethodProcessor  : Writing [{role=SUPER_ADMIN, utilisateur=club.taekwondo.dto.UtilisateurDTO@41fa07a5, utilisateurId=1, membreId (truncated)...]
2026-04-10T10:21:52.393+02:00 DEBUG 31076 --- [nio-8081-exec-6] o.s.w.s.m.m.a.HttpEntityMethodProcessor  : Writing [{role=ADMIN, utilisateur=club.taekwondo.dto.UtilisateurDTO@3967d3bd, utilisateurId=3, membreId=null, (truncated)...]
2026-04-10T10:21:52.393+02:00 DEBUG 31076 --- [nio-8081-exec-3] o.s.w.s.m.m.a.HttpEntityMethodProcessor  : Writing [{role=PARENT, utilisateur=club.taekwondo.dto.UtilisateurDTO@12dcc3ad, utilisateurId=5, membreId=null (truncated)...]
[2026-04-10T10:21:52.401014800+02:00][USR-SVC][login] password matches? true for userId=9
[2026-04-10T10:21:52.401014800+02:00][USR-SVC][convertToDTO] in: Entity[id=9, nom=Gueye, prenom=Alizee, email=alizee.gueye@gmail.com, tel=0682192787, adr='29b rue du professeur roux, 42800 Rive De Gier, France', dateN=1991-07-03, role=MEMBRE]
[2026-04-10T10:21:52.401014800+02:00][USR-SVC][convertToDTO] out: DTO[id=9, nom=Gueye, prenom=Alizee, email=alizee.gueye@gmail.com, tel=0682192787, adr='29b rue du professeur roux, 42800 Rive De Gier, France', dateN=1991-07-03, role=MEMBRE, pwd=null]
[2026-04-10T10:21:52.401014800+02:00][USR-SVC][login] success? true
2026-04-10T10:21:52.402+02:00 DEBUG 31076 --- [nio-8081-exec-5] org.hibernate.SQL                        : select m1_0.id,m1_0.ceinture,m1_0.club_id,m1_0.compte_utilisateur_id,m1_0.date_naissance,m1_0.est_adulte,m1_0.nom,m1_0.numero_licence,m1_0.parent_id,m1_0.prenom from membre m1_0 where m1_0.compte_utilisateur_id=?
Hibernate: select m1_0.id,m1_0.ceinture,m1_0.club_id,m1_0.compte_utilisateur_id,m1_0.date_naissance,m1_0.est_adulte,m1_0.nom,m1_0.numero_licence,m1_0.parent_id,m1_0.prenom from membre m1_0 where m1_0.compte_utilisateur_id=?
[2026-04-10T10:21:52.403737900+02:00][USR-SVC][getUtilisateurEntityById] id=9
[2026-04-10T10:21:52.404244300+02:00][USR-SVC][getUtilisateurEntityById] present? true
2026-04-10T10:21:52.405+02:00 DEBUG 31076 --- [nio-8081-exec-5] o.s.w.s.m.m.a.HttpEntityMethodProcessor  : Using 'application/json', given [*/*] and supported [application/json, application/*+json]
2026-04-10T10:21:52.406+02:00 DEBUG 31076 --- [nio-8081-exec-5] o.s.w.s.m.m.a.HttpEntityMethodProcessor  : Writing [{role=MEMBRE, utilisateur=club.taekwondo.dto.UtilisateurDTO@754bd20d, utilisateurId=9, membreId=5, e (truncated)...]
2026-04-10T10:21:52.406+02:00 DEBUG 31076 --- [nio-8081-exec-5] o.s.web.servlet.DispatcherServlet        : Completed 200 OK
2026-04-10T10:21:52.406+02:00 DEBUG 31076 --- [nio-8081-exec-6] o.s.web.servlet.DispatcherServlet        : Completed 200 OK
2026-04-10T10:21:52.406+02:00 DEBUG 31076 --- [nio-8081-exec-4] o.s.web.servlet.DispatcherServlet        : Completed 200 OK
2026-04-10T10:21:52.407+02:00 DEBUG 31076 --- [nio-8081-exec-3] o.s.web.servlet.DispatcherServlet        : Completed 200 OK
2026-04-10T10:22:40.080+02:00 DEBUG 31076 --- [nio-8081-exec-1] o.s.security.web.FilterChainProxy        : Securing POST /api/utilisateurs/login
2026-04-10T10:22:40.083+02:00 DEBUG 31076 --- [nio-8081-exec-1] club.taekwondo.config.JwtAuthFilter      : [SEC] Endpoint public ignoré: /api/utilisateurs/login
2026-04-10T10:22:40.083+02:00 DEBUG 31076 --- [nio-8081-exec-1] o.s.s.w.a.AnonymousAuthenticationFilter  : Set SecurityContextHolder to anonymous SecurityContext
2026-04-10T10:22:40.083+02:00 DEBUG 31076 --- [nio-8081-exec-1] o.s.security.web.FilterChainProxy        : Secured POST /api/utilisateurs/login
2026-04-10T10:22:40.084+02:00 DEBUG 31076 --- [nio-8081-exec-1] club.taekwondo.config.JwtAuthFilter      : [SEC] Endpoint public ignoré: /api/utilisateurs/login
2026-04-10T10:22:40.084+02:00 DEBUG 31076 --- [nio-8081-exec-1] o.s.web.servlet.DispatcherServlet        : POST "/api/utilisateurs/login", parameters={}
2026-04-10T10:22:40.085+02:00 DEBUG 31076 --- [nio-8081-exec-1] s.w.s.m.m.a.RequestMappingHandlerMapping : Mapped to club.taekwondo.controller.jpa.UtilisateurController#login(LoginDTO)
2026-04-10T10:22:40.086+02:00 DEBUG 31076 --- [nio-8081-exec-1] m.m.a.RequestResponseBodyMethodProcessor : Read "application/json;charset=UTF-8" to [club.taekwondo.dto.LoginDTO@5133474e]
[2026-04-10T10:22:40.086541600+02:00][USR][LOGIN] ? payload re�u
[2026-04-10T10:22:40.086541600+02:00][USR-SVC][login] email=superadmin@club.local -> normalized=superadmin@club.local, password=***(8 chars)
2026-04-10T10:22:40.088+02:00 DEBUG 31076 --- [nio-8081-exec-1] org.hibernate.SQL                        : select u1_0.id,u1_0.adresse,u1_0.club_id,u1_0.date_naissance,u1_0.email,u1_0.nom,u1_0.password,u1_0.password_temporaire,u1_0.password_updated_at,u1_0.prenom,u1_0.role,u1_0.telephone from utilisateur u1_0 where upper(u1_0.email)=upper(?)
Hibernate: select u1_0.id,u1_0.adresse,u1_0.club_id,u1_0.date_naissance,u1_0.email,u1_0.nom,u1_0.password,u1_0.password_temporaire,u1_0.password_updated_at,u1_0.prenom,u1_0.role,u1_0.telephone from utilisateur u1_0 where upper(u1_0.email)=upper(?)
2026-04-10T10:22:40.090+02:00 DEBUG 31076 --- [nio-8081-exec-1] org.hibernate.SQL                        : select m1_0.id,m1_0.ceinture,m1_0.club_id,cu1_0.id,cu1_0.adresse,c2_0.id,c2_0.adresse,c2_0.email,c2_0.logo,c2_0.name,c2_0.telephone,cu1_0.date_naissance,cu1_0.email,cu1_0.nom,cu1_0.password,cu1_0.password_temporaire,cu1_0.password_updated_at,cu1_0.prenom,cu1_0.role,cu1_0.telephone,m1_0.date_naissance,m1_0.est_adulte,m1_0.nom,m1_0.numero_licence,m1_0.parent_id,m1_0.prenom from membre m1_0 left join utilisateur cu1_0 on cu1_0.id=m1_0.compte_utilisateur_id left join clubs c2_0 on c2_0.id=cu1_0.club_id where m1_0.compte_utilisateur_id=?
Hibernate: select m1_0.id,m1_0.ceinture,m1_0.club_id,cu1_0.id,cu1_0.adresse,c2_0.id,c2_0.adresse,c2_0.email,c2_0.logo,c2_0.name,c2_0.telephone,cu1_0.date_naissance,cu1_0.email,cu1_0.nom,cu1_0.password,cu1_0.password_temporaire,cu1_0.password_updated_at,cu1_0.prenom,cu1_0.role,cu1_0.telephone,m1_0.date_naissance,m1_0.est_adulte,m1_0.nom,m1_0.numero_licence,m1_0.parent_id,m1_0.prenom from membre m1_0 left join utilisateur cu1_0 on cu1_0.id=m1_0.compte_utilisateur_id left join clubs c2_0 on c2_0.id=cu1_0.club_id where m1_0.compte_utilisateur_id=?
[2026-04-10T10:22:40.163339100+02:00][USR-SVC][login] password matches? true for userId=1
[2026-04-10T10:22:40.164388+02:00][USR-SVC][convertToDTO] in: Entity[id=1, nom=Super, prenom=Admin, email=superadmin@club.local, tel=null, adr='null', dateN=null, role=SUPER_ADMIN]
[2026-04-10T10:22:40.164388+02:00][USR-SVC][convertToDTO] out: DTO[id=1, nom=Super, prenom=Admin, email=superadmin@club.local, tel=null, adr='null', dateN=null, role=SUPER_ADMIN, pwd=null]
[2026-04-10T10:22:40.165394700+02:00][USR-SVC][login] ? super-admin sans club, connexion autoris�e
[2026-04-10T10:22:40.165394700+02:00][USR-SVC][login] success? true
2026-04-10T10:22:40.167+02:00 DEBUG 31076 --- [nio-8081-exec-1] org.hibernate.SQL                        : select m1_0.id,m1_0.ceinture,m1_0.club_id,m1_0.compte_utilisateur_id,m1_0.date_naissance,m1_0.est_adulte,m1_0.nom,m1_0.numero_licence,m1_0.parent_id,m1_0.prenom from membre m1_0 where m1_0.compte_utilisateur_id=?
Hibernate: select m1_0.id,m1_0.ceinture,m1_0.club_id,m1_0.compte_utilisateur_id,m1_0.date_naissance,m1_0.est_adulte,m1_0.nom,m1_0.numero_licence,m1_0.parent_id,m1_0.prenom from membre m1_0 where m1_0.compte_utilisateur_id=?
[2026-04-10T10:22:40.168902700+02:00][USR-SVC][getUtilisateurEntityById] id=1
[2026-04-10T10:22:40.169908300+02:00][USR-SVC][getUtilisateurEntityById] present? true
2026-04-10T10:22:40.171+02:00 DEBUG 31076 --- [nio-8081-exec-1] o.s.w.s.m.m.a.HttpEntityMethodProcessor  : Using 'application/json', given [*/*] and supported [application/json, application/*+json]
2026-04-10T10:22:40.172+02:00 DEBUG 31076 --- [nio-8081-exec-1] o.s.w.s.m.m.a.HttpEntityMethodProcessor  : Writing [{role=SUPER_ADMIN, utilisateur=club.taekwondo.dto.UtilisateurDTO@3c4173ed, utilisateurId=1, membreId (truncated)...]
2026-04-10T10:22:40.175+02:00 DEBUG 31076 --- [nio-8081-exec-1] o.s.web.servlet.DispatcherServlet        : Completed 200 OK
2026-04-10T10:22:40.240+02:00 DEBUG 31076 --- [nio-8081-exec-2] o.s.security.web.FilterChainProxy        : Securing POST /api/utilisateurs/login
2026-04-10T10:22:40.241+02:00 DEBUG 31076 --- [nio-8081-exec-2] club.taekwondo.config.JwtAuthFilter      : [SEC] Endpoint public ignoré: /api/utilisateurs/login
2026-04-10T10:22:40.241+02:00 DEBUG 31076 --- [nio-8081-exec-2] o.s.s.w.a.AnonymousAuthenticationFilter  : Set SecurityContextHolder to anonymous SecurityContext
2026-04-10T10:22:40.241+02:00 DEBUG 31076 --- [nio-8081-exec-2] o.s.security.web.FilterChainProxy        : Secured POST /api/utilisateurs/login
2026-04-10T10:22:40.241+02:00 DEBUG 31076 --- [nio-8081-exec-2] club.taekwondo.config.JwtAuthFilter      : [SEC] Endpoint public ignoré: /api/utilisateurs/login
2026-04-10T10:22:40.242+02:00 DEBUG 31076 --- [nio-8081-exec-2] o.s.web.servlet.DispatcherServlet        : POST "/api/utilisateurs/login", parameters={}
2026-04-10T10:22:40.242+02:00 DEBUG 31076 --- [nio-8081-exec-2] s.w.s.m.m.a.RequestMappingHandlerMapping : Mapped to club.taekwondo.controller.jpa.UtilisateurController#login(LoginDTO)
2026-04-10T10:22:40.244+02:00 DEBUG 31076 --- [nio-8081-exec-2] m.m.a.RequestResponseBodyMethodProcessor : Read "application/json;charset=UTF-8" to [club.taekwondo.dto.LoginDTO@b7cb62c]
[2026-04-10T10:22:40.244550600+02:00][USR][LOGIN] ? payload re�u
[2026-04-10T10:22:40.244550600+02:00][USR-SVC][login] email=adminvilleurbanne@gmail.com -> normalized=adminvilleurbanne@gmail.com, password=***(8 chars)
2026-04-10T10:22:40.245+02:00 DEBUG 31076 --- [nio-8081-exec-2] org.hibernate.SQL                        : select u1_0.id,u1_0.adresse,u1_0.club_id,u1_0.date_naissance,u1_0.email,u1_0.nom,u1_0.password,u1_0.password_temporaire,u1_0.password_updated_at,u1_0.prenom,u1_0.role,u1_0.telephone from utilisateur u1_0 where upper(u1_0.email)=upper(?)
Hibernate: select u1_0.id,u1_0.adresse,u1_0.club_id,u1_0.date_naissance,u1_0.email,u1_0.nom,u1_0.password,u1_0.password_temporaire,u1_0.password_updated_at,u1_0.prenom,u1_0.role,u1_0.telephone from utilisateur u1_0 where upper(u1_0.email)=upper(?)
2026-04-10T10:22:40.248+02:00 DEBUG 31076 --- [nio-8081-exec-2] org.hibernate.SQL                        : select c1_0.id,c1_0.adresse,c1_0.email,c1_0.logo,c1_0.name,c1_0.telephone from clubs c1_0 where c1_0.id=?
Hibernate: select c1_0.id,c1_0.adresse,c1_0.email,c1_0.logo,c1_0.name,c1_0.telephone from clubs c1_0 where c1_0.id=?
2026-04-10T10:22:40.249+02:00 DEBUG 31076 --- [nio-8081-exec-2] org.hibernate.SQL                        : select m1_0.id,m1_0.ceinture,m1_0.club_id,cu1_0.id,cu1_0.adresse,c2_0.id,c2_0.adresse,c2_0.email,c2_0.logo,c2_0.name,c2_0.telephone,cu1_0.date_naissance,cu1_0.email,cu1_0.nom,cu1_0.password,cu1_0.password_temporaire,cu1_0.password_updated_at,cu1_0.prenom,cu1_0.role,cu1_0.telephone,m1_0.date_naissance,m1_0.est_adulte,m1_0.nom,m1_0.numero_licence,m1_0.parent_id,m1_0.prenom from membre m1_0 left join utilisateur cu1_0 on cu1_0.id=m1_0.compte_utilisateur_id left join clubs c2_0 on c2_0.id=cu1_0.club_id where m1_0.compte_utilisateur_id=?
Hibernate: select m1_0.id,m1_0.ceinture,m1_0.club_id,cu1_0.id,cu1_0.adresse,c2_0.id,c2_0.adresse,c2_0.email,c2_0.logo,c2_0.name,c2_0.telephone,cu1_0.date_naissance,cu1_0.email,cu1_0.nom,cu1_0.password,cu1_0.password_temporaire,cu1_0.password_updated_at,cu1_0.prenom,cu1_0.role,cu1_0.telephone,m1_0.date_naissance,m1_0.est_adulte,m1_0.nom,m1_0.numero_licence,m1_0.parent_id,m1_0.prenom from membre m1_0 left join utilisateur cu1_0 on cu1_0.id=m1_0.compte_utilisateur_id left join clubs c2_0 on c2_0.id=cu1_0.club_id where m1_0.compte_utilisateur_id=?
[2026-04-10T10:22:40.325933300+02:00][USR-SVC][login] password matches? true for userId=3
[2026-04-10T10:22:40.326479300+02:00][USR-SVC][convertToDTO] in: Entity[id=3, nom=adminVilleurbanne, prenom=adminVilleurbanne, email=adminvilleurbanne@gmail.com, tel=null, adr='null', dateN=null, role=ADMIN]
[2026-04-10T10:22:40.326479300+02:00][USR-SVC][convertToDTO] out: DTO[id=3, nom=adminVilleurbanne, prenom=adminVilleurbanne, email=adminvilleurbanne@gmail.com, tel=null, adr='null', dateN=null, role=ADMIN, pwd=null]
[2026-04-10T10:22:40.327020700+02:00][USR-SVC][login] success? true
2026-04-10T10:22:40.328+02:00 DEBUG 31076 --- [nio-8081-exec-2] org.hibernate.SQL                        : select m1_0.id,m1_0.ceinture,m1_0.club_id,m1_0.compte_utilisateur_id,m1_0.date_naissance,m1_0.est_adulte,m1_0.nom,m1_0.numero_licence,m1_0.parent_id,m1_0.prenom from membre m1_0 where m1_0.compte_utilisateur_id=?
Hibernate: select m1_0.id,m1_0.ceinture,m1_0.club_id,m1_0.compte_utilisateur_id,m1_0.date_naissance,m1_0.est_adulte,m1_0.nom,m1_0.numero_licence,m1_0.parent_id,m1_0.prenom from membre m1_0 where m1_0.compte_utilisateur_id=?
[2026-04-10T10:22:40.329781500+02:00][USR-SVC][getUtilisateurEntityById] id=3
[2026-04-10T10:22:40.330836900+02:00][USR-SVC][getUtilisateurEntityById] present? true
2026-04-10T10:22:40.331+02:00 DEBUG 31076 --- [nio-8081-exec-2] o.s.w.s.m.m.a.HttpEntityMethodProcessor  : Using 'application/json', given [*/*] and supported [application/json, application/*+json]
2026-04-10T10:22:40.332+02:00 DEBUG 31076 --- [nio-8081-exec-2] o.s.w.s.m.m.a.HttpEntityMethodProcessor  : Writing [{role=ADMIN, utilisateur=club.taekwondo.dto.UtilisateurDTO@6db5a50, utilisateurId=3, membreId=null,  (truncated)...]
2026-04-10T10:22:40.333+02:00 DEBUG 31076 --- [nio-8081-exec-2] o.s.web.servlet.DispatcherServlet        : Completed 200 OK
2026-04-10T10:22:40.352+02:00 DEBUG 31076 --- [nio-8081-exec-5] o.s.security.web.FilterChainProxy        : Securing POST /api/utilisateurs/login
2026-04-10T10:22:40.353+02:00 DEBUG 31076 --- [nio-8081-exec-5] club.taekwondo.config.JwtAuthFilter      : [SEC] Endpoint public ignoré: /api/utilisateurs/login
2026-04-10T10:22:40.353+02:00 DEBUG 31076 --- [nio-8081-exec-5] o.s.s.w.a.AnonymousAuthenticationFilter  : Set SecurityContextHolder to anonymous SecurityContext
2026-04-10T10:22:40.353+02:00 DEBUG 31076 --- [nio-8081-exec-5] o.s.security.web.FilterChainProxy        : Secured POST /api/utilisateurs/login
2026-04-10T10:22:40.353+02:00 DEBUG 31076 --- [nio-8081-exec-5] club.taekwondo.config.JwtAuthFilter      : [SEC] Endpoint public ignoré: /api/utilisateurs/login
2026-04-10T10:22:40.354+02:00 DEBUG 31076 --- [nio-8081-exec-5] o.s.web.servlet.DispatcherServlet        : POST "/api/utilisateurs/login", parameters={}
2026-04-10T10:22:40.354+02:00 DEBUG 31076 --- [nio-8081-exec-5] s.w.s.m.m.a.RequestMappingHandlerMapping : Mapped to club.taekwondo.controller.jpa.UtilisateurController#login(LoginDTO)
2026-04-10T10:22:40.355+02:00 DEBUG 31076 --- [nio-8081-exec-5] m.m.a.RequestResponseBodyMethodProcessor : Read "application/json;charset=UTF-8" to [club.taekwondo.dto.LoginDTO@c23b32b]
[2026-04-10T10:22:40.356271500+02:00][USR][LOGIN] ? payload re�u
[2026-04-10T10:22:40.356776100+02:00][USR-SVC][login] email=oce.gueye@gmail.com -> normalized=oce.gueye@gmail.com, password=***(8 chars)
2026-04-10T10:22:40.357+02:00 DEBUG 31076 --- [nio-8081-exec-5] org.hibernate.SQL                        : select u1_0.id,u1_0.adresse,u1_0.club_id,u1_0.date_naissance,u1_0.email,u1_0.nom,u1_0.password,u1_0.password_temporaire,u1_0.password_updated_at,u1_0.prenom,u1_0.role,u1_0.telephone from utilisateur u1_0 where upper(u1_0.email)=upper(?)
Hibernate: select u1_0.id,u1_0.adresse,u1_0.club_id,u1_0.date_naissance,u1_0.email,u1_0.nom,u1_0.password,u1_0.password_temporaire,u1_0.password_updated_at,u1_0.prenom,u1_0.role,u1_0.telephone from utilisateur u1_0 where upper(u1_0.email)=upper(?)
2026-04-10T10:22:40.358+02:00 DEBUG 31076 --- [nio-8081-exec-5] org.hibernate.SQL                        : select c1_0.id,c1_0.adresse,c1_0.email,c1_0.logo,c1_0.name,c1_0.telephone from clubs c1_0 where c1_0.id=?
Hibernate: select c1_0.id,c1_0.adresse,c1_0.email,c1_0.logo,c1_0.name,c1_0.telephone from clubs c1_0 where c1_0.id=?
2026-04-10T10:22:40.360+02:00 DEBUG 31076 --- [nio-8081-exec-5] org.hibernate.SQL                        : select m1_0.id,m1_0.ceinture,m1_0.club_id,cu1_0.id,cu1_0.adresse,c2_0.id,c2_0.adresse,c2_0.email,c2_0.logo,c2_0.name,c2_0.telephone,cu1_0.date_naissance,cu1_0.email,cu1_0.nom,cu1_0.password,cu1_0.password_temporaire,cu1_0.password_updated_at,cu1_0.prenom,cu1_0.role,cu1_0.telephone,m1_0.date_naissance,m1_0.est_adulte,m1_0.nom,m1_0.numero_licence,m1_0.parent_id,m1_0.prenom from membre m1_0 left join utilisateur cu1_0 on cu1_0.id=m1_0.compte_utilisateur_id left join clubs c2_0 on c2_0.id=cu1_0.club_id where m1_0.compte_utilisateur_id=?
Hibernate: select m1_0.id,m1_0.ceinture,m1_0.club_id,cu1_0.id,cu1_0.adresse,c2_0.id,c2_0.adresse,c2_0.email,c2_0.logo,c2_0.name,c2_0.telephone,cu1_0.date_naissance,cu1_0.email,cu1_0.nom,cu1_0.password,cu1_0.password_temporaire,cu1_0.password_updated_at,cu1_0.prenom,cu1_0.role,cu1_0.telephone,m1_0.date_naissance,m1_0.est_adulte,m1_0.nom,m1_0.numero_licence,m1_0.parent_id,m1_0.prenom from membre m1_0 left join utilisateur cu1_0 on cu1_0.id=m1_0.compte_utilisateur_id left join clubs c2_0 on c2_0.id=cu1_0.club_id where m1_0.compte_utilisateur_id=?
[2026-04-10T10:22:40.437298200+02:00][USR-SVC][login] password matches? true for userId=5
[2026-04-10T10:22:40.438326400+02:00][USR-SVC][convertToDTO] in: Entity[id=5, nom=gueye, prenom=Oce, email=oce.gueye@gmail.com, tel=null, adr='null', dateN=null, role=PARENT]
2026-04-10T10:22:40.439+02:00 DEBUG 31076 --- [nio-8081-exec-5] org.hibernate.SQL                        : select m1_0.id,m1_0.ceinture,m1_0.club_id,m1_0.compte_utilisateur_id,m1_0.date_naissance,m1_0.est_adulte,m1_0.nom,m1_0.numero_licence,m1_0.parent_id,m1_0.prenom from membre m1_0 where m1_0.parent_id=?
Hibernate: select m1_0.id,m1_0.ceinture,m1_0.club_id,m1_0.compte_utilisateur_id,m1_0.date_naissance,m1_0.est_adulte,m1_0.nom,m1_0.numero_licence,m1_0.parent_id,m1_0.prenom from membre m1_0 where m1_0.parent_id=?
[2026-04-10T10:22:40.440943500+02:00][USR-SVC][convertToDTO] out: DTO[id=5, nom=gueye, prenom=Oce, email=oce.gueye@gmail.com, tel=null, adr='null', dateN=null, role=PARENT, pwd=null]
[2026-04-10T10:22:40.441455200+02:00][USR-SVC][login] success? true
2026-04-10T10:22:40.442+02:00 DEBUG 31076 --- [nio-8081-exec-5] org.hibernate.SQL                        : select m1_0.id,m1_0.ceinture,m1_0.club_id,m1_0.compte_utilisateur_id,m1_0.date_naissance,m1_0.est_adulte,m1_0.nom,m1_0.numero_licence,m1_0.parent_id,m1_0.prenom from membre m1_0 where m1_0.compte_utilisateur_id=?
Hibernate: select m1_0.id,m1_0.ceinture,m1_0.club_id,m1_0.compte_utilisateur_id,m1_0.date_naissance,m1_0.est_adulte,m1_0.nom,m1_0.numero_licence,m1_0.parent_id,m1_0.prenom from membre m1_0 where m1_0.compte_utilisateur_id=?
[2026-04-10T10:22:40.443567200+02:00][USR-SVC][getUtilisateurEntityById] id=5
[2026-04-10T10:22:40.444079100+02:00][USR-SVC][getUtilisateurEntityById] present? true
2026-04-10T10:22:40.445+02:00 DEBUG 31076 --- [nio-8081-exec-5] o.s.w.s.m.m.a.HttpEntityMethodProcessor  : Using 'application/json', given [*/*] and supported [application/json, application/*+json]
2026-04-10T10:22:40.445+02:00 DEBUG 31076 --- [nio-8081-exec-5] o.s.w.s.m.m.a.HttpEntityMethodProcessor  : Writing [{role=PARENT, utilisateur=club.taekwondo.dto.UtilisateurDTO@3e6a22b7, utilisateurId=5, membreId=null (truncated)...]
2026-04-10T10:22:40.445+02:00 DEBUG 31076 --- [nio-8081-exec-5] o.s.web.servlet.DispatcherServlet        : Completed 200 OK
2026-04-10T10:22:40.466+02:00 DEBUG 31076 --- [nio-8081-exec-6] o.s.security.web.FilterChainProxy        : Securing POST /api/utilisateurs/login
2026-04-10T10:22:40.466+02:00 DEBUG 31076 --- [nio-8081-exec-6] club.taekwondo.config.JwtAuthFilter      : [SEC] Endpoint public ignoré: /api/utilisateurs/login
2026-04-10T10:22:40.466+02:00 DEBUG 31076 --- [nio-8081-exec-6] o.s.s.w.a.AnonymousAuthenticationFilter  : Set SecurityContextHolder to anonymous SecurityContext
2026-04-10T10:22:40.466+02:00 DEBUG 31076 --- [nio-8081-exec-6] o.s.security.web.FilterChainProxy        : Secured POST /api/utilisateurs/login
2026-04-10T10:22:40.467+02:00 DEBUG 31076 --- [nio-8081-exec-6] club.taekwondo.config.JwtAuthFilter      : [SEC] Endpoint public ignoré: /api/utilisateurs/login
2026-04-10T10:22:40.467+02:00 DEBUG 31076 --- [nio-8081-exec-6] o.s.web.servlet.DispatcherServlet        : POST "/api/utilisateurs/login", parameters={}
2026-04-10T10:22:40.467+02:00 DEBUG 31076 --- [nio-8081-exec-6] s.w.s.m.m.a.RequestMappingHandlerMapping : Mapped to club.taekwondo.controller.jpa.UtilisateurController#login(LoginDTO)
2026-04-10T10:22:40.468+02:00 DEBUG 31076 --- [nio-8081-exec-6] m.m.a.RequestResponseBodyMethodProcessor : Read "application/json;charset=UTF-8" to [club.taekwondo.dto.LoginDTO@4fb23772]
[2026-04-10T10:22:40.468781500+02:00][USR][LOGIN] ? payload re�u
[2026-04-10T10:22:40.468781500+02:00][USR-SVC][login] email=alizee.gueye@gmail.com -> normalized=alizee.gueye@gmail.com, password=***(8 chars)
2026-04-10T10:22:40.469+02:00 DEBUG 31076 --- [nio-8081-exec-6] org.hibernate.SQL                        : select u1_0.id,u1_0.adresse,u1_0.club_id,u1_0.date_naissance,u1_0.email,u1_0.nom,u1_0.password,u1_0.password_temporaire,u1_0.password_updated_at,u1_0.prenom,u1_0.role,u1_0.telephone from utilisateur u1_0 where upper(u1_0.email)=upper(?)
Hibernate: select u1_0.id,u1_0.adresse,u1_0.club_id,u1_0.date_naissance,u1_0.email,u1_0.nom,u1_0.password,u1_0.password_temporaire,u1_0.password_updated_at,u1_0.prenom,u1_0.role,u1_0.telephone from utilisateur u1_0 where upper(u1_0.email)=upper(?)
2026-04-10T10:22:40.471+02:00 DEBUG 31076 --- [nio-8081-exec-6] org.hibernate.SQL                        : select c1_0.id,c1_0.adresse,c1_0.email,c1_0.logo,c1_0.name,c1_0.telephone from clubs c1_0 where c1_0.id=?
Hibernate: select c1_0.id,c1_0.adresse,c1_0.email,c1_0.logo,c1_0.name,c1_0.telephone from clubs c1_0 where c1_0.id=?
2026-04-10T10:22:40.473+02:00 DEBUG 31076 --- [nio-8081-exec-6] org.hibernate.SQL                        : select m1_0.id,m1_0.ceinture,m1_0.club_id,cu1_0.id,cu1_0.adresse,c2_0.id,c2_0.adresse,c2_0.email,c2_0.logo,c2_0.name,c2_0.telephone,cu1_0.date_naissance,cu1_0.email,cu1_0.nom,cu1_0.password,cu1_0.password_temporaire,cu1_0.password_updated_at,cu1_0.prenom,cu1_0.role,cu1_0.telephone,m1_0.date_naissance,m1_0.est_adulte,m1_0.nom,m1_0.numero_licence,m1_0.parent_id,m1_0.prenom from membre m1_0 left join utilisateur cu1_0 on cu1_0.id=m1_0.compte_utilisateur_id left join clubs c2_0 on c2_0.id=cu1_0.club_id where m1_0.compte_utilisateur_id=?
Hibernate: select m1_0.id,m1_0.ceinture,m1_0.club_id,cu1_0.id,cu1_0.adresse,c2_0.id,c2_0.adresse,c2_0.email,c2_0.logo,c2_0.name,c2_0.telephone,cu1_0.date_naissance,cu1_0.email,cu1_0.nom,cu1_0.password,cu1_0.password_temporaire,cu1_0.password_updated_at,cu1_0.prenom,cu1_0.role,cu1_0.telephone,m1_0.date_naissance,m1_0.est_adulte,m1_0.nom,m1_0.numero_licence,m1_0.parent_id,m1_0.prenom from membre m1_0 left join utilisateur cu1_0 on cu1_0.id=m1_0.compte_utilisateur_id left join clubs c2_0 on c2_0.id=cu1_0.club_id where m1_0.compte_utilisateur_id=?
[2026-04-10T10:22:40.545457+02:00][USR-SVC][login] password matches? true for userId=9
[2026-04-10T10:22:40.545965800+02:00][USR-SVC][convertToDTO] in: Entity[id=9, nom=Gueye, prenom=Alizee, email=alizee.gueye@gmail.com, tel=0682192787, adr='29b rue du professeur roux, 42800 Rive De Gier, France', dateN=1991-07-03, role=MEMBRE]
[2026-04-10T10:22:40.546802200+02:00][USR-SVC][convertToDTO] out: DTO[id=9, nom=Gueye, prenom=Alizee, email=alizee.gueye@gmail.com, tel=0682192787, adr='29b rue du professeur roux, 42800 Rive De Gier, France', dateN=1991-07-03, role=MEMBRE, pwd=null]
[2026-04-10T10:22:40.547090400+02:00][USR-SVC][login] success? true
2026-04-10T10:22:40.549+02:00 DEBUG 31076 --- [nio-8081-exec-6] org.hibernate.SQL                        : select m1_0.id,m1_0.ceinture,m1_0.club_id,m1_0.compte_utilisateur_id,m1_0.date_naissance,m1_0.est_adulte,m1_0.nom,m1_0.numero_licence,m1_0.parent_id,m1_0.prenom from membre m1_0 where m1_0.compte_utilisateur_id=?
Hibernate: select m1_0.id,m1_0.ceinture,m1_0.club_id,m1_0.compte_utilisateur_id,m1_0.date_naissance,m1_0.est_adulte,m1_0.nom,m1_0.numero_licence,m1_0.parent_id,m1_0.prenom from membre m1_0 where m1_0.compte_utilisateur_id=?
[2026-04-10T10:22:40.550963200+02:00][USR-SVC][getUtilisateurEntityById] id=9
[2026-04-10T10:22:40.551466900+02:00][USR-SVC][getUtilisateurEntityById] present? true
2026-04-10T10:22:40.553+02:00 DEBUG 31076 --- [nio-8081-exec-6] o.s.w.s.m.m.a.HttpEntityMethodProcessor  : Using 'application/json', given [*/*] and supported [application/json, application/*+json]
2026-04-10T10:22:40.553+02:00 DEBUG 31076 --- [nio-8081-exec-6] o.s.w.s.m.m.a.HttpEntityMethodProcessor  : Writing [{role=MEMBRE, utilisateur=club.taekwondo.dto.UtilisateurDTO@3b7a6db5, utilisateurId=9, membreId=5, e (truncated)...]
2026-04-10T10:22:40.554+02:00 DEBUG 31076 --- [nio-8081-exec-6] o.s.web.servlet.DispatcherServlet        : Completed 200 OK
2026-04-10T10:22:40.778+02:00 DEBUG 31076 --- [nio-8081-exec-4] o.s.security.web.FilterChainProxy        : Securing POST /api/utilisateurs/login
2026-04-10T10:22:40.779+02:00 DEBUG 31076 --- [nio-8081-exec-4] club.taekwondo.config.JwtAuthFilter      : [SEC] Endpoint public ignoré: /api/utilisateurs/login
2026-04-10T10:22:40.779+02:00 DEBUG 31076 --- [nio-8081-exec-4] o.s.s.w.a.AnonymousAuthenticationFilter  : Set SecurityContextHolder to anonymous SecurityContext
2026-04-10T10:22:40.779+02:00 DEBUG 31076 --- [nio-8081-exec-4] o.s.security.web.FilterChainProxy        : Secured POST /api/utilisateurs/login
2026-04-10T10:22:40.779+02:00 DEBUG 31076 --- [nio-8081-exec-4] club.taekwondo.config.JwtAuthFilter      : [SEC] Endpoint public ignoré: /api/utilisateurs/login
2026-04-10T10:22:40.780+02:00 DEBUG 31076 --- [nio-8081-exec-4] o.s.web.servlet.DispatcherServlet        : POST "/api/utilisateurs/login", parameters={}
2026-04-10T10:22:40.780+02:00 DEBUG 31076 --- [nio-8081-exec-4] s.w.s.m.m.a.RequestMappingHandlerMapping : Mapped to club.taekwondo.controller.jpa.UtilisateurController#login(LoginDTO)
2026-04-10T10:22:40.780+02:00 DEBUG 31076 --- [nio-8081-exec-4] m.m.a.RequestResponseBodyMethodProcessor : Read "application/json;charset=UTF-8" to [club.taekwondo.dto.LoginDTO@460a3e3b]
[2026-04-10T10:22:40.781230300+02:00][USR][LOGIN] ? payload re�u
[2026-04-10T10:22:40.781230300+02:00][USR-SVC][login] email=superadmin@club.local -> normalized=superadmin@club.local, password=***(9 chars)
2026-04-10T10:22:40.782+02:00 DEBUG 31076 --- [nio-8081-exec-4] org.hibernate.SQL                        : select u1_0.id,u1_0.adresse,u1_0.club_id,u1_0.date_naissance,u1_0.email,u1_0.nom,u1_0.password,u1_0.password_temporaire,u1_0.password_updated_at,u1_0.prenom,u1_0.role,u1_0.telephone from utilisateur u1_0 where upper(u1_0.email)=upper(?)
Hibernate: select u1_0.id,u1_0.adresse,u1_0.club_id,u1_0.date_naissance,u1_0.email,u1_0.nom,u1_0.password,u1_0.password_temporaire,u1_0.password_updated_at,u1_0.prenom,u1_0.role,u1_0.telephone from utilisateur u1_0 where upper(u1_0.email)=upper(?)
2026-04-10T10:22:40.783+02:00 DEBUG 31076 --- [nio-8081-exec-4] org.hibernate.SQL                        : select m1_0.id,m1_0.ceinture,m1_0.club_id,cu1_0.id,cu1_0.adresse,c2_0.id,c2_0.adresse,c2_0.email,c2_0.logo,c2_0.name,c2_0.telephone,cu1_0.date_naissance,cu1_0.email,cu1_0.nom,cu1_0.password,cu1_0.password_temporaire,cu1_0.password_updated_at,cu1_0.prenom,cu1_0.role,cu1_0.telephone,m1_0.date_naissance,m1_0.est_adulte,m1_0.nom,m1_0.numero_licence,m1_0.parent_id,m1_0.prenom from membre m1_0 left join utilisateur cu1_0 on cu1_0.id=m1_0.compte_utilisateur_id left join clubs c2_0 on c2_0.id=cu1_0.club_id where m1_0.compte_utilisateur_id=?
Hibernate: select m1_0.id,m1_0.ceinture,m1_0.club_id,cu1_0.id,cu1_0.adresse,c2_0.id,c2_0.adresse,c2_0.email,c2_0.logo,c2_0.name,c2_0.telephone,cu1_0.date_naissance,cu1_0.email,cu1_0.nom,cu1_0.password,cu1_0.password_temporaire,cu1_0.password_updated_at,cu1_0.prenom,cu1_0.role,cu1_0.telephone,m1_0.date_naissance,m1_0.est_adulte,m1_0.nom,m1_0.numero_licence,m1_0.parent_id,m1_0.prenom from membre m1_0 left join utilisateur cu1_0 on cu1_0.id=m1_0.compte_utilisateur_id left join clubs c2_0 on c2_0.id=cu1_0.club_id where m1_0.compte_utilisateur_id=?
[2026-04-10T10:22:40.853735400+02:00][USR-SVC][login] password matches? false for userId=1
[2026-04-10T10:22:40.854242100+02:00][USR-SVC][login] success? false
2026-04-10T10:22:40.854+02:00 DEBUG 31076 --- [nio-8081-exec-4] o.s.w.s.m.m.a.HttpEntityMethodProcessor  : Using 'application/json', given [*/*] and supported [application/json, application/*+json]
2026-04-10T10:22:40.855+02:00 DEBUG 31076 --- [nio-8081-exec-4] o.s.w.s.m.m.a.HttpEntityMethodProcessor  : Writing [{message=Email ou mot de passe incorrect.}]
2026-04-10T10:22:40.856+02:00 DEBUG 31076 --- [nio-8081-exec-4] o.s.web.servlet.DispatcherServlet        : Completed 401 UNAUTHORIZED
2026-04-10T10:22:40.907+02:00 DEBUG 31076 --- [nio-8081-exec-3] o.s.security.web.FilterChainProxy        : Securing GET /api/utilisateurs/me
2026-04-10T10:22:40.908+02:00 DEBUG 31076 --- [nio-8081-exec-3] club.taekwondo.config.JwtAuthFilter      : [SEC] GET /api/utilisateurs/me
2026-04-10T10:22:40.908+02:00 DEBUG 31076 --- [nio-8081-exec-3] club.taekwondo.config.JwtAuthFilter      : [SEC] Header Authorization: null
2026-04-10T10:22:40.908+02:00 DEBUG 31076 --- [nio-8081-exec-3] club.taekwondo.config.JwtAuthFilter      : [SEC] Pas de Bearer → anonyme
2026-04-10T10:22:40.908+02:00 DEBUG 31076 --- [nio-8081-exec-3] o.s.s.w.a.AnonymousAuthenticationFilter  : Set SecurityContextHolder to anonymous SecurityContext
2026-04-10T10:22:40.910+02:00  WARN 31076 --- [nio-8081-exec-3] club.taekwondo.config.SecurityConfig     : [SEC] 401 GET /api/utilisateurs/me
2026-04-10T10:22:40.958+02:00 DEBUG 31076 --- [nio-8081-exec-7] o.s.security.web.FilterChainProxy        : Securing GET /api/utilisateurs
2026-04-10T10:22:40.959+02:00 DEBUG 31076 --- [nio-8081-exec-7] club.taekwondo.config.JwtAuthFilter      : [SEC] GET /api/utilisateurs
2026-04-10T10:22:40.959+02:00 DEBUG 31076 --- [nio-8081-exec-7] club.taekwondo.config.JwtAuthFilter      : [SEC] Header Authorization: Bearer eyJhbGciOiJIUzI1NiJ9.eyJzdWIiOiJvY2UuZ3VleWVAZ21haWwuY29tIiwicm9sZSI6IlBBUkVOVCIsInV0aWxpc2F0ZXVySWQiOjUsImlhdCI6MTc3NTgwOTM2MCwiZXhwIjoxNzc1ODk1NzYwfQ.D6XZFA5QQWwu2RgaEjNmk0Pio1Gdwys4ZrnsEADXVps
2026-04-10T10:22:40.959+02:00 DEBUG 31076 --- [nio-8081-exec-7] club.taekwondo.config.JwtAuthFilter      : [SEC] Bearer présent (len=195)
2026-04-10T10:22:40.987+02:00 DEBUG 31076 --- [nio-8081-exec-7] club.taekwondo.config.JwtAuthFilter      : [SEC] email extrait du JWT = oce.gueye@gmail.com
2026-04-10T10:22:40.987+02:00 DEBUG 31076 --- [nio-8081-exec-7] club.taekwondo.config.JwtAuthFilter      : [SEC] rôle extrait du JWT = PARENT
[2026-04-10T10:22:40.990849300+02:00][USR-SVC][getUtilisateurEntityByEmail] in email=oce.gueye@gmail.com -> normalized=oce.gueye@gmail.com
2026-04-10T10:22:41.020+02:00 DEBUG 31076 --- [nio-8081-exec-7] org.hibernate.SQL                        : select u1_0.id,u1_0.adresse,u1_0.club_id,u1_0.date_naissance,u1_0.email,u1_0.nom,u1_0.password,u1_0.password_temporaire,u1_0.password_updated_at,u1_0.prenom,u1_0.role,u1_0.telephone from utilisateur u1_0 where upper(u1_0.email)=upper(?)
Hibernate: select u1_0.id,u1_0.adresse,u1_0.club_id,u1_0.date_naissance,u1_0.email,u1_0.nom,u1_0.password,u1_0.password_temporaire,u1_0.password_updated_at,u1_0.prenom,u1_0.role,u1_0.telephone from utilisateur u1_0 where upper(u1_0.email)=upper(?)
2026-04-10T10:22:41.023+02:00 DEBUG 31076 --- [nio-8081-exec-7] org.hibernate.SQL                        : select c1_0.id,c1_0.adresse,c1_0.email,c1_0.logo,c1_0.name,c1_0.telephone from clubs c1_0 where c1_0.id=?
Hibernate: select c1_0.id,c1_0.adresse,c1_0.email,c1_0.logo,c1_0.name,c1_0.telephone from clubs c1_0 where c1_0.id=?
2026-04-10T10:22:41.024+02:00 DEBUG 31076 --- [nio-8081-exec-7] org.hibernate.SQL                        : select m1_0.id,m1_0.ceinture,m1_0.club_id,cu1_0.id,cu1_0.adresse,c2_0.id,c2_0.adresse,c2_0.email,c2_0.logo,c2_0.name,c2_0.telephone,cu1_0.date_naissance,cu1_0.email,cu1_0.nom,cu1_0.password,cu1_0.password_temporaire,cu1_0.password_updated_at,cu1_0.prenom,cu1_0.role,cu1_0.telephone,m1_0.date_naissance,m1_0.est_adulte,m1_0.nom,m1_0.numero_licence,m1_0.parent_id,m1_0.prenom from membre m1_0 left join utilisateur cu1_0 on cu1_0.id=m1_0.compte_utilisateur_id left join clubs c2_0 on c2_0.id=cu1_0.club_id where m1_0.compte_utilisateur_id=?
Hibernate: select m1_0.id,m1_0.ceinture,m1_0.club_id,cu1_0.id,cu1_0.adresse,c2_0.id,c2_0.adresse,c2_0.email,c2_0.logo,c2_0.name,c2_0.telephone,cu1_0.date_naissance,cu1_0.email,cu1_0.nom,cu1_0.password,cu1_0.password_temporaire,cu1_0.password_updated_at,cu1_0.prenom,cu1_0.role,cu1_0.telephone,m1_0.date_naissance,m1_0.est_adulte,m1_0.nom,m1_0.numero_licence,m1_0.parent_id,m1_0.prenom from membre m1_0 left join utilisateur cu1_0 on cu1_0.id=m1_0.compte_utilisateur_id left join clubs c2_0 on c2_0.id=cu1_0.club_id where m1_0.compte_utilisateur_id=?
[2026-04-10T10:22:41.026376300+02:00][USR-SVC][getUtilisateurEntityByEmail] present? true
2026-04-10T10:22:41.027+02:00 DEBUG 31076 --- [nio-8081-exec-7] club.taekwondo.config.JwtAuthFilter      : [SEC] Utilisateur trouvé: Oce gueye
2026-04-10T10:22:41.027+02:00 DEBUG 31076 --- [nio-8081-exec-7] club.taekwondo.config.JwtAuthFilter      : [SEC] rôle BDD normalisé = PARENT
2026-04-10T10:22:41.028+02:00 DEBUG 31076 --- [nio-8081-exec-7] club.taekwondo.config.JwtAuthFilter      : [SEC] Auth OK: user=oce.gueye@gmail.com authorities=[ROLE_PARENT]
2026-04-10T10:22:41.029+02:00 DEBUG 31076 --- [nio-8081-exec-7] o.s.security.web.FilterChainProxy        : Secured GET /api/utilisateurs
2026-04-10T10:22:41.029+02:00 DEBUG 31076 --- [nio-8081-exec-7] o.s.web.servlet.DispatcherServlet        : GET "/api/utilisateurs", parameters={}
2026-04-10T10:22:41.030+02:00 DEBUG 31076 --- [nio-8081-exec-7] s.w.s.m.m.a.RequestMappingHandlerMapping : Mapped to club.taekwondo.controller.jpa.UtilisateurController#listUtilisateurs(String, Long, String)
2026-04-10T10:22:41.033+02:00 DEBUG 31076 --- [nio-8081-exec-7] horizationManagerBeforeMethodInterceptor : Authorizing method invocation ReflectiveMethodInvocation: public org.springframework.http.ResponseEntity club.taekwondo.controller.jpa.UtilisateurController.listUtilisateurs(java.lang.String,java.lang.Long,java.lang.String); target is of class [club.taekwondo.controller.jpa.UtilisateurController]
2026-04-10T10:22:41.072+02:00 DEBUG 31076 --- [nio-8081-exec-7] horizationManagerBeforeMethodInterceptor : Failed to authorize ReflectiveMethodInvocation: public org.springframework.http.ResponseEntity club.taekwondo.controller.jpa.UtilisateurController.listUtilisateurs(java.lang.String,java.lang.Long,java.lang.String); target is of class [club.taekwondo.controller.jpa.UtilisateurController] with authorization manager org.springframework.security.config.annotation.method.configuration.DeferringObservationAuthorizationManager@11718c7c and decision ExpressionAuthorizationDecision [granted=false, expressionAttribute=hasAnyRole('ADMIN', 'SUPER_ADMIN')]
2026-04-10T10:22:41.074+02:00 DEBUG 31076 --- [nio-8081-exec-7] .m.m.a.ExceptionHandlerExceptionResolver : Using @ExceptionHandler club.taekwondo.controller.GlobalExceptionHandler#handleAccessDenied(AccessDeniedException)
2026-04-10T10:22:41.075+02:00 DEBUG 31076 --- [nio-8081-exec-7] o.s.w.s.m.m.a.HttpEntityMethodProcessor  : Using 'application/json', given [*/*] and supported [application/json, application/*+json]
2026-04-10T10:22:41.075+02:00 DEBUG 31076 --- [nio-8081-exec-7] o.s.w.s.m.m.a.HttpEntityMethodProcessor  : Writing [{message=Access Denied}]
2026-04-10T10:22:41.077+02:00  WARN 31076 --- [nio-8081-exec-7] .m.m.a.ExceptionHandlerExceptionResolver : Resolved [org.springframework.security.access.AccessDeniedException: Access Denied]
2026-04-10T10:22:41.077+02:00 DEBUG 31076 --- [nio-8081-exec-7] o.s.web.servlet.DispatcherServlet        : Completed 403 FORBIDDEN
2026-04-10T10:22:41.135+02:00 DEBUG 31076 --- [nio-8081-exec-9] o.s.security.web.FilterChainProxy        : Securing GET /api/utilisateurs?role=ADMIN&clubId=1
2026-04-10T10:22:41.135+02:00 DEBUG 31076 --- [nio-8081-exec-9] club.taekwondo.config.JwtAuthFilter      : [SEC] GET /api/utilisateurs
2026-04-10T10:22:41.136+02:00 DEBUG 31076 --- [nio-8081-exec-9] club.taekwondo.config.JwtAuthFilter      : [SEC] Header Authorization: Bearer eyJhbGciOiJIUzI1NiJ9.eyJzdWIiOiJhZG1pbnZpbGxldXJiYW5uZUBnbWFpbC5jb20iLCJyb2xlIjoiQURNSU4iLCJ1dGlsaXNhdGV1cklkIjozLCJpYXQiOjE3NzU4MDkzNjAsImV4cCI6MTc3NTg5NTc2MH0.zDDy7jvL9QUoKP4BznaTFlSaG1BlxK7kauHZT9CkP_E
2026-04-10T10:22:41.136+02:00 DEBUG 31076 --- [nio-8081-exec-9] club.taekwondo.config.JwtAuthFilter      : [SEC] Bearer présent (len=204)
2026-04-10T10:22:41.140+02:00 DEBUG 31076 --- [nio-8081-exec-9] club.taekwondo.config.JwtAuthFilter      : [SEC] email extrait du JWT = adminvilleurbanne@gmail.com
2026-04-10T10:22:41.140+02:00 DEBUG 31076 --- [nio-8081-exec-9] club.taekwondo.config.JwtAuthFilter      : [SEC] rôle extrait du JWT = ADMIN
[2026-04-10T10:22:41.142285100+02:00][USR-SVC][getUtilisateurEntityByEmail] in email=adminvilleurbanne@gmail.com -> normalized=adminvilleurbanne@gmail.com
2026-04-10T10:22:41.143+02:00 DEBUG 31076 --- [nio-8081-exec-9] org.hibernate.SQL                        : select u1_0.id,u1_0.adresse,u1_0.club_id,u1_0.date_naissance,u1_0.email,u1_0.nom,u1_0.password,u1_0.password_temporaire,u1_0.password_updated_at,u1_0.prenom,u1_0.role,u1_0.telephone from utilisateur u1_0 where upper(u1_0.email)=upper(?)
Hibernate: select u1_0.id,u1_0.adresse,u1_0.club_id,u1_0.date_naissance,u1_0.email,u1_0.nom,u1_0.password,u1_0.password_temporaire,u1_0.password_updated_at,u1_0.prenom,u1_0.role,u1_0.telephone from utilisateur u1_0 where upper(u1_0.email)=upper(?)
2026-04-10T10:22:41.144+02:00 DEBUG 31076 --- [nio-8081-exec-9] org.hibernate.SQL                        : select c1_0.id,c1_0.adresse,c1_0.email,c1_0.logo,c1_0.name,c1_0.telephone from clubs c1_0 where c1_0.id=?
Hibernate: select c1_0.id,c1_0.adresse,c1_0.email,c1_0.logo,c1_0.name,c1_0.telephone from clubs c1_0 where c1_0.id=?
2026-04-10T10:22:41.146+02:00 DEBUG 31076 --- [nio-8081-exec-9] org.hibernate.SQL                        : select m1_0.id,m1_0.ceinture,m1_0.club_id,cu1_0.id,cu1_0.adresse,c2_0.id,c2_0.adresse,c2_0.email,c2_0.logo,c2_0.name,c2_0.telephone,cu1_0.date_naissance,cu1_0.email,cu1_0.nom,cu1_0.password,cu1_0.password_temporaire,cu1_0.password_updated_at,cu1_0.prenom,cu1_0.role,cu1_0.telephone,m1_0.date_naissance,m1_0.est_adulte,m1_0.nom,m1_0.numero_licence,m1_0.parent_id,m1_0.prenom from membre m1_0 left join utilisateur cu1_0 on cu1_0.id=m1_0.compte_utilisateur_id left join clubs c2_0 on c2_0.id=cu1_0.club_id where m1_0.compte_utilisateur_id=?
Hibernate: select m1_0.id,m1_0.ceinture,m1_0.club_id,cu1_0.id,cu1_0.adresse,c2_0.id,c2_0.adresse,c2_0.email,c2_0.logo,c2_0.name,c2_0.telephone,cu1_0.date_naissance,cu1_0.email,cu1_0.nom,cu1_0.password,cu1_0.password_temporaire,cu1_0.password_updated_at,cu1_0.prenom,cu1_0.role,cu1_0.telephone,m1_0.date_naissance,m1_0.est_adulte,m1_0.nom,m1_0.numero_licence,m1_0.parent_id,m1_0.prenom from membre m1_0 left join utilisateur cu1_0 on cu1_0.id=m1_0.compte_utilisateur_id left join clubs c2_0 on c2_0.id=cu1_0.club_id where m1_0.compte_utilisateur_id=?
[2026-04-10T10:22:41.147598700+02:00][USR-SVC][getUtilisateurEntityByEmail] present? true
2026-04-10T10:22:41.148+02:00 DEBUG 31076 --- [nio-8081-exec-9] club.taekwondo.config.JwtAuthFilter      : [SEC] Utilisateur trouvé: adminVilleurbanne adminVilleurbanne
2026-04-10T10:22:41.148+02:00 DEBUG 31076 --- [nio-8081-exec-9] club.taekwondo.config.JwtAuthFilter      : [SEC] rôle BDD normalisé = ADMIN
2026-04-10T10:22:41.148+02:00 DEBUG 31076 --- [nio-8081-exec-9] club.taekwondo.config.JwtAuthFilter      : [SEC] Auth OK: user=adminvilleurbanne@gmail.com authorities=[ROLE_ADMIN]
2026-04-10T10:22:41.148+02:00 DEBUG 31076 --- [nio-8081-exec-9] o.s.security.web.FilterChainProxy        : Secured GET /api/utilisateurs?role=ADMIN&clubId=1
2026-04-10T10:22:41.149+02:00 DEBUG 31076 --- [nio-8081-exec-9] o.s.web.servlet.DispatcherServlet        : GET "/api/utilisateurs?role=ADMIN&clubId=1", parameters={masked}
2026-04-10T10:22:41.149+02:00 DEBUG 31076 --- [nio-8081-exec-9] s.w.s.m.m.a.RequestMappingHandlerMapping : Mapped to club.taekwondo.controller.jpa.UtilisateurController#listUtilisateurs(String, Long, String)
2026-04-10T10:22:41.155+02:00 DEBUG 31076 --- [nio-8081-exec-9] horizationManagerBeforeMethodInterceptor : Authorizing method invocation ReflectiveMethodInvocation: public org.springframework.http.ResponseEntity club.taekwondo.controller.jpa.UtilisateurController.listUtilisateurs(java.lang.String,java.lang.Long,java.lang.String); target is of class [club.taekwondo.controller.jpa.UtilisateurController]
2026-04-10T10:22:41.156+02:00 DEBUG 31076 --- [nio-8081-exec-9] horizationManagerBeforeMethodInterceptor : Authorized method invocation ReflectiveMethodInvocation: public org.springframework.http.ResponseEntity club.taekwondo.controller.jpa.UtilisateurController.listUtilisateurs(java.lang.String,java.lang.Long,java.lang.String); target is of class [club.taekwondo.controller.jpa.UtilisateurController]
[2026-04-10T10:22:41.156840+02:00][USR][LIST] params role=ADMIN, q=null
2026-04-10T10:22:41.159+02:00 DEBUG 31076 --- [nio-8081-exec-9] org.hibernate.SQL                        : select u1_0.id,u1_0.adresse,u1_0.club_id,u1_0.date_naissance,u1_0.email,u1_0.nom,u1_0.password,u1_0.password_temporaire,u1_0.password_updated_at,u1_0.prenom,u1_0.role,u1_0.telephone from utilisateur u1_0
Hibernate: select u1_0.id,u1_0.adresse,u1_0.club_id,u1_0.date_naissance,u1_0.email,u1_0.nom,u1_0.password,u1_0.password_temporaire,u1_0.password_updated_at,u1_0.prenom,u1_0.role,u1_0.telephone from utilisateur u1_0
2026-04-10T10:22:41.161+02:00 DEBUG 31076 --- [nio-8081-exec-9] org.hibernate.SQL                        : select m1_0.id,m1_0.ceinture,m1_0.club_id,cu1_0.id,cu1_0.adresse,c2_0.id,c2_0.adresse,c2_0.email,c2_0.logo,c2_0.name,c2_0.telephone,cu1_0.date_naissance,cu1_0.email,cu1_0.nom,cu1_0.password,cu1_0.password_temporaire,cu1_0.password_updated_at,cu1_0.prenom,cu1_0.role,cu1_0.telephone,m1_0.date_naissance,m1_0.est_adulte,m1_0.nom,m1_0.numero_licence,m1_0.parent_id,m1_0.prenom from membre m1_0 left join utilisateur cu1_0 on cu1_0.id=m1_0.compte_utilisateur_id left join clubs c2_0 on c2_0.id=cu1_0.club_id where m1_0.compte_utilisateur_id=?
Hibernate: select m1_0.id,m1_0.ceinture,m1_0.club_id,cu1_0.id,cu1_0.adresse,c2_0.id,c2_0.adresse,c2_0.email,c2_0.logo,c2_0.name,c2_0.telephone,cu1_0.date_naissance,cu1_0.email,cu1_0.nom,cu1_0.password,cu1_0.password_temporaire,cu1_0.password_updated_at,cu1_0.prenom,cu1_0.role,cu1_0.telephone,m1_0.date_naissance,m1_0.est_adulte,m1_0.nom,m1_0.numero_licence,m1_0.parent_id,m1_0.prenom from membre m1_0 left join utilisateur cu1_0 on cu1_0.id=m1_0.compte_utilisateur_id left join clubs c2_0 on c2_0.id=cu1_0.club_id where m1_0.compte_utilisateur_id=?
2026-04-10T10:22:41.162+02:00 DEBUG 31076 --- [nio-8081-exec-9] org.hibernate.SQL                        : select c1_0.id,c1_0.adresse,c1_0.email,c1_0.logo,c1_0.name,c1_0.telephone from clubs c1_0 where c1_0.id=?
Hibernate: select c1_0.id,c1_0.adresse,c1_0.email,c1_0.logo,c1_0.name,c1_0.telephone from clubs c1_0 where c1_0.id=?
2026-04-10T10:22:41.163+02:00 DEBUG 31076 --- [nio-8081-exec-9] org.hibernate.SQL                        : select m1_0.id,m1_0.ceinture,m1_0.club_id,cu1_0.id,cu1_0.adresse,c2_0.id,c2_0.adresse,c2_0.email,c2_0.logo,c2_0.name,c2_0.telephone,cu1_0.date_naissance,cu1_0.email,cu1_0.nom,cu1_0.password,cu1_0.password_temporaire,cu1_0.password_updated_at,cu1_0.prenom,cu1_0.role,cu1_0.telephone,m1_0.date_naissance,m1_0.est_adulte,m1_0.nom,m1_0.numero_licence,m1_0.parent_id,m1_0.prenom from membre m1_0 left join utilisateur cu1_0 on cu1_0.id=m1_0.compte_utilisateur_id left join clubs c2_0 on c2_0.id=cu1_0.club_id where m1_0.compte_utilisateur_id=?
Hibernate: select m1_0.id,m1_0.ceinture,m1_0.club_id,cu1_0.id,cu1_0.adresse,c2_0.id,c2_0.adresse,c2_0.email,c2_0.logo,c2_0.name,c2_0.telephone,cu1_0.date_naissance,cu1_0.email,cu1_0.nom,cu1_0.password,cu1_0.password_temporaire,cu1_0.password_updated_at,cu1_0.prenom,cu1_0.role,cu1_0.telephone,m1_0.date_naissance,m1_0.est_adulte,m1_0.nom,m1_0.numero_licence,m1_0.parent_id,m1_0.prenom from membre m1_0 left join utilisateur cu1_0 on cu1_0.id=m1_0.compte_utilisateur_id left join clubs c2_0 on c2_0.id=cu1_0.club_id where m1_0.compte_utilisateur_id=?
2026-04-10T10:22:41.165+02:00 DEBUG 31076 --- [nio-8081-exec-9] org.hibernate.SQL                        : select c1_0.id,c1_0.adresse,c1_0.email,c1_0.logo,c1_0.name,c1_0.telephone from clubs c1_0 where c1_0.id=?
Hibernate: select c1_0.id,c1_0.adresse,c1_0.email,c1_0.logo,c1_0.name,c1_0.telephone from clubs c1_0 where c1_0.id=?
2026-04-10T10:22:41.166+02:00 DEBUG 31076 --- [nio-8081-exec-9] org.hibernate.SQL                        : select m1_0.id,m1_0.ceinture,m1_0.club_id,cu1_0.id,cu1_0.adresse,c2_0.id,c2_0.adresse,c2_0.email,c2_0.logo,c2_0.name,c2_0.telephone,cu1_0.date_naissance,cu1_0.email,cu1_0.nom,cu1_0.password,cu1_0.password_temporaire,cu1_0.password_updated_at,cu1_0.prenom,cu1_0.role,cu1_0.telephone,m1_0.date_naissance,m1_0.est_adulte,m1_0.nom,m1_0.numero_licence,m1_0.parent_id,m1_0.prenom from membre m1_0 left join utilisateur cu1_0 on cu1_0.id=m1_0.compte_utilisateur_id left join clubs c2_0 on c2_0.id=cu1_0.club_id where m1_0.compte_utilisateur_id=?
Hibernate: select m1_0.id,m1_0.ceinture,m1_0.club_id,cu1_0.id,cu1_0.adresse,c2_0.id,c2_0.adresse,c2_0.email,c2_0.logo,c2_0.name,c2_0.telephone,cu1_0.date_naissance,cu1_0.email,cu1_0.nom,cu1_0.password,cu1_0.password_temporaire,cu1_0.password_updated_at,cu1_0.prenom,cu1_0.role,cu1_0.telephone,m1_0.date_naissance,m1_0.est_adulte,m1_0.nom,m1_0.numero_licence,m1_0.parent_id,m1_0.prenom from membre m1_0 left join utilisateur cu1_0 on cu1_0.id=m1_0.compte_utilisateur_id left join clubs c2_0 on c2_0.id=cu1_0.club_id where m1_0.compte_utilisateur_id=?
2026-04-10T10:22:41.167+02:00 DEBUG 31076 --- [nio-8081-exec-9] org.hibernate.SQL                        : select m1_0.id,m1_0.ceinture,m1_0.club_id,cu1_0.id,cu1_0.adresse,c2_0.id,c2_0.adresse,c2_0.email,c2_0.logo,c2_0.name,c2_0.telephone,cu1_0.date_naissance,cu1_0.email,cu1_0.nom,cu1_0.password,cu1_0.password_temporaire,cu1_0.password_updated_at,cu1_0.prenom,cu1_0.role,cu1_0.telephone,m1_0.date_naissance,m1_0.est_adulte,m1_0.nom,m1_0.numero_licence,m1_0.parent_id,m1_0.prenom from membre m1_0 left join utilisateur cu1_0 on cu1_0.id=m1_0.compte_utilisateur_id left join clubs c2_0 on c2_0.id=cu1_0.club_id where m1_0.compte_utilisateur_id=?
Hibernate: select m1_0.id,m1_0.ceinture,m1_0.club_id,cu1_0.id,cu1_0.adresse,c2_0.id,c2_0.adresse,c2_0.email,c2_0.logo,c2_0.name,c2_0.telephone,cu1_0.date_naissance,cu1_0.email,cu1_0.nom,cu1_0.password,cu1_0.password_temporaire,cu1_0.password_updated_at,cu1_0.prenom,cu1_0.role,cu1_0.telephone,m1_0.date_naissance,m1_0.est_adulte,m1_0.nom,m1_0.numero_licence,m1_0.parent_id,m1_0.prenom from membre m1_0 left join utilisateur cu1_0 on cu1_0.id=m1_0.compte_utilisateur_id left join clubs c2_0 on c2_0.id=cu1_0.club_id where m1_0.compte_utilisateur_id=?
2026-04-10T10:22:41.168+02:00 DEBUG 31076 --- [nio-8081-exec-9] org.hibernate.SQL                        : select m1_0.id,m1_0.ceinture,m1_0.club_id,cu1_0.id,cu1_0.adresse,c2_0.id,c2_0.adresse,c2_0.email,c2_0.logo,c2_0.name,c2_0.telephone,cu1_0.date_naissance,cu1_0.email,cu1_0.nom,cu1_0.password,cu1_0.password_temporaire,cu1_0.password_updated_at,cu1_0.prenom,cu1_0.role,cu1_0.telephone,m1_0.date_naissance,m1_0.est_adulte,m1_0.nom,m1_0.numero_licence,m1_0.parent_id,m1_0.prenom from membre m1_0 left join utilisateur cu1_0 on cu1_0.id=m1_0.compte_utilisateur_id left join clubs c2_0 on c2_0.id=cu1_0.club_id where m1_0.compte_utilisateur_id=?
Hibernate: select m1_0.id,m1_0.ceinture,m1_0.club_id,cu1_0.id,cu1_0.adresse,c2_0.id,c2_0.adresse,c2_0.email,c2_0.logo,c2_0.name,c2_0.telephone,cu1_0.date_naissance,cu1_0.email,cu1_0.nom,cu1_0.password,cu1_0.password_temporaire,cu1_0.password_updated_at,cu1_0.prenom,cu1_0.role,cu1_0.telephone,m1_0.date_naissance,m1_0.est_adulte,m1_0.nom,m1_0.numero_licence,m1_0.parent_id,m1_0.prenom from membre m1_0 left join utilisateur cu1_0 on cu1_0.id=m1_0.compte_utilisateur_id left join clubs c2_0 on c2_0.id=cu1_0.club_id where m1_0.compte_utilisateur_id=?
2026-04-10T10:22:41.169+02:00 DEBUG 31076 --- [nio-8081-exec-9] org.hibernate.SQL                        : select m1_0.id,m1_0.ceinture,m1_0.club_id,cu1_0.id,cu1_0.adresse,c2_0.id,c2_0.adresse,c2_0.email,c2_0.logo,c2_0.name,c2_0.telephone,cu1_0.date_naissance,cu1_0.email,cu1_0.nom,cu1_0.password,cu1_0.password_temporaire,cu1_0.password_updated_at,cu1_0.prenom,cu1_0.role,cu1_0.telephone,m1_0.date_naissance,m1_0.est_adulte,m1_0.nom,m1_0.numero_licence,m1_0.parent_id,m1_0.prenom from membre m1_0 left join utilisateur cu1_0 on cu1_0.id=m1_0.compte_utilisateur_id left join clubs c2_0 on c2_0.id=cu1_0.club_id where m1_0.compte_utilisateur_id=?
Hibernate: select m1_0.id,m1_0.ceinture,m1_0.club_id,cu1_0.id,cu1_0.adresse,c2_0.id,c2_0.adresse,c2_0.email,c2_0.logo,c2_0.name,c2_0.telephone,cu1_0.date_naissance,cu1_0.email,cu1_0.nom,cu1_0.password,cu1_0.password_temporaire,cu1_0.password_updated_at,cu1_0.prenom,cu1_0.role,cu1_0.telephone,m1_0.date_naissance,m1_0.est_adulte,m1_0.nom,m1_0.numero_licence,m1_0.parent_id,m1_0.prenom from membre m1_0 left join utilisateur cu1_0 on cu1_0.id=m1_0.compte_utilisateur_id left join clubs c2_0 on c2_0.id=cu1_0.club_id where m1_0.compte_utilisateur_id=?
2026-04-10T10:22:41.170+02:00 DEBUG 31076 --- [nio-8081-exec-9] org.hibernate.SQL                        : select m1_0.id,m1_0.ceinture,m1_0.club_id,cu1_0.id,cu1_0.adresse,c2_0.id,c2_0.adresse,c2_0.email,c2_0.logo,c2_0.name,c2_0.telephone,cu1_0.date_naissance,cu1_0.email,cu1_0.nom,cu1_0.password,cu1_0.password_temporaire,cu1_0.password_updated_at,cu1_0.prenom,cu1_0.role,cu1_0.telephone,m1_0.date_naissance,m1_0.est_adulte,m1_0.nom,m1_0.numero_licence,m1_0.parent_id,m1_0.prenom from membre m1_0 left join utilisateur cu1_0 on cu1_0.id=m1_0.compte_utilisateur_id left join clubs c2_0 on c2_0.id=cu1_0.club_id where m1_0.compte_utilisateur_id=?
Hibernate: select m1_0.id,m1_0.ceinture,m1_0.club_id,cu1_0.id,cu1_0.adresse,c2_0.id,c2_0.adresse,c2_0.email,c2_0.logo,c2_0.name,c2_0.telephone,cu1_0.date_naissance,cu1_0.email,cu1_0.nom,cu1_0.password,cu1_0.password_temporaire,cu1_0.password_updated_at,cu1_0.prenom,cu1_0.role,cu1_0.telephone,m1_0.date_naissance,m1_0.est_adulte,m1_0.nom,m1_0.numero_licence,m1_0.parent_id,m1_0.prenom from membre m1_0 left join utilisateur cu1_0 on cu1_0.id=m1_0.compte_utilisateur_id left join clubs c2_0 on c2_0.id=cu1_0.club_id where m1_0.compte_utilisateur_id=?
2026-04-10T10:22:41.171+02:00 DEBUG 31076 --- [nio-8081-exec-9] org.hibernate.SQL                        : select m1_0.id,m1_0.ceinture,m1_0.club_id,cu1_0.id,cu1_0.adresse,c2_0.id,c2_0.adresse,c2_0.email,c2_0.logo,c2_0.name,c2_0.telephone,cu1_0.date_naissance,cu1_0.email,cu1_0.nom,cu1_0.password,cu1_0.password_temporaire,cu1_0.password_updated_at,cu1_0.prenom,cu1_0.role,cu1_0.telephone,m1_0.date_naissance,m1_0.est_adulte,m1_0.nom,m1_0.numero_licence,m1_0.parent_id,m1_0.prenom from membre m1_0 left join utilisateur cu1_0 on cu1_0.id=m1_0.compte_utilisateur_id left join clubs c2_0 on c2_0.id=cu1_0.club_id where m1_0.compte_utilisateur_id=?
Hibernate: select m1_0.id,m1_0.ceinture,m1_0.club_id,cu1_0.id,cu1_0.adresse,c2_0.id,c2_0.adresse,c2_0.email,c2_0.logo,c2_0.name,c2_0.telephone,cu1_0.date_naissance,cu1_0.email,cu1_0.nom,cu1_0.password,cu1_0.password_temporaire,cu1_0.password_updated_at,cu1_0.prenom,cu1_0.role,cu1_0.telephone,m1_0.date_naissance,m1_0.est_adulte,m1_0.nom,m1_0.numero_licence,m1_0.parent_id,m1_0.prenom from membre m1_0 left join utilisateur cu1_0 on cu1_0.id=m1_0.compte_utilisateur_id left join clubs c2_0 on c2_0.id=cu1_0.club_id where m1_0.compte_utilisateur_id=?
[2026-04-10T10:22:41.174414100+02:00][USR-SVC][convertToDTO] in: Entity[id=2, nom=Admin, prenom=System, email=admin@club.local, tel=null, adr='null', dateN=null, role=ADMIN]
[2026-04-10T10:22:41.174944800+02:00][USR-SVC][convertToDTO] out: DTO[id=2, nom=Admin, prenom=System, email=admin@club.local, tel=null, adr='null', dateN=null, role=ADMIN, pwd=null]
[2026-04-10T10:22:41.174944800+02:00][USR-SVC][convertToDTO] in: Entity[id=4, nom=adminBourg, prenom=adminBourg, email=adminbourg@gmail.com, tel=null, adr='null', dateN=null, role=ADMIN]
[2026-04-10T10:22:41.175473100+02:00][USR-SVC][convertToDTO] out: DTO[id=4, nom=adminBourg, prenom=adminBourg, email=adminbourg@gmail.com, tel=null, adr='null', dateN=null, role=ADMIN, pwd=null]
[2026-04-10T10:22:41.175473100+02:00][USR-SVC][convertToDTO] in: Entity[id=6, nom=Nenet, prenom=Gina, email=gina.nenet@hotmail.fr, tel=067524643, adr='29b rue du professeur roux , 42800 Rive De Gier, France', dateN=1962-08-31, role=PARENT]
2026-04-10T10:22:41.176+02:00 DEBUG 31076 --- [nio-8081-exec-9] org.hibernate.SQL                        : select m1_0.id,m1_0.ceinture,m1_0.club_id,m1_0.compte_utilisateur_id,m1_0.date_naissance,m1_0.est_adulte,m1_0.nom,m1_0.numero_licence,m1_0.parent_id,m1_0.prenom from membre m1_0 where m1_0.parent_id=?
Hibernate: select m1_0.id,m1_0.ceinture,m1_0.club_id,m1_0.compte_utilisateur_id,m1_0.date_naissance,m1_0.est_adulte,m1_0.nom,m1_0.numero_licence,m1_0.parent_id,m1_0.prenom from membre m1_0 where m1_0.parent_id=?
[USR-SVC] Parent enrichi: L�o Nenet
[2026-04-10T10:22:41.178145700+02:00][USR-SVC][convertToDTO] out: DTO[id=6, nom=Nenet, prenom=Gina, email=gina.nenet@hotmail.fr, tel=067524643, adr='29b rue du professeur roux , 42800 Rive De Gier, France', dateN=1962-08-31, role=PARENT, pwd=null]
[2026-04-10T10:22:41.178145700+02:00][USR-SVC][convertToDTO] in: Entity[id=10, nom=Gueye, prenom=ali, email=agueye1403@gmail.com, tel=0682192786, adr='29b rur du professeur roux, 42800 Rive De Gier, France', dateN=1991-07-03, role=PARENT]
2026-04-10T10:22:41.179+02:00 DEBUG 31076 --- [nio-8081-exec-9] org.hibernate.SQL                        : select m1_0.id,m1_0.ceinture,m1_0.club_id,m1_0.compte_utilisateur_id,m1_0.date_naissance,m1_0.est_adulte,m1_0.nom,m1_0.numero_licence,m1_0.parent_id,m1_0.prenom from membre m1_0 where m1_0.parent_id=?
Hibernate: select m1_0.id,m1_0.ceinture,m1_0.club_id,m1_0.compte_utilisateur_id,m1_0.date_naissance,m1_0.est_adulte,m1_0.nom,m1_0.numero_licence,m1_0.parent_id,m1_0.prenom from membre m1_0 where m1_0.parent_id=?
[USR-SVC] Parent enrichi: Loic Gueye
[2026-04-10T10:22:41.180777200+02:00][USR-SVC][convertToDTO] out: DTO[id=10, nom=Gueye, prenom=ali, email=agueye1403@gmail.com, tel=0682192786, adr='29b rur du professeur roux, 42800 Rive De Gier, France', dateN=1991-07-03, role=PARENT, pwd=null]
[2026-04-10T10:22:41.180777200+02:00][USR-SVC][convertToDTO] in: Entity[id=1, nom=Super, prenom=Admin, email=superadmin@club.local, tel=null, adr='null', dateN=null, role=SUPER_ADMIN]
[2026-04-10T10:22:41.180777200+02:00][USR-SVC][convertToDTO] out: DTO[id=1, nom=Super, prenom=Admin, email=superadmin@club.local, tel=null, adr='null', dateN=null, role=SUPER_ADMIN, pwd=null]
[2026-04-10T10:22:41.181304700+02:00][USR-SVC][convertToDTO] in: Entity[id=3, nom=adminVilleurbanne, prenom=adminVilleurbanne, email=adminvilleurbanne@gmail.com, tel=null, adr='null', dateN=null, role=ADMIN]
[2026-04-10T10:22:41.181304700+02:00][USR-SVC][convertToDTO] out: DTO[id=3, nom=adminVilleurbanne, prenom=adminVilleurbanne, email=adminvilleurbanne@gmail.com, tel=null, adr='null', dateN=null, role=ADMIN, pwd=null]
[2026-04-10T10:22:41.181304700+02:00][USR-SVC][convertToDTO] in: Entity[id=5, nom=gueye, prenom=Oce, email=oce.gueye@gmail.com, tel=null, adr='null', dateN=null, role=PARENT]
2026-04-10T10:22:41.181+02:00 DEBUG 31076 --- [nio-8081-exec-9] org.hibernate.SQL                        : select m1_0.id,m1_0.ceinture,m1_0.club_id,m1_0.compte_utilisateur_id,m1_0.date_naissance,m1_0.est_adulte,m1_0.nom,m1_0.numero_licence,m1_0.parent_id,m1_0.prenom from membre m1_0 where m1_0.parent_id=?
Hibernate: select m1_0.id,m1_0.ceinture,m1_0.club_id,m1_0.compte_utilisateur_id,m1_0.date_naissance,m1_0.est_adulte,m1_0.nom,m1_0.numero_licence,m1_0.parent_id,m1_0.prenom from membre m1_0 where m1_0.parent_id=?
[2026-04-10T10:22:41.183395800+02:00][USR-SVC][convertToDTO] out: DTO[id=5, nom=gueye, prenom=Oce, email=oce.gueye@gmail.com, tel=null, adr='null', dateN=null, role=PARENT, pwd=null]
[2026-04-10T10:22:41.183395800+02:00][USR-SVC][convertToDTO] in: Entity[id=9, nom=Gueye, prenom=Alizee, email=alizee.gueye@gmail.com, tel=0682192787, adr='29b rue du professeur roux, 42800 Rive De Gier, France', dateN=1991-07-03, role=MEMBRE]
[2026-04-10T10:22:41.183395800+02:00][USR-SVC][convertToDTO] out: DTO[id=9, nom=Gueye, prenom=Alizee, email=alizee.gueye@gmail.com, tel=0682192787, adr='29b rue du professeur roux, 42800 Rive De Gier, France', dateN=1991-07-03, role=MEMBRE, pwd=null]
2026-04-10T10:22:41.185+02:00 DEBUG 31076 --- [nio-8081-exec-9] o.s.w.s.m.m.a.HttpEntityMethodProcessor  : Using 'application/json', given [*/*] and supported [application/json, application/*+json]
2026-04-10T10:22:41.185+02:00 DEBUG 31076 --- [nio-8081-exec-9] o.s.w.s.m.m.a.HttpEntityMethodProcessor  : Writing [[club.taekwondo.dto.UtilisateurDTO@245ca601]]
2026-04-10T10:22:41.186+02:00 DEBUG 31076 --- [nio-8081-exec-9] o.s.web.servlet.DispatcherServlet        : Completed 200 OK
2026-04-10T10:22:41.246+02:00 DEBUG 31076 --- [nio-8081-exec-8] o.s.security.web.FilterChainProxy        : Securing GET /api/utilisateurs/me
2026-04-10T10:22:41.246+02:00 DEBUG 31076 --- [nio-8081-exec-8] club.taekwondo.config.JwtAuthFilter      : [SEC] GET /api/utilisateurs/me
2026-04-10T10:22:41.246+02:00 DEBUG 31076 --- [nio-8081-exec-8] club.taekwondo.config.JwtAuthFilter      : [SEC] Header Authorization: Bearer eyJhbGciOiJIUzI1NiJ9.eyJzdWIiOiJzdXBlcmFkbWluQGNsdWIubG9jYWwiLCJyb2xlIjoiU1VQRVJfQURNSU4iLCJ1dGlsaXNhdGV1cklkIjoxLCJpYXQiOjE3NzU4MDkzNjAsImV4cCI6MTc3NTg5NTc2MH0.BD-2aZg7_QpgS3BEhFwFpe_Wg1QfNmFXKw2sd_dZu4s
2026-04-10T10:22:41.246+02:00 DEBUG 31076 --- [nio-8081-exec-8] club.taekwondo.config.JwtAuthFilter      : [SEC] Bearer présent (len=204)
2026-04-10T10:22:41.249+02:00 DEBUG 31076 --- [nio-8081-exec-8] club.taekwondo.config.JwtAuthFilter      : [SEC] email extrait du JWT = superadmin@club.local
2026-04-10T10:22:41.249+02:00 DEBUG 31076 --- [nio-8081-exec-8] club.taekwondo.config.JwtAuthFilter      : [SEC] rôle extrait du JWT = SUPER_ADMIN
[2026-04-10T10:22:41.251569100+02:00][USR-SVC][getUtilisateurEntityByEmail] in email=superadmin@club.local -> normalized=superadmin@club.local
2026-04-10T10:22:41.253+02:00 DEBUG 31076 --- [nio-8081-exec-8] org.hibernate.SQL                        : select u1_0.id,u1_0.adresse,u1_0.club_id,u1_0.date_naissance,u1_0.email,u1_0.nom,u1_0.password,u1_0.password_temporaire,u1_0.password_updated_at,u1_0.prenom,u1_0.role,u1_0.telephone from utilisateur u1_0 where upper(u1_0.email)=upper(?)
Hibernate: select u1_0.id,u1_0.adresse,u1_0.club_id,u1_0.date_naissance,u1_0.email,u1_0.nom,u1_0.password,u1_0.password_temporaire,u1_0.password_updated_at,u1_0.prenom,u1_0.role,u1_0.telephone from utilisateur u1_0 where upper(u1_0.email)=upper(?)
2026-04-10T10:22:41.254+02:00 DEBUG 31076 --- [nio-8081-exec-8] org.hibernate.SQL                        : select m1_0.id,m1_0.ceinture,m1_0.club_id,cu1_0.id,cu1_0.adresse,c2_0.id,c2_0.adresse,c2_0.email,c2_0.logo,c2_0.name,c2_0.telephone,cu1_0.date_naissance,cu1_0.email,cu1_0.nom,cu1_0.password,cu1_0.password_temporaire,cu1_0.password_updated_at,cu1_0.prenom,cu1_0.role,cu1_0.telephone,m1_0.date_naissance,m1_0.est_adulte,m1_0.nom,m1_0.numero_licence,m1_0.parent_id,m1_0.prenom from membre m1_0 left join utilisateur cu1_0 on cu1_0.id=m1_0.compte_utilisateur_id left join clubs c2_0 on c2_0.id=cu1_0.club_id where m1_0.compte_utilisateur_id=?
Hibernate: select m1_0.id,m1_0.ceinture,m1_0.club_id,cu1_0.id,cu1_0.adresse,c2_0.id,c2_0.adresse,c2_0.email,c2_0.logo,c2_0.name,c2_0.telephone,cu1_0.date_naissance,cu1_0.email,cu1_0.nom,cu1_0.password,cu1_0.password_temporaire,cu1_0.password_updated_at,cu1_0.prenom,cu1_0.role,cu1_0.telephone,m1_0.date_naissance,m1_0.est_adulte,m1_0.nom,m1_0.numero_licence,m1_0.parent_id,m1_0.prenom from membre m1_0 left join utilisateur cu1_0 on cu1_0.id=m1_0.compte_utilisateur_id left join clubs c2_0 on c2_0.id=cu1_0.club_id where m1_0.compte_utilisateur_id=?
[2026-04-10T10:22:41.256062100+02:00][USR-SVC][getUtilisateurEntityByEmail] present? true
2026-04-10T10:22:41.256+02:00 DEBUG 31076 --- [nio-8081-exec-8] club.taekwondo.config.JwtAuthFilter      : [SEC] Utilisateur trouvé: Admin Super
2026-04-10T10:22:41.256+02:00 DEBUG 31076 --- [nio-8081-exec-8] club.taekwondo.config.JwtAuthFilter      : [SEC] rôle BDD normalisé = SUPER_ADMIN
2026-04-10T10:22:41.256+02:00 DEBUG 31076 --- [nio-8081-exec-8] club.taekwondo.config.JwtAuthFilter      : [SEC] Auth OK: user=superadmin@club.local authorities=[ROLE_SUPER_ADMIN]
2026-04-10T10:22:41.257+02:00 DEBUG 31076 --- [nio-8081-exec-8] o.s.security.web.FilterChainProxy        : Secured GET /api/utilisateurs/me
2026-04-10T10:22:41.257+02:00 DEBUG 31076 --- [nio-8081-exec-8] o.s.web.servlet.DispatcherServlet        : GET "/api/utilisateurs/me", parameters={}
2026-04-10T10:22:41.257+02:00 DEBUG 31076 --- [nio-8081-exec-8] s.w.s.m.m.a.RequestMappingHandlerMapping : Mapped to club.taekwondo.controller.jpa.UtilisateurController#getCurrentUser(String)
[2026-04-10T10:22:41.259189+02:00][USR-SVC][getUtilisateurEntityByEmail] in email=superadmin@club.local -> normalized=superadmin@club.local
2026-04-10T10:22:41.260+02:00 DEBUG 31076 --- [nio-8081-exec-8] org.hibernate.SQL                        : select u1_0.id,u1_0.adresse,u1_0.club_id,u1_0.date_naissance,u1_0.email,u1_0.nom,u1_0.password,u1_0.password_temporaire,u1_0.password_updated_at,u1_0.prenom,u1_0.role,u1_0.telephone from utilisateur u1_0 where upper(u1_0.email)=upper(?)
Hibernate: select u1_0.id,u1_0.adresse,u1_0.club_id,u1_0.date_naissance,u1_0.email,u1_0.nom,u1_0.password,u1_0.password_temporaire,u1_0.password_updated_at,u1_0.prenom,u1_0.role,u1_0.telephone from utilisateur u1_0 where upper(u1_0.email)=upper(?)
2026-04-10T10:22:41.262+02:00 DEBUG 31076 --- [nio-8081-exec-8] org.hibernate.SQL                        : select m1_0.id,m1_0.ceinture,m1_0.club_id,cu1_0.id,cu1_0.adresse,c2_0.id,c2_0.adresse,c2_0.email,c2_0.logo,c2_0.name,c2_0.telephone,cu1_0.date_naissance,cu1_0.email,cu1_0.nom,cu1_0.password,cu1_0.password_temporaire,cu1_0.password_updated_at,cu1_0.prenom,cu1_0.role,cu1_0.telephone,m1_0.date_naissance,m1_0.est_adulte,m1_0.nom,m1_0.numero_licence,m1_0.parent_id,m1_0.prenom from membre m1_0 left join utilisateur cu1_0 on cu1_0.id=m1_0.compte_utilisateur_id left join clubs c2_0 on c2_0.id=cu1_0.club_id where m1_0.compte_utilisateur_id=?
Hibernate: select m1_0.id,m1_0.ceinture,m1_0.club_id,cu1_0.id,cu1_0.adresse,c2_0.id,c2_0.adresse,c2_0.email,c2_0.logo,c2_0.name,c2_0.telephone,cu1_0.date_naissance,cu1_0.email,cu1_0.nom,cu1_0.password,cu1_0.password_temporaire,cu1_0.password_updated_at,cu1_0.prenom,cu1_0.role,cu1_0.telephone,m1_0.date_naissance,m1_0.est_adulte,m1_0.nom,m1_0.numero_licence,m1_0.parent_id,m1_0.prenom from membre m1_0 left join utilisateur cu1_0 on cu1_0.id=m1_0.compte_utilisateur_id left join clubs c2_0 on c2_0.id=cu1_0.club_id where m1_0.compte_utilisateur_id=?
[2026-04-10T10:22:41.263188300+02:00][USR-SVC][getUtilisateurEntityByEmail] present? true
[2026-04-10T10:22:41.263188300+02:00][USR-SVC][convertToDTO] in: Entity[id=1, nom=Super, prenom=Admin, email=superadmin@club.local, tel=null, adr='null', dateN=null, role=SUPER_ADMIN]
[2026-04-10T10:22:41.263188300+02:00][USR-SVC][convertToDTO] out: DTO[id=1, nom=Super, prenom=Admin, email=superadmin@club.local, tel=null, adr='null', dateN=null, role=SUPER_ADMIN, pwd=null]
2026-04-10T10:22:41.265+02:00 DEBUG 31076 --- [nio-8081-exec-8] o.s.w.s.m.m.a.HttpEntityMethodProcessor  : Using 'application/json', given [*/*] and supported [application/json, application/*+json]
2026-04-10T10:22:41.265+02:00 DEBUG 31076 --- [nio-8081-exec-8] o.s.w.s.m.m.a.HttpEntityMethodProcessor  : Writing [club.taekwondo.dto.UtilisateurDTO@3e65a081]
2026-04-10T10:22:41.266+02:00 DEBUG 31076 --- [nio-8081-exec-8] o.s.web.servlet.DispatcherServlet        : Completed 200 OK
2026-04-10T10:22:41.284+02:00 DEBUG 31076 --- [io-8081-exec-10] o.s.security.web.FilterChainProxy        : Securing GET /api/utilisateurs/me
2026-04-10T10:22:41.284+02:00 DEBUG 31076 --- [io-8081-exec-10] club.taekwondo.config.JwtAuthFilter      : [SEC] GET /api/utilisateurs/me
2026-04-10T10:22:41.284+02:00 DEBUG 31076 --- [io-8081-exec-10] club.taekwondo.config.JwtAuthFilter      : [SEC] Header Authorization: Bearer eyJhbGciOiJIUzI1NiJ9.eyJzdWIiOiJhZG1pbnZpbGxldXJiYW5uZUBnbWFpbC5jb20iLCJyb2xlIjoiQURNSU4iLCJ1dGlsaXNhdGV1cklkIjozLCJpYXQiOjE3NzU4MDkzNjAsImV4cCI6MTc3NTg5NTc2MH0.zDDy7jvL9QUoKP4BznaTFlSaG1BlxK7kauHZT9CkP_E
2026-04-10T10:22:41.284+02:00 DEBUG 31076 --- [io-8081-exec-10] club.taekwondo.config.JwtAuthFilter      : [SEC] Bearer présent (len=204)
2026-04-10T10:22:41.290+02:00 DEBUG 31076 --- [io-8081-exec-10] club.taekwondo.config.JwtAuthFilter      : [SEC] email extrait du JWT = adminvilleurbanne@gmail.com
2026-04-10T10:22:41.291+02:00 DEBUG 31076 --- [io-8081-exec-10] club.taekwondo.config.JwtAuthFilter      : [SEC] rôle extrait du JWT = ADMIN
[2026-04-10T10:22:41.292729900+02:00][USR-SVC][getUtilisateurEntityByEmail] in email=adminvilleurbanne@gmail.com -> normalized=adminvilleurbanne@gmail.com
2026-04-10T10:22:41.294+02:00 DEBUG 31076 --- [io-8081-exec-10] org.hibernate.SQL                        : select u1_0.id,u1_0.adresse,u1_0.club_id,u1_0.date_naissance,u1_0.email,u1_0.nom,u1_0.password,u1_0.password_temporaire,u1_0.password_updated_at,u1_0.prenom,u1_0.role,u1_0.telephone from utilisateur u1_0 where upper(u1_0.email)=upper(?)
Hibernate: select u1_0.id,u1_0.adresse,u1_0.club_id,u1_0.date_naissance,u1_0.email,u1_0.nom,u1_0.password,u1_0.password_temporaire,u1_0.password_updated_at,u1_0.prenom,u1_0.role,u1_0.telephone from utilisateur u1_0 where upper(u1_0.email)=upper(?)
2026-04-10T10:22:41.295+02:00 DEBUG 31076 --- [io-8081-exec-10] org.hibernate.SQL                        : select c1_0.id,c1_0.adresse,c1_0.email,c1_0.logo,c1_0.name,c1_0.telephone from clubs c1_0 where c1_0.id=?
Hibernate: select c1_0.id,c1_0.adresse,c1_0.email,c1_0.logo,c1_0.name,c1_0.telephone from clubs c1_0 where c1_0.id=?
2026-04-10T10:22:41.296+02:00 DEBUG 31076 --- [io-8081-exec-10] org.hibernate.SQL                        : select m1_0.id,m1_0.ceinture,m1_0.club_id,cu1_0.id,cu1_0.adresse,c2_0.id,c2_0.adresse,c2_0.email,c2_0.logo,c2_0.name,c2_0.telephone,cu1_0.date_naissance,cu1_0.email,cu1_0.nom,cu1_0.password,cu1_0.password_temporaire,cu1_0.password_updated_at,cu1_0.prenom,cu1_0.role,cu1_0.telephone,m1_0.date_naissance,m1_0.est_adulte,m1_0.nom,m1_0.numero_licence,m1_0.parent_id,m1_0.prenom from membre m1_0 left join utilisateur cu1_0 on cu1_0.id=m1_0.compte_utilisateur_id left join clubs c2_0 on c2_0.id=cu1_0.club_id where m1_0.compte_utilisateur_id=?
Hibernate: select m1_0.id,m1_0.ceinture,m1_0.club_id,cu1_0.id,cu1_0.adresse,c2_0.id,c2_0.adresse,c2_0.email,c2_0.logo,c2_0.name,c2_0.telephone,cu1_0.date_naissance,cu1_0.email,cu1_0.nom,cu1_0.password,cu1_0.password_temporaire,cu1_0.password_updated_at,cu1_0.prenom,cu1_0.role,cu1_0.telephone,m1_0.date_naissance,m1_0.est_adulte,m1_0.nom,m1_0.numero_licence,m1_0.parent_id,m1_0.prenom from membre m1_0 left join utilisateur cu1_0 on cu1_0.id=m1_0.compte_utilisateur_id left join clubs c2_0 on c2_0.id=cu1_0.club_id where m1_0.compte_utilisateur_id=?
[2026-04-10T10:22:41.297434900+02:00][USR-SVC][getUtilisateurEntityByEmail] present? true
2026-04-10T10:22:41.297+02:00 DEBUG 31076 --- [io-8081-exec-10] club.taekwondo.config.JwtAuthFilter      : [SEC] Utilisateur trouvé: adminVilleurbanne adminVilleurbanne
2026-04-10T10:22:41.297+02:00 DEBUG 31076 --- [io-8081-exec-10] club.taekwondo.config.JwtAuthFilter      : [SEC] rôle BDD normalisé = ADMIN
2026-04-10T10:22:41.297+02:00 DEBUG 31076 --- [io-8081-exec-10] club.taekwondo.config.JwtAuthFilter      : [SEC] Auth OK: user=adminvilleurbanne@gmail.com authorities=[ROLE_ADMIN]
2026-04-10T10:22:41.298+02:00 DEBUG 31076 --- [io-8081-exec-10] o.s.security.web.FilterChainProxy        : Secured GET /api/utilisateurs/me
2026-04-10T10:22:41.298+02:00 DEBUG 31076 --- [io-8081-exec-10] o.s.web.servlet.DispatcherServlet        : GET "/api/utilisateurs/me", parameters={}
2026-04-10T10:22:41.299+02:00 DEBUG 31076 --- [io-8081-exec-10] s.w.s.m.m.a.RequestMappingHandlerMapping : Mapped to club.taekwondo.controller.jpa.UtilisateurController#getCurrentUser(String)
[2026-04-10T10:22:41.300133900+02:00][USR-SVC][getUtilisateurEntityByEmail] in email=adminvilleurbanne@gmail.com -> normalized=adminvilleurbanne@gmail.com
2026-04-10T10:22:41.301+02:00 DEBUG 31076 --- [io-8081-exec-10] org.hibernate.SQL                        : select u1_0.id,u1_0.adresse,u1_0.club_id,u1_0.date_naissance,u1_0.email,u1_0.nom,u1_0.password,u1_0.password_temporaire,u1_0.password_updated_at,u1_0.prenom,u1_0.role,u1_0.telephone from utilisateur u1_0 where upper(u1_0.email)=upper(?)
Hibernate: select u1_0.id,u1_0.adresse,u1_0.club_id,u1_0.date_naissance,u1_0.email,u1_0.nom,u1_0.password,u1_0.password_temporaire,u1_0.password_updated_at,u1_0.prenom,u1_0.role,u1_0.telephone from utilisateur u1_0 where upper(u1_0.email)=upper(?)
2026-04-10T10:22:41.303+02:00 DEBUG 31076 --- [io-8081-exec-10] org.hibernate.SQL                        : select c1_0.id,c1_0.adresse,c1_0.email,c1_0.logo,c1_0.name,c1_0.telephone from clubs c1_0 where c1_0.id=?
Hibernate: select c1_0.id,c1_0.adresse,c1_0.email,c1_0.logo,c1_0.name,c1_0.telephone from clubs c1_0 where c1_0.id=?
2026-04-10T10:22:41.304+02:00 DEBUG 31076 --- [io-8081-exec-10] org.hibernate.SQL                        : select m1_0.id,m1_0.ceinture,m1_0.club_id,cu1_0.id,cu1_0.adresse,c2_0.id,c2_0.adresse,c2_0.email,c2_0.logo,c2_0.name,c2_0.telephone,cu1_0.date_naissance,cu1_0.email,cu1_0.nom,cu1_0.password,cu1_0.password_temporaire,cu1_0.password_updated_at,cu1_0.prenom,cu1_0.role,cu1_0.telephone,m1_0.date_naissance,m1_0.est_adulte,m1_0.nom,m1_0.numero_licence,m1_0.parent_id,m1_0.prenom from membre m1_0 left join utilisateur cu1_0 on cu1_0.id=m1_0.compte_utilisateur_id left join clubs c2_0 on c2_0.id=cu1_0.club_id where m1_0.compte_utilisateur_id=?
Hibernate: select m1_0.id,m1_0.ceinture,m1_0.club_id,cu1_0.id,cu1_0.adresse,c2_0.id,c2_0.adresse,c2_0.email,c2_0.logo,c2_0.name,c2_0.telephone,cu1_0.date_naissance,cu1_0.email,cu1_0.nom,cu1_0.password,cu1_0.password_temporaire,cu1_0.password_updated_at,cu1_0.prenom,cu1_0.role,cu1_0.telephone,m1_0.date_naissance,m1_0.est_adulte,m1_0.nom,m1_0.numero_licence,m1_0.parent_id,m1_0.prenom from membre m1_0 left join utilisateur cu1_0 on cu1_0.id=m1_0.compte_utilisateur_id left join clubs c2_0 on c2_0.id=cu1_0.club_id where m1_0.compte_utilisateur_id=?
[2026-04-10T10:22:41.305428200+02:00][USR-SVC][getUtilisateurEntityByEmail] present? true
[2026-04-10T10:22:41.305957+02:00][USR-SVC][convertToDTO] in: Entity[id=3, nom=adminVilleurbanne, prenom=adminVilleurbanne, email=adminvilleurbanne@gmail.com, tel=null, adr='null', dateN=null, role=ADMIN]
[2026-04-10T10:22:41.305957+02:00][USR-SVC][convertToDTO] out: DTO[id=3, nom=adminVilleurbanne, prenom=adminVilleurbanne, email=adminvilleurbanne@gmail.com, tel=null, adr='null', dateN=null, role=ADMIN, pwd=null]
2026-04-10T10:22:41.306+02:00 DEBUG 31076 --- [io-8081-exec-10] o.s.w.s.m.m.a.HttpEntityMethodProcessor  : Using 'application/json', given [*/*] and supported [application/json, application/*+json]
2026-04-10T10:22:41.307+02:00 DEBUG 31076 --- [io-8081-exec-10] o.s.w.s.m.m.a.HttpEntityMethodProcessor  : Writing [club.taekwondo.dto.UtilisateurDTO@6c1cf311]
2026-04-10T10:22:41.307+02:00 DEBUG 31076 --- [io-8081-exec-10] o.s.web.servlet.DispatcherServlet        : Completed 200 OK
2026-04-10T10:22:41.325+02:00 DEBUG 31076 --- [nio-8081-exec-1] o.s.security.web.FilterChainProxy        : Securing GET /api/utilisateurs/me
2026-04-10T10:22:41.325+02:00 DEBUG 31076 --- [nio-8081-exec-1] club.taekwondo.config.JwtAuthFilter      : [SEC] GET /api/utilisateurs/me
2026-04-10T10:22:41.326+02:00 DEBUG 31076 --- [nio-8081-exec-1] club.taekwondo.config.JwtAuthFilter      : [SEC] Header Authorization: Bearer eyJhbGciOiJIUzI1NiJ9.eyJzdWIiOiJvY2UuZ3VleWVAZ21haWwuY29tIiwicm9sZSI6IlBBUkVOVCIsInV0aWxpc2F0ZXVySWQiOjUsImlhdCI6MTc3NTgwOTM2MCwiZXhwIjoxNzc1ODk1NzYwfQ.D6XZFA5QQWwu2RgaEjNmk0Pio1Gdwys4ZrnsEADXVps
2026-04-10T10:22:41.326+02:00 DEBUG 31076 --- [nio-8081-exec-1] club.taekwondo.config.JwtAuthFilter      : [SEC] Bearer présent (len=195)
2026-04-10T10:22:41.328+02:00 DEBUG 31076 --- [nio-8081-exec-1] club.taekwondo.config.JwtAuthFilter      : [SEC] email extrait du JWT = oce.gueye@gmail.com
2026-04-10T10:22:41.329+02:00 DEBUG 31076 --- [nio-8081-exec-1] club.taekwondo.config.JwtAuthFilter      : [SEC] rôle extrait du JWT = PARENT
[2026-04-10T10:22:41.330638900+02:00][USR-SVC][getUtilisateurEntityByEmail] in email=oce.gueye@gmail.com -> normalized=oce.gueye@gmail.com
2026-04-10T10:22:41.331+02:00 DEBUG 31076 --- [nio-8081-exec-1] org.hibernate.SQL                        : select u1_0.id,u1_0.adresse,u1_0.club_id,u1_0.date_naissance,u1_0.email,u1_0.nom,u1_0.password,u1_0.password_temporaire,u1_0.password_updated_at,u1_0.prenom,u1_0.role,u1_0.telephone from utilisateur u1_0 where upper(u1_0.email)=upper(?)
Hibernate: select u1_0.id,u1_0.adresse,u1_0.club_id,u1_0.date_naissance,u1_0.email,u1_0.nom,u1_0.password,u1_0.password_temporaire,u1_0.password_updated_at,u1_0.prenom,u1_0.role,u1_0.telephone from utilisateur u1_0 where upper(u1_0.email)=upper(?)
2026-04-10T10:22:41.332+02:00 DEBUG 31076 --- [nio-8081-exec-1] org.hibernate.SQL                        : select c1_0.id,c1_0.adresse,c1_0.email,c1_0.logo,c1_0.name,c1_0.telephone from clubs c1_0 where c1_0.id=?
Hibernate: select c1_0.id,c1_0.adresse,c1_0.email,c1_0.logo,c1_0.name,c1_0.telephone from clubs c1_0 where c1_0.id=?
2026-04-10T10:22:41.333+02:00 DEBUG 31076 --- [nio-8081-exec-1] org.hibernate.SQL                        : select m1_0.id,m1_0.ceinture,m1_0.club_id,cu1_0.id,cu1_0.adresse,c2_0.id,c2_0.adresse,c2_0.email,c2_0.logo,c2_0.name,c2_0.telephone,cu1_0.date_naissance,cu1_0.email,cu1_0.nom,cu1_0.password,cu1_0.password_temporaire,cu1_0.password_updated_at,cu1_0.prenom,cu1_0.role,cu1_0.telephone,m1_0.date_naissance,m1_0.est_adulte,m1_0.nom,m1_0.numero_licence,m1_0.parent_id,m1_0.prenom from membre m1_0 left join utilisateur cu1_0 on cu1_0.id=m1_0.compte_utilisateur_id left join clubs c2_0 on c2_0.id=cu1_0.club_id where m1_0.compte_utilisateur_id=?
Hibernate: select m1_0.id,m1_0.ceinture,m1_0.club_id,cu1_0.id,cu1_0.adresse,c2_0.id,c2_0.adresse,c2_0.email,c2_0.logo,c2_0.name,c2_0.telephone,cu1_0.date_naissance,cu1_0.email,cu1_0.nom,cu1_0.password,cu1_0.password_temporaire,cu1_0.password_updated_at,cu1_0.prenom,cu1_0.role,cu1_0.telephone,m1_0.date_naissance,m1_0.est_adulte,m1_0.nom,m1_0.numero_licence,m1_0.parent_id,m1_0.prenom from membre m1_0 left join utilisateur cu1_0 on cu1_0.id=m1_0.compte_utilisateur_id left join clubs c2_0 on c2_0.id=cu1_0.club_id where m1_0.compte_utilisateur_id=?
[2026-04-10T10:22:41.334637800+02:00][USR-SVC][getUtilisateurEntityByEmail] present? true
2026-04-10T10:22:41.334+02:00 DEBUG 31076 --- [nio-8081-exec-1] club.taekwondo.config.JwtAuthFilter      : [SEC] Utilisateur trouvé: Oce gueye
2026-04-10T10:22:41.334+02:00 DEBUG 31076 --- [nio-8081-exec-1] club.taekwondo.config.JwtAuthFilter      : [SEC] rôle BDD normalisé = PARENT
2026-04-10T10:22:41.335+02:00 DEBUG 31076 --- [nio-8081-exec-1] club.taekwondo.config.JwtAuthFilter      : [SEC] Auth OK: user=oce.gueye@gmail.com authorities=[ROLE_PARENT]
2026-04-10T10:22:41.335+02:00 DEBUG 31076 --- [nio-8081-exec-1] o.s.security.web.FilterChainProxy        : Secured GET /api/utilisateurs/me
2026-04-10T10:22:41.335+02:00 DEBUG 31076 --- [nio-8081-exec-1] o.s.web.servlet.DispatcherServlet        : GET "/api/utilisateurs/me", parameters={}
2026-04-10T10:22:41.335+02:00 DEBUG 31076 --- [nio-8081-exec-1] s.w.s.m.m.a.RequestMappingHandlerMapping : Mapped to club.taekwondo.controller.jpa.UtilisateurController#getCurrentUser(String)
[2026-04-10T10:22:41.338568600+02:00][USR-SVC][getUtilisateurEntityByEmail] in email=oce.gueye@gmail.com -> normalized=oce.gueye@gmail.com
2026-04-10T10:22:41.339+02:00 DEBUG 31076 --- [nio-8081-exec-1] org.hibernate.SQL                        : select u1_0.id,u1_0.adresse,u1_0.club_id,u1_0.date_naissance,u1_0.email,u1_0.nom,u1_0.password,u1_0.password_temporaire,u1_0.password_updated_at,u1_0.prenom,u1_0.role,u1_0.telephone from utilisateur u1_0 where upper(u1_0.email)=upper(?)
Hibernate: select u1_0.id,u1_0.adresse,u1_0.club_id,u1_0.date_naissance,u1_0.email,u1_0.nom,u1_0.password,u1_0.password_temporaire,u1_0.password_updated_at,u1_0.prenom,u1_0.role,u1_0.telephone from utilisateur u1_0 where upper(u1_0.email)=upper(?)
2026-04-10T10:22:41.340+02:00 DEBUG 31076 --- [nio-8081-exec-1] org.hibernate.SQL                        : select c1_0.id,c1_0.adresse,c1_0.email,c1_0.logo,c1_0.name,c1_0.telephone from clubs c1_0 where c1_0.id=?
Hibernate: select c1_0.id,c1_0.adresse,c1_0.email,c1_0.logo,c1_0.name,c1_0.telephone from clubs c1_0 where c1_0.id=?
2026-04-10T10:22:41.341+02:00 DEBUG 31076 --- [nio-8081-exec-1] org.hibernate.SQL                        : select m1_0.id,m1_0.ceinture,m1_0.club_id,cu1_0.id,cu1_0.adresse,c2_0.id,c2_0.adresse,c2_0.email,c2_0.logo,c2_0.name,c2_0.telephone,cu1_0.date_naissance,cu1_0.email,cu1_0.nom,cu1_0.password,cu1_0.password_temporaire,cu1_0.password_updated_at,cu1_0.prenom,cu1_0.role,cu1_0.telephone,m1_0.date_naissance,m1_0.est_adulte,m1_0.nom,m1_0.numero_licence,m1_0.parent_id,m1_0.prenom from membre m1_0 left join utilisateur cu1_0 on cu1_0.id=m1_0.compte_utilisateur_id left join clubs c2_0 on c2_0.id=cu1_0.club_id where m1_0.compte_utilisateur_id=?
Hibernate: select m1_0.id,m1_0.ceinture,m1_0.club_id,cu1_0.id,cu1_0.adresse,c2_0.id,c2_0.adresse,c2_0.email,c2_0.logo,c2_0.name,c2_0.telephone,cu1_0.date_naissance,cu1_0.email,cu1_0.nom,cu1_0.password,cu1_0.password_temporaire,cu1_0.password_updated_at,cu1_0.prenom,cu1_0.role,cu1_0.telephone,m1_0.date_naissance,m1_0.est_adulte,m1_0.nom,m1_0.numero_licence,m1_0.parent_id,m1_0.prenom from membre m1_0 left join utilisateur cu1_0 on cu1_0.id=m1_0.compte_utilisateur_id left join clubs c2_0 on c2_0.id=cu1_0.club_id where m1_0.compte_utilisateur_id=?
[2026-04-10T10:22:41.342788400+02:00][USR-SVC][getUtilisateurEntityByEmail] present? true
[2026-04-10T10:22:41.342788400+02:00][USR-SVC][convertToDTO] in: Entity[id=5, nom=gueye, prenom=Oce, email=oce.gueye@gmail.com, tel=null, adr='null', dateN=null, role=PARENT]
2026-04-10T10:22:41.343+02:00 DEBUG 31076 --- [nio-8081-exec-1] org.hibernate.SQL                        : select m1_0.id,m1_0.ceinture,m1_0.club_id,m1_0.compte_utilisateur_id,m1_0.date_naissance,m1_0.est_adulte,m1_0.nom,m1_0.numero_licence,m1_0.parent_id,m1_0.prenom from membre m1_0 where m1_0.parent_id=?
Hibernate: select m1_0.id,m1_0.ceinture,m1_0.club_id,m1_0.compte_utilisateur_id,m1_0.date_naissance,m1_0.est_adulte,m1_0.nom,m1_0.numero_licence,m1_0.parent_id,m1_0.prenom from membre m1_0 where m1_0.parent_id=?
[2026-04-10T10:22:41.344794300+02:00][USR-SVC][convertToDTO] out: DTO[id=5, nom=gueye, prenom=Oce, email=oce.gueye@gmail.com, tel=null, adr='null', dateN=null, role=PARENT, pwd=null]
2026-04-10T10:22:41.345+02:00 DEBUG 31076 --- [nio-8081-exec-1] o.s.w.s.m.m.a.HttpEntityMethodProcessor  : Using 'application/json', given [*/*] and supported [application/json, application/*+json]
2026-04-10T10:22:41.345+02:00 DEBUG 31076 --- [nio-8081-exec-1] o.s.w.s.m.m.a.HttpEntityMethodProcessor  : Writing [club.taekwondo.dto.UtilisateurDTO@35f30498]
2026-04-10T10:22:41.345+02:00 DEBUG 31076 --- [nio-8081-exec-1] o.s.web.servlet.DispatcherServlet        : Completed 200 OK
2026-04-10T10:22:41.364+02:00 DEBUG 31076 --- [nio-8081-exec-2] o.s.security.web.FilterChainProxy        : Securing GET /api/utilisateurs/me
2026-04-10T10:22:41.364+02:00 DEBUG 31076 --- [nio-8081-exec-2] club.taekwondo.config.JwtAuthFilter      : [SEC] GET /api/utilisateurs/me
2026-04-10T10:22:41.364+02:00 DEBUG 31076 --- [nio-8081-exec-2] club.taekwondo.config.JwtAuthFilter      : [SEC] Header Authorization: Bearer eyJhbGciOiJIUzI1NiJ9.eyJzdWIiOiJhbGl6ZWUuZ3VleWVAZ21haWwuY29tIiwicm9sZSI6Ik1FTUJSRSIsInV0aWxpc2F0ZXVySWQiOjksIm1lbWJyZUlkIjo1LCJpYXQiOjE3NzU4MDkzNjAsImV4cCI6MTc3NTg5NTc2MH0.-ihiv8G2WAfxtTW_JKh-bckU9WhabmdyDpg8-WgLLZo
2026-04-10T10:22:41.365+02:00 DEBUG 31076 --- [nio-8081-exec-2] club.taekwondo.config.JwtAuthFilter      : [SEC] Bearer présent (len=216)
2026-04-10T10:22:41.367+02:00 DEBUG 31076 --- [nio-8081-exec-2] club.taekwondo.config.JwtAuthFilter      : [SEC] email extrait du JWT = alizee.gueye@gmail.com
2026-04-10T10:22:41.367+02:00 DEBUG 31076 --- [nio-8081-exec-2] club.taekwondo.config.JwtAuthFilter      : [SEC] rôle extrait du JWT = MEMBRE
[2026-04-10T10:22:41.369558400+02:00][USR-SVC][getUtilisateurEntityByEmail] in email=alizee.gueye@gmail.com -> normalized=alizee.gueye@gmail.com
2026-04-10T10:22:41.371+02:00 DEBUG 31076 --- [nio-8081-exec-2] org.hibernate.SQL                        : select u1_0.id,u1_0.adresse,u1_0.club_id,u1_0.date_naissance,u1_0.email,u1_0.nom,u1_0.password,u1_0.password_temporaire,u1_0.password_updated_at,u1_0.prenom,u1_0.role,u1_0.telephone from utilisateur u1_0 where upper(u1_0.email)=upper(?)
Hibernate: select u1_0.id,u1_0.adresse,u1_0.club_id,u1_0.date_naissance,u1_0.email,u1_0.nom,u1_0.password,u1_0.password_temporaire,u1_0.password_updated_at,u1_0.prenom,u1_0.role,u1_0.telephone from utilisateur u1_0 where upper(u1_0.email)=upper(?)
2026-04-10T10:22:41.372+02:00 DEBUG 31076 --- [nio-8081-exec-2] org.hibernate.SQL                        : select c1_0.id,c1_0.adresse,c1_0.email,c1_0.logo,c1_0.name,c1_0.telephone from clubs c1_0 where c1_0.id=?
Hibernate: select c1_0.id,c1_0.adresse,c1_0.email,c1_0.logo,c1_0.name,c1_0.telephone from clubs c1_0 where c1_0.id=?
2026-04-10T10:22:41.373+02:00 DEBUG 31076 --- [nio-8081-exec-2] org.hibernate.SQL                        : select m1_0.id,m1_0.ceinture,m1_0.club_id,cu1_0.id,cu1_0.adresse,c2_0.id,c2_0.adresse,c2_0.email,c2_0.logo,c2_0.name,c2_0.telephone,cu1_0.date_naissance,cu1_0.email,cu1_0.nom,cu1_0.password,cu1_0.password_temporaire,cu1_0.password_updated_at,cu1_0.prenom,cu1_0.role,cu1_0.telephone,m1_0.date_naissance,m1_0.est_adulte,m1_0.nom,m1_0.numero_licence,m1_0.parent_id,m1_0.prenom from membre m1_0 left join utilisateur cu1_0 on cu1_0.id=m1_0.compte_utilisateur_id left join clubs c2_0 on c2_0.id=cu1_0.club_id where m1_0.compte_utilisateur_id=?
Hibernate: select m1_0.id,m1_0.ceinture,m1_0.club_id,cu1_0.id,cu1_0.adresse,c2_0.id,c2_0.adresse,c2_0.email,c2_0.logo,c2_0.name,c2_0.telephone,cu1_0.date_naissance,cu1_0.email,cu1_0.nom,cu1_0.password,cu1_0.password_temporaire,cu1_0.password_updated_at,cu1_0.prenom,cu1_0.role,cu1_0.telephone,m1_0.date_naissance,m1_0.est_adulte,m1_0.nom,m1_0.numero_licence,m1_0.parent_id,m1_0.prenom from membre m1_0 left join utilisateur cu1_0 on cu1_0.id=m1_0.compte_utilisateur_id left join clubs c2_0 on c2_0.id=cu1_0.club_id where m1_0.compte_utilisateur_id=?
[2026-04-10T10:22:41.374787900+02:00][USR-SVC][getUtilisateurEntityByEmail] present? true
2026-04-10T10:22:41.374+02:00 DEBUG 31076 --- [nio-8081-exec-2] club.taekwondo.config.JwtAuthFilter      : [SEC] Utilisateur trouvé: Alizee Gueye
2026-04-10T10:22:41.375+02:00 DEBUG 31076 --- [nio-8081-exec-2] club.taekwondo.config.JwtAuthFilter      : [SEC] rôle BDD normalisé = MEMBRE
2026-04-10T10:22:41.375+02:00 DEBUG 31076 --- [nio-8081-exec-2] club.taekwondo.config.JwtAuthFilter      : [SEC] Auth OK: user=alizee.gueye@gmail.com authorities=[ROLE_MEMBRE]
2026-04-10T10:22:41.375+02:00 DEBUG 31076 --- [nio-8081-exec-2] o.s.security.web.FilterChainProxy        : Secured GET /api/utilisateurs/me
2026-04-10T10:22:41.375+02:00 DEBUG 31076 --- [nio-8081-exec-2] o.s.web.servlet.DispatcherServlet        : GET "/api/utilisateurs/me", parameters={}
2026-04-10T10:22:41.376+02:00 DEBUG 31076 --- [nio-8081-exec-2] s.w.s.m.m.a.RequestMappingHandlerMapping : Mapped to club.taekwondo.controller.jpa.UtilisateurController#getCurrentUser(String)
[2026-04-10T10:22:41.378827100+02:00][USR-SVC][getUtilisateurEntityByEmail] in email=alizee.gueye@gmail.com -> normalized=alizee.gueye@gmail.com
2026-04-10T10:22:41.379+02:00 DEBUG 31076 --- [nio-8081-exec-2] org.hibernate.SQL                        : select u1_0.id,u1_0.adresse,u1_0.club_id,u1_0.date_naissance,u1_0.email,u1_0.nom,u1_0.password,u1_0.password_temporaire,u1_0.password_updated_at,u1_0.prenom,u1_0.role,u1_0.telephone from utilisateur u1_0 where upper(u1_0.email)=upper(?)
Hibernate: select u1_0.id,u1_0.adresse,u1_0.club_id,u1_0.date_naissance,u1_0.email,u1_0.nom,u1_0.password,u1_0.password_temporaire,u1_0.password_updated_at,u1_0.prenom,u1_0.role,u1_0.telephone from utilisateur u1_0 where upper(u1_0.email)=upper(?)
2026-04-10T10:22:41.380+02:00 DEBUG 31076 --- [nio-8081-exec-2] org.hibernate.SQL                        : select c1_0.id,c1_0.adresse,c1_0.email,c1_0.logo,c1_0.name,c1_0.telephone from clubs c1_0 where c1_0.id=?
Hibernate: select c1_0.id,c1_0.adresse,c1_0.email,c1_0.logo,c1_0.name,c1_0.telephone from clubs c1_0 where c1_0.id=?
2026-04-10T10:22:41.382+02:00 DEBUG 31076 --- [nio-8081-exec-2] org.hibernate.SQL                        : select m1_0.id,m1_0.ceinture,m1_0.club_id,cu1_0.id,cu1_0.adresse,c2_0.id,c2_0.adresse,c2_0.email,c2_0.logo,c2_0.name,c2_0.telephone,cu1_0.date_naissance,cu1_0.email,cu1_0.nom,cu1_0.password,cu1_0.password_temporaire,cu1_0.password_updated_at,cu1_0.prenom,cu1_0.role,cu1_0.telephone,m1_0.date_naissance,m1_0.est_adulte,m1_0.nom,m1_0.numero_licence,m1_0.parent_id,m1_0.prenom from membre m1_0 left join utilisateur cu1_0 on cu1_0.id=m1_0.compte_utilisateur_id left join clubs c2_0 on c2_0.id=cu1_0.club_id where m1_0.compte_utilisateur_id=?
Hibernate: select m1_0.id,m1_0.ceinture,m1_0.club_id,cu1_0.id,cu1_0.adresse,c2_0.id,c2_0.adresse,c2_0.email,c2_0.logo,c2_0.name,c2_0.telephone,cu1_0.date_naissance,cu1_0.email,cu1_0.nom,cu1_0.password,cu1_0.password_temporaire,cu1_0.password_updated_at,cu1_0.prenom,cu1_0.role,cu1_0.telephone,m1_0.date_naissance,m1_0.est_adulte,m1_0.nom,m1_0.numero_licence,m1_0.parent_id,m1_0.prenom from membre m1_0 left join utilisateur cu1_0 on cu1_0.id=m1_0.compte_utilisateur_id left join clubs c2_0 on c2_0.id=cu1_0.club_id where m1_0.compte_utilisateur_id=?
[2026-04-10T10:22:41.383046800+02:00][USR-SVC][getUtilisateurEntityByEmail] present? true
[2026-04-10T10:22:41.383046800+02:00][USR-SVC][convertToDTO] in: Entity[id=9, nom=Gueye, prenom=Alizee, email=alizee.gueye@gmail.com, tel=0682192787, adr='29b rue du professeur roux, 42800 Rive De Gier, France', dateN=1991-07-03, role=MEMBRE]
[2026-04-10T10:22:41.383046800+02:00][USR-SVC][convertToDTO] out: DTO[id=9, nom=Gueye, prenom=Alizee, email=alizee.gueye@gmail.com, tel=0682192787, adr='29b rue du professeur roux, 42800 Rive De Gier, France', dateN=1991-07-03, role=MEMBRE, pwd=null]
2026-04-10T10:22:41.384+02:00 DEBUG 31076 --- [nio-8081-exec-2] o.s.w.s.m.m.a.HttpEntityMethodProcessor  : Using 'application/json', given [*/*] and supported [application/json, application/*+json]
2026-04-10T10:22:41.384+02:00 DEBUG 31076 --- [nio-8081-exec-2] o.s.w.s.m.m.a.HttpEntityMethodProcessor  : Writing [club.taekwondo.dto.UtilisateurDTO@5dd90c69]
2026-04-10T10:22:41.384+02:00 DEBUG 31076 --- [nio-8081-exec-2] o.s.web.servlet.DispatcherServlet        : Completed 200 OK
2026-04-10T10:22:41.445+02:00 DEBUG 31076 --- [nio-8081-exec-5] o.s.security.web.FilterChainProxy        : Securing GET /api/membres/me
2026-04-10T10:22:41.445+02:00 DEBUG 31076 --- [nio-8081-exec-5] club.taekwondo.config.JwtAuthFilter      : [SEC] GET /api/membres/me
2026-04-10T10:22:41.445+02:00 DEBUG 31076 --- [nio-8081-exec-5] club.taekwondo.config.JwtAuthFilter      : [SEC] Header Authorization: Bearer eyJhbGciOiJIUzI1NiJ9.eyJzdWIiOiJhbGl6ZWUuZ3VleWVAZ21haWwuY29tIiwicm9sZSI6Ik1FTUJSRSIsInV0aWxpc2F0ZXVySWQiOjksIm1lbWJyZUlkIjo1LCJpYXQiOjE3NzU4MDkzNjAsImV4cCI6MTc3NTg5NTc2MH0.-ihiv8G2WAfxtTW_JKh-bckU9WhabmdyDpg8-WgLLZo
2026-04-10T10:22:41.446+02:00 DEBUG 31076 --- [nio-8081-exec-5] club.taekwondo.config.JwtAuthFilter      : [SEC] Bearer présent (len=216)
2026-04-10T10:22:41.448+02:00 DEBUG 31076 --- [nio-8081-exec-5] club.taekwondo.config.JwtAuthFilter      : [SEC] email extrait du JWT = alizee.gueye@gmail.com
2026-04-10T10:22:41.448+02:00 DEBUG 31076 --- [nio-8081-exec-5] club.taekwondo.config.JwtAuthFilter      : [SEC] rôle extrait du JWT = MEMBRE
[2026-04-10T10:22:41.450845+02:00][USR-SVC][getUtilisateurEntityByEmail] in email=alizee.gueye@gmail.com -> normalized=alizee.gueye@gmail.com
2026-04-10T10:22:41.452+02:00 DEBUG 31076 --- [nio-8081-exec-5] org.hibernate.SQL                        : select u1_0.id,u1_0.adresse,u1_0.club_id,u1_0.date_naissance,u1_0.email,u1_0.nom,u1_0.password,u1_0.password_temporaire,u1_0.password_updated_at,u1_0.prenom,u1_0.role,u1_0.telephone from utilisateur u1_0 where upper(u1_0.email)=upper(?)
Hibernate: select u1_0.id,u1_0.adresse,u1_0.club_id,u1_0.date_naissance,u1_0.email,u1_0.nom,u1_0.password,u1_0.password_temporaire,u1_0.password_updated_at,u1_0.prenom,u1_0.role,u1_0.telephone from utilisateur u1_0 where upper(u1_0.email)=upper(?)
2026-04-10T10:22:41.453+02:00 DEBUG 31076 --- [nio-8081-exec-5] org.hibernate.SQL                        : select c1_0.id,c1_0.adresse,c1_0.email,c1_0.logo,c1_0.name,c1_0.telephone from clubs c1_0 where c1_0.id=?
Hibernate: select c1_0.id,c1_0.adresse,c1_0.email,c1_0.logo,c1_0.name,c1_0.telephone from clubs c1_0 where c1_0.id=?
2026-04-10T10:22:41.454+02:00 DEBUG 31076 --- [nio-8081-exec-5] org.hibernate.SQL                        : select m1_0.id,m1_0.ceinture,m1_0.club_id,cu1_0.id,cu1_0.adresse,c2_0.id,c2_0.adresse,c2_0.email,c2_0.logo,c2_0.name,c2_0.telephone,cu1_0.date_naissance,cu1_0.email,cu1_0.nom,cu1_0.password,cu1_0.password_temporaire,cu1_0.password_updated_at,cu1_0.prenom,cu1_0.role,cu1_0.telephone,m1_0.date_naissance,m1_0.est_adulte,m1_0.nom,m1_0.numero_licence,m1_0.parent_id,m1_0.prenom from membre m1_0 left join utilisateur cu1_0 on cu1_0.id=m1_0.compte_utilisateur_id left join clubs c2_0 on c2_0.id=cu1_0.club_id where m1_0.compte_utilisateur_id=?
Hibernate: select m1_0.id,m1_0.ceinture,m1_0.club_id,cu1_0.id,cu1_0.adresse,c2_0.id,c2_0.adresse,c2_0.email,c2_0.logo,c2_0.name,c2_0.telephone,cu1_0.date_naissance,cu1_0.email,cu1_0.nom,cu1_0.password,cu1_0.password_temporaire,cu1_0.password_updated_at,cu1_0.prenom,cu1_0.role,cu1_0.telephone,m1_0.date_naissance,m1_0.est_adulte,m1_0.nom,m1_0.numero_licence,m1_0.parent_id,m1_0.prenom from membre m1_0 left join utilisateur cu1_0 on cu1_0.id=m1_0.compte_utilisateur_id left join clubs c2_0 on c2_0.id=cu1_0.club_id where m1_0.compte_utilisateur_id=?
[2026-04-10T10:22:41.456085800+02:00][USR-SVC][getUtilisateurEntityByEmail] present? true
2026-04-10T10:22:41.456+02:00 DEBUG 31076 --- [nio-8081-exec-5] club.taekwondo.config.JwtAuthFilter      : [SEC] Utilisateur trouvé: Alizee Gueye
2026-04-10T10:22:41.456+02:00 DEBUG 31076 --- [nio-8081-exec-5] club.taekwondo.config.JwtAuthFilter      : [SEC] rôle BDD normalisé = MEMBRE
2026-04-10T10:22:41.456+02:00 DEBUG 31076 --- [nio-8081-exec-5] club.taekwondo.config.JwtAuthFilter      : [SEC] Auth OK: user=alizee.gueye@gmail.com authorities=[ROLE_MEMBRE]
2026-04-10T10:22:41.456+02:00 DEBUG 31076 --- [nio-8081-exec-5] o.s.security.web.FilterChainProxy        : Secured GET /api/membres/me
2026-04-10T10:22:41.457+02:00 DEBUG 31076 --- [nio-8081-exec-5] o.s.web.servlet.DispatcherServlet        : GET "/api/membres/me", parameters={}
2026-04-10T10:22:41.457+02:00 DEBUG 31076 --- [nio-8081-exec-5] s.w.s.m.m.a.RequestMappingHandlerMapping : Mapped to club.taekwondo.controller.jpa.MembreController#getMembreConnecte(Authentication)
2026-04-10T10:22:41.459+02:00 DEBUG 31076 --- [nio-8081-exec-5] org.hibernate.SQL                        : select m1_0.id,m1_0.ceinture,m1_0.club_id,m1_0.compte_utilisateur_id,m1_0.date_naissance,m1_0.est_adulte,m1_0.nom,m1_0.numero_licence,m1_0.parent_id,m1_0.prenom from membre m1_0 left join utilisateur cu1_0 on cu1_0.id=m1_0.compte_utilisateur_id where cu1_0.email=?
Hibernate: select m1_0.id,m1_0.ceinture,m1_0.club_id,m1_0.compte_utilisateur_id,m1_0.date_naissance,m1_0.est_adulte,m1_0.nom,m1_0.numero_licence,m1_0.parent_id,m1_0.prenom from membre m1_0 left join utilisateur cu1_0 on cu1_0.id=m1_0.compte_utilisateur_id where cu1_0.email=?
2026-04-10T10:22:41.463+02:00 DEBUG 31076 --- [nio-8081-exec-5] org.hibernate.SQL                        : select u1_0.id,u1_0.adresse,c1_0.id,c1_0.adresse,c1_0.email,c1_0.logo,c1_0.name,c1_0.telephone,u1_0.date_naissance,u1_0.email,m1_0.id,m1_0.ceinture,m1_0.club_id,m1_0.date_naissance,m1_0.est_adulte,m1_0.nom,m1_0.numero_licence,m1_0.parent_id,m1_0.prenom,u1_0.nom,u1_0.password,u1_0.password_temporaire,u1_0.password_updated_at,u1_0.prenom,u1_0.role,u1_0.telephone from utilisateur u1_0 left join clubs c1_0 on c1_0.id=u1_0.club_id left join membre m1_0 on u1_0.id=m1_0.compte_utilisateur_id where u1_0.id=?
Hibernate: select u1_0.id,u1_0.adresse,c1_0.id,c1_0.adresse,c1_0.email,c1_0.logo,c1_0.name,c1_0.telephone,u1_0.date_naissance,u1_0.email,m1_0.id,m1_0.ceinture,m1_0.club_id,m1_0.date_naissance,m1_0.est_adulte,m1_0.nom,m1_0.numero_licence,m1_0.parent_id,m1_0.prenom,u1_0.nom,u1_0.password,u1_0.password_temporaire,u1_0.password_updated_at,u1_0.prenom,u1_0.role,u1_0.telephone from utilisateur u1_0 left join clubs c1_0 on c1_0.id=u1_0.club_id left join membre m1_0 on u1_0.id=m1_0.compte_utilisateur_id where u1_0.id=?
2026-04-10T10:22:41.468+02:00 DEBUG 31076 --- [nio-8081-exec-5] o.s.w.s.m.m.a.HttpEntityMethodProcessor  : Using 'application/json', given [*/*] and supported [application/json, application/*+json]
2026-04-10T10:22:41.468+02:00 DEBUG 31076 --- [nio-8081-exec-5] o.s.w.s.m.m.a.HttpEntityMethodProcessor  : Writing [club.taekwondo.dto.MembreDTO@6e871621]
2026-04-10T10:22:41.469+02:00 DEBUG 31076 --- [nio-8081-exec-5] o.s.web.servlet.DispatcherServlet        : Completed 200 OK
2026-04-10T10:22:41.484+02:00 DEBUG 31076 --- [nio-8081-exec-6] o.s.security.web.FilterChainProxy        : Securing GET /api/membres/mes-enfants
2026-04-10T10:22:41.484+02:00 DEBUG 31076 --- [nio-8081-exec-6] club.taekwondo.config.JwtAuthFilter      : [SEC] GET /api/membres/mes-enfants
2026-04-10T10:22:41.485+02:00 DEBUG 31076 --- [nio-8081-exec-6] club.taekwondo.config.JwtAuthFilter      : [SEC] Header Authorization: Bearer eyJhbGciOiJIUzI1NiJ9.eyJzdWIiOiJvY2UuZ3VleWVAZ21haWwuY29tIiwicm9sZSI6IlBBUkVOVCIsInV0aWxpc2F0ZXVySWQiOjUsImlhdCI6MTc3NTgwOTM2MCwiZXhwIjoxNzc1ODk1NzYwfQ.D6XZFA5QQWwu2RgaEjNmk0Pio1Gdwys4ZrnsEADXVps
2026-04-10T10:22:41.485+02:00 DEBUG 31076 --- [nio-8081-exec-6] club.taekwondo.config.JwtAuthFilter      : [SEC] Bearer présent (len=195)
2026-04-10T10:22:41.487+02:00 DEBUG 31076 --- [nio-8081-exec-6] club.taekwondo.config.JwtAuthFilter      : [SEC] email extrait du JWT = oce.gueye@gmail.com
2026-04-10T10:22:41.487+02:00 DEBUG 31076 --- [nio-8081-exec-6] club.taekwondo.config.JwtAuthFilter      : [SEC] rôle extrait du JWT = PARENT
[2026-04-10T10:22:41.489571100+02:00][USR-SVC][getUtilisateurEntityByEmail] in email=oce.gueye@gmail.com -> normalized=oce.gueye@gmail.com
2026-04-10T10:22:41.491+02:00 DEBUG 31076 --- [nio-8081-exec-6] org.hibernate.SQL                        : select u1_0.id,u1_0.adresse,u1_0.club_id,u1_0.date_naissance,u1_0.email,u1_0.nom,u1_0.password,u1_0.password_temporaire,u1_0.password_updated_at,u1_0.prenom,u1_0.role,u1_0.telephone from utilisateur u1_0 where upper(u1_0.email)=upper(?)
Hibernate: select u1_0.id,u1_0.adresse,u1_0.club_id,u1_0.date_naissance,u1_0.email,u1_0.nom,u1_0.password,u1_0.password_temporaire,u1_0.password_updated_at,u1_0.prenom,u1_0.role,u1_0.telephone from utilisateur u1_0 where upper(u1_0.email)=upper(?)
2026-04-10T10:22:41.492+02:00 DEBUG 31076 --- [nio-8081-exec-6] org.hibernate.SQL                        : select c1_0.id,c1_0.adresse,c1_0.email,c1_0.logo,c1_0.name,c1_0.telephone from clubs c1_0 where c1_0.id=?
Hibernate: select c1_0.id,c1_0.adresse,c1_0.email,c1_0.logo,c1_0.name,c1_0.telephone from clubs c1_0 where c1_0.id=?
2026-04-10T10:22:41.493+02:00 DEBUG 31076 --- [nio-8081-exec-6] org.hibernate.SQL                        : select m1_0.id,m1_0.ceinture,m1_0.club_id,cu1_0.id,cu1_0.adresse,c2_0.id,c2_0.adresse,c2_0.email,c2_0.logo,c2_0.name,c2_0.telephone,cu1_0.date_naissance,cu1_0.email,cu1_0.nom,cu1_0.password,cu1_0.password_temporaire,cu1_0.password_updated_at,cu1_0.prenom,cu1_0.role,cu1_0.telephone,m1_0.date_naissance,m1_0.est_adulte,m1_0.nom,m1_0.numero_licence,m1_0.parent_id,m1_0.prenom from membre m1_0 left join utilisateur cu1_0 on cu1_0.id=m1_0.compte_utilisateur_id left join clubs c2_0 on c2_0.id=cu1_0.club_id where m1_0.compte_utilisateur_id=?
Hibernate: select m1_0.id,m1_0.ceinture,m1_0.club_id,cu1_0.id,cu1_0.adresse,c2_0.id,c2_0.adresse,c2_0.email,c2_0.logo,c2_0.name,c2_0.telephone,cu1_0.date_naissance,cu1_0.email,cu1_0.nom,cu1_0.password,cu1_0.password_temporaire,cu1_0.password_updated_at,cu1_0.prenom,cu1_0.role,cu1_0.telephone,m1_0.date_naissance,m1_0.est_adulte,m1_0.nom,m1_0.numero_licence,m1_0.parent_id,m1_0.prenom from membre m1_0 left join utilisateur cu1_0 on cu1_0.id=m1_0.compte_utilisateur_id left join clubs c2_0 on c2_0.id=cu1_0.club_id where m1_0.compte_utilisateur_id=?
[2026-04-10T10:22:41.494359+02:00][USR-SVC][getUtilisateurEntityByEmail] present? true
2026-04-10T10:22:41.494+02:00 DEBUG 31076 --- [nio-8081-exec-6] club.taekwondo.config.JwtAuthFilter      : [SEC] Utilisateur trouvé: Oce gueye
2026-04-10T10:22:41.494+02:00 DEBUG 31076 --- [nio-8081-exec-6] club.taekwondo.config.JwtAuthFilter      : [SEC] rôle BDD normalisé = PARENT
2026-04-10T10:22:41.494+02:00 DEBUG 31076 --- [nio-8081-exec-6] club.taekwondo.config.JwtAuthFilter      : [SEC] Auth OK: user=oce.gueye@gmail.com authorities=[ROLE_PARENT]
2026-04-10T10:22:41.494+02:00 DEBUG 31076 --- [nio-8081-exec-6] o.s.security.web.FilterChainProxy        : Secured GET /api/membres/mes-enfants
2026-04-10T10:22:41.495+02:00 DEBUG 31076 --- [nio-8081-exec-6] o.s.web.servlet.DispatcherServlet        : GET "/api/membres/mes-enfants", parameters={}
2026-04-10T10:22:41.495+02:00 DEBUG 31076 --- [nio-8081-exec-6] s.w.s.m.m.a.RequestMappingHandlerMapping : Mapped to club.taekwondo.controller.jpa.MembreController#getMembresDuParentConnecte(Authentication)
2026-04-10T10:22:41.496+02:00 DEBUG 31076 --- [nio-8081-exec-6] org.hibernate.SQL                        : select u1_0.id,u1_0.adresse,u1_0.club_id,u1_0.date_naissance,u1_0.email,u1_0.nom,u1_0.password,u1_0.password_temporaire,u1_0.password_updated_at,u1_0.prenom,u1_0.role,u1_0.telephone from utilisateur u1_0 where upper(u1_0.email)=upper(?)
Hibernate: select u1_0.id,u1_0.adresse,u1_0.club_id,u1_0.date_naissance,u1_0.email,u1_0.nom,u1_0.password,u1_0.password_temporaire,u1_0.password_updated_at,u1_0.prenom,u1_0.role,u1_0.telephone from utilisateur u1_0 where upper(u1_0.email)=upper(?)
2026-04-10T10:22:41.497+02:00 DEBUG 31076 --- [nio-8081-exec-6] org.hibernate.SQL                        : select c1_0.id,c1_0.adresse,c1_0.email,c1_0.logo,c1_0.name,c1_0.telephone from clubs c1_0 where c1_0.id=?
Hibernate: select c1_0.id,c1_0.adresse,c1_0.email,c1_0.logo,c1_0.name,c1_0.telephone from clubs c1_0 where c1_0.id=?
2026-04-10T10:22:41.498+02:00 DEBUG 31076 --- [nio-8081-exec-6] org.hibernate.SQL                        : select m1_0.id,m1_0.ceinture,m1_0.club_id,cu1_0.id,cu1_0.adresse,c2_0.id,c2_0.adresse,c2_0.email,c2_0.logo,c2_0.name,c2_0.telephone,cu1_0.date_naissance,cu1_0.email,cu1_0.nom,cu1_0.password,cu1_0.password_temporaire,cu1_0.password_updated_at,cu1_0.prenom,cu1_0.role,cu1_0.telephone,m1_0.date_naissance,m1_0.est_adulte,m1_0.nom,m1_0.numero_licence,m1_0.parent_id,m1_0.prenom from membre m1_0 left join utilisateur cu1_0 on cu1_0.id=m1_0.compte_utilisateur_id left join clubs c2_0 on c2_0.id=cu1_0.club_id where m1_0.compte_utilisateur_id=?
Hibernate: select m1_0.id,m1_0.ceinture,m1_0.club_id,cu1_0.id,cu1_0.adresse,c2_0.id,c2_0.adresse,c2_0.email,c2_0.logo,c2_0.name,c2_0.telephone,cu1_0.date_naissance,cu1_0.email,cu1_0.nom,cu1_0.password,cu1_0.password_temporaire,cu1_0.password_updated_at,cu1_0.prenom,cu1_0.role,cu1_0.telephone,m1_0.date_naissance,m1_0.est_adulte,m1_0.nom,m1_0.numero_licence,m1_0.parent_id,m1_0.prenom from membre m1_0 left join utilisateur cu1_0 on cu1_0.id=m1_0.compte_utilisateur_id left join clubs c2_0 on c2_0.id=cu1_0.club_id where m1_0.compte_utilisateur_id=?
2026-04-10T10:22:41.500+02:00 DEBUG 31076 --- [nio-8081-exec-6] org.hibernate.SQL                        : select m1_0.id,m1_0.ceinture,m1_0.club_id,m1_0.compte_utilisateur_id,m1_0.date_naissance,m1_0.est_adulte,m1_0.nom,m1_0.numero_licence,m1_0.parent_id,m1_0.prenom from membre m1_0 where m1_0.parent_id=?
Hibernate: select m1_0.id,m1_0.ceinture,m1_0.club_id,m1_0.compte_utilisateur_id,m1_0.date_naissance,m1_0.est_adulte,m1_0.nom,m1_0.numero_licence,m1_0.parent_id,m1_0.prenom from membre m1_0 where m1_0.parent_id=?
2026-04-10T10:22:41.501+02:00 DEBUG 31076 --- [nio-8081-exec-6] o.s.w.s.m.m.a.HttpEntityMethodProcessor  : Using 'application/octet-stream', given [*/*] and supported [*/*]
2026-04-10T10:22:41.502+02:00 DEBUG 31076 --- [nio-8081-exec-6] o.s.web.servlet.DispatcherServlet        : Completed 204 NO_CONTENT
2026-04-10T10:22:41.513+02:00 DEBUG 31076 --- [nio-8081-exec-4] o.s.security.web.FilterChainProxy        : Securing GET /api/membres
2026-04-10T10:22:41.513+02:00 DEBUG 31076 --- [nio-8081-exec-4] club.taekwondo.config.JwtAuthFilter      : [SEC] GET /api/membres
2026-04-10T10:22:41.514+02:00 DEBUG 31076 --- [nio-8081-exec-4] club.taekwondo.config.JwtAuthFilter      : [SEC] Header Authorization: Bearer eyJhbGciOiJIUzI1NiJ9.eyJzdWIiOiJhZG1pbnZpbGxldXJiYW5uZUBnbWFpbC5jb20iLCJyb2xlIjoiQURNSU4iLCJ1dGlsaXNhdGV1cklkIjozLCJpYXQiOjE3NzU4MDkzNjAsImV4cCI6MTc3NTg5NTc2MH0.zDDy7jvL9QUoKP4BznaTFlSaG1BlxK7kauHZT9CkP_E
2026-04-10T10:22:41.514+02:00 DEBUG 31076 --- [nio-8081-exec-4] club.taekwondo.config.JwtAuthFilter      : [SEC] Bearer présent (len=204)
2026-04-10T10:22:41.516+02:00 DEBUG 31076 --- [nio-8081-exec-4] club.taekwondo.config.JwtAuthFilter      : [SEC] email extrait du JWT = adminvilleurbanne@gmail.com
2026-04-10T10:22:41.516+02:00 DEBUG 31076 --- [nio-8081-exec-4] club.taekwondo.config.JwtAuthFilter      : [SEC] rôle extrait du JWT = ADMIN
[2026-04-10T10:22:41.518121+02:00][USR-SVC][getUtilisateurEntityByEmail] in email=adminvilleurbanne@gmail.com -> normalized=adminvilleurbanne@gmail.com
2026-04-10T10:22:41.519+02:00 DEBUG 31076 --- [nio-8081-exec-4] org.hibernate.SQL                        : select u1_0.id,u1_0.adresse,u1_0.club_id,u1_0.date_naissance,u1_0.email,u1_0.nom,u1_0.password,u1_0.password_temporaire,u1_0.password_updated_at,u1_0.prenom,u1_0.role,u1_0.telephone from utilisateur u1_0 where upper(u1_0.email)=upper(?)
Hibernate: select u1_0.id,u1_0.adresse,u1_0.club_id,u1_0.date_naissance,u1_0.email,u1_0.nom,u1_0.password,u1_0.password_temporaire,u1_0.password_updated_at,u1_0.prenom,u1_0.role,u1_0.telephone from utilisateur u1_0 where upper(u1_0.email)=upper(?)
2026-04-10T10:22:41.520+02:00 DEBUG 31076 --- [nio-8081-exec-4] org.hibernate.SQL                        : select c1_0.id,c1_0.adresse,c1_0.email,c1_0.logo,c1_0.name,c1_0.telephone from clubs c1_0 where c1_0.id=?
Hibernate: select c1_0.id,c1_0.adresse,c1_0.email,c1_0.logo,c1_0.name,c1_0.telephone from clubs c1_0 where c1_0.id=?
2026-04-10T10:22:41.521+02:00 DEBUG 31076 --- [nio-8081-exec-4] org.hibernate.SQL                        : select m1_0.id,m1_0.ceinture,m1_0.club_id,cu1_0.id,cu1_0.adresse,c2_0.id,c2_0.adresse,c2_0.email,c2_0.logo,c2_0.name,c2_0.telephone,cu1_0.date_naissance,cu1_0.email,cu1_0.nom,cu1_0.password,cu1_0.password_temporaire,cu1_0.password_updated_at,cu1_0.prenom,cu1_0.role,cu1_0.telephone,m1_0.date_naissance,m1_0.est_adulte,m1_0.nom,m1_0.numero_licence,m1_0.parent_id,m1_0.prenom from membre m1_0 left join utilisateur cu1_0 on cu1_0.id=m1_0.compte_utilisateur_id left join clubs c2_0 on c2_0.id=cu1_0.club_id where m1_0.compte_utilisateur_id=?
Hibernate: select m1_0.id,m1_0.ceinture,m1_0.club_id,cu1_0.id,cu1_0.adresse,c2_0.id,c2_0.adresse,c2_0.email,c2_0.logo,c2_0.name,c2_0.telephone,cu1_0.date_naissance,cu1_0.email,cu1_0.nom,cu1_0.password,cu1_0.password_temporaire,cu1_0.password_updated_at,cu1_0.prenom,cu1_0.role,cu1_0.telephone,m1_0.date_naissance,m1_0.est_adulte,m1_0.nom,m1_0.numero_licence,m1_0.parent_id,m1_0.prenom from membre m1_0 left join utilisateur cu1_0 on cu1_0.id=m1_0.compte_utilisateur_id left join clubs c2_0 on c2_0.id=cu1_0.club_id where m1_0.compte_utilisateur_id=?
[2026-04-10T10:22:41.522378800+02:00][USR-SVC][getUtilisateurEntityByEmail] present? true
2026-04-10T10:22:41.522+02:00 DEBUG 31076 --- [nio-8081-exec-4] club.taekwondo.config.JwtAuthFilter      : [SEC] Utilisateur trouvé: adminVilleurbanne adminVilleurbanne
2026-04-10T10:22:41.522+02:00 DEBUG 31076 --- [nio-8081-exec-4] club.taekwondo.config.JwtAuthFilter      : [SEC] rôle BDD normalisé = ADMIN
2026-04-10T10:22:41.522+02:00 DEBUG 31076 --- [nio-8081-exec-4] club.taekwondo.config.JwtAuthFilter      : [SEC] Auth OK: user=adminvilleurbanne@gmail.com authorities=[ROLE_ADMIN]
2026-04-10T10:22:41.522+02:00 DEBUG 31076 --- [nio-8081-exec-4] o.s.security.web.FilterChainProxy        : Secured GET /api/membres
2026-04-10T10:22:41.523+02:00 DEBUG 31076 --- [nio-8081-exec-4] o.s.web.servlet.DispatcherServlet        : GET "/api/membres", parameters={}
2026-04-10T10:22:41.523+02:00 DEBUG 31076 --- [nio-8081-exec-4] s.w.s.m.m.a.RequestMappingHandlerMapping : Mapped to club.taekwondo.controller.jpa.MembreController#getMembres(Long, Long, Authentication)
2026-04-10T10:22:41.525+02:00 DEBUG 31076 --- [nio-8081-exec-4] org.hibernate.SQL                        : select m1_0.id,m1_0.ceinture,m1_0.club_id,m1_0.compte_utilisateur_id,m1_0.date_naissance,m1_0.est_adulte,m1_0.nom,m1_0.numero_licence,m1_0.parent_id,m1_0.prenom from membre m1_0
Hibernate: select m1_0.id,m1_0.ceinture,m1_0.club_id,m1_0.compte_utilisateur_id,m1_0.date_naissance,m1_0.est_adulte,m1_0.nom,m1_0.numero_licence,m1_0.parent_id,m1_0.prenom from membre m1_0
2026-04-10T10:22:41.526+02:00 DEBUG 31076 --- [nio-8081-exec-4] org.hibernate.SQL                        : select u1_0.id,u1_0.adresse,c1_0.id,c1_0.adresse,c1_0.email,c1_0.logo,c1_0.name,c1_0.telephone,u1_0.date_naissance,u1_0.email,m1_0.id,m1_0.ceinture,m1_0.club_id,m1_0.date_naissance,m1_0.est_adulte,m1_0.nom,m1_0.numero_licence,m1_0.parent_id,m1_0.prenom,u1_0.nom,u1_0.password,u1_0.password_temporaire,u1_0.password_updated_at,u1_0.prenom,u1_0.role,u1_0.telephone from utilisateur u1_0 left join clubs c1_0 on c1_0.id=u1_0.club_id left join membre m1_0 on u1_0.id=m1_0.compte_utilisateur_id where u1_0.id=?
Hibernate: select u1_0.id,u1_0.adresse,c1_0.id,c1_0.adresse,c1_0.email,c1_0.logo,c1_0.name,c1_0.telephone,u1_0.date_naissance,u1_0.email,m1_0.id,m1_0.ceinture,m1_0.club_id,m1_0.date_naissance,m1_0.est_adulte,m1_0.nom,m1_0.numero_licence,m1_0.parent_id,m1_0.prenom,u1_0.nom,u1_0.password,u1_0.password_temporaire,u1_0.password_updated_at,u1_0.prenom,u1_0.role,u1_0.telephone from utilisateur u1_0 left join clubs c1_0 on c1_0.id=u1_0.club_id left join membre m1_0 on u1_0.id=m1_0.compte_utilisateur_id where u1_0.id=?
2026-04-10T10:22:41.529+02:00 DEBUG 31076 --- [nio-8081-exec-4] o.s.w.s.m.m.a.HttpEntityMethodProcessor  : Using 'application/json', given [*/*] and supported [application/json, application/*+json]
2026-04-10T10:22:41.529+02:00 DEBUG 31076 --- [nio-8081-exec-4] o.s.w.s.m.m.a.HttpEntityMethodProcessor  : Writing [[club.taekwondo.dto.MembreDTO@5b87a91a, club.taekwondo.dto.MembreDTO@77aa234f, club.taekwondo.dto.Me (truncated)...]
2026-04-10T10:22:41.530+02:00 DEBUG 31076 --- [nio-8081-exec-4] o.s.web.servlet.DispatcherServlet        : Completed 200 OK
2026-04-10T10:22:41.544+02:00 DEBUG 31076 --- [nio-8081-exec-3] o.s.security.web.FilterChainProxy        : Securing GET /api/membres
2026-04-10T10:22:41.545+02:00 DEBUG 31076 --- [nio-8081-exec-3] club.taekwondo.config.JwtAuthFilter      : [SEC] GET /api/membres
2026-04-10T10:22:41.545+02:00 DEBUG 31076 --- [nio-8081-exec-3] club.taekwondo.config.JwtAuthFilter      : [SEC] Header Authorization: Bearer eyJhbGciOiJIUzI1NiJ9.eyJzdWIiOiJhbGl6ZWUuZ3VleWVAZ21haWwuY29tIiwicm9sZSI6Ik1FTUJSRSIsInV0aWxpc2F0ZXVySWQiOjksIm1lbWJyZUlkIjo1LCJpYXQiOjE3NzU4MDkzNjAsImV4cCI6MTc3NTg5NTc2MH0.-ihiv8G2WAfxtTW_JKh-bckU9WhabmdyDpg8-WgLLZo
2026-04-10T10:22:41.545+02:00 DEBUG 31076 --- [nio-8081-exec-3] club.taekwondo.config.JwtAuthFilter      : [SEC] Bearer présent (len=216)
2026-04-10T10:22:41.547+02:00 DEBUG 31076 --- [nio-8081-exec-3] club.taekwondo.config.JwtAuthFilter      : [SEC] email extrait du JWT = alizee.gueye@gmail.com
2026-04-10T10:22:41.548+02:00 DEBUG 31076 --- [nio-8081-exec-3] club.taekwondo.config.JwtAuthFilter      : [SEC] rôle extrait du JWT = MEMBRE
[2026-04-10T10:22:41.550616600+02:00][USR-SVC][getUtilisateurEntityByEmail] in email=alizee.gueye@gmail.com -> normalized=alizee.gueye@gmail.com
2026-04-10T10:22:41.552+02:00 DEBUG 31076 --- [nio-8081-exec-3] org.hibernate.SQL                        : select u1_0.id,u1_0.adresse,u1_0.club_id,u1_0.date_naissance,u1_0.email,u1_0.nom,u1_0.password,u1_0.password_temporaire,u1_0.password_updated_at,u1_0.prenom,u1_0.role,u1_0.telephone from utilisateur u1_0 where upper(u1_0.email)=upper(?)
Hibernate: select u1_0.id,u1_0.adresse,u1_0.club_id,u1_0.date_naissance,u1_0.email,u1_0.nom,u1_0.password,u1_0.password_temporaire,u1_0.password_updated_at,u1_0.prenom,u1_0.role,u1_0.telephone from utilisateur u1_0 where upper(u1_0.email)=upper(?)
2026-04-10T10:22:41.555+02:00 DEBUG 31076 --- [nio-8081-exec-3] org.hibernate.SQL                        : select c1_0.id,c1_0.adresse,c1_0.email,c1_0.logo,c1_0.name,c1_0.telephone from clubs c1_0 where c1_0.id=?
Hibernate: select c1_0.id,c1_0.adresse,c1_0.email,c1_0.logo,c1_0.name,c1_0.telephone from clubs c1_0 where c1_0.id=?
2026-04-10T10:22:41.556+02:00 DEBUG 31076 --- [nio-8081-exec-3] org.hibernate.SQL                        : select m1_0.id,m1_0.ceinture,m1_0.club_id,cu1_0.id,cu1_0.adresse,c2_0.id,c2_0.adresse,c2_0.email,c2_0.logo,c2_0.name,c2_0.telephone,cu1_0.date_naissance,cu1_0.email,cu1_0.nom,cu1_0.password,cu1_0.password_temporaire,cu1_0.password_updated_at,cu1_0.prenom,cu1_0.role,cu1_0.telephone,m1_0.date_naissance,m1_0.est_adulte,m1_0.nom,m1_0.numero_licence,m1_0.parent_id,m1_0.prenom from membre m1_0 left join utilisateur cu1_0 on cu1_0.id=m1_0.compte_utilisateur_id left join clubs c2_0 on c2_0.id=cu1_0.club_id where m1_0.compte_utilisateur_id=?
Hibernate: select m1_0.id,m1_0.ceinture,m1_0.club_id,cu1_0.id,cu1_0.adresse,c2_0.id,c2_0.adresse,c2_0.email,c2_0.logo,c2_0.name,c2_0.telephone,cu1_0.date_naissance,cu1_0.email,cu1_0.nom,cu1_0.password,cu1_0.password_temporaire,cu1_0.password_updated_at,cu1_0.prenom,cu1_0.role,cu1_0.telephone,m1_0.date_naissance,m1_0.est_adulte,m1_0.nom,m1_0.numero_licence,m1_0.parent_id,m1_0.prenom from membre m1_0 left join utilisateur cu1_0 on cu1_0.id=m1_0.compte_utilisateur_id left join clubs c2_0 on c2_0.id=cu1_0.club_id where m1_0.compte_utilisateur_id=?
[2026-04-10T10:22:41.558469200+02:00][USR-SVC][getUtilisateurEntityByEmail] present? true
2026-04-10T10:22:41.558+02:00 DEBUG 31076 --- [nio-8081-exec-3] club.taekwondo.config.JwtAuthFilter      : [SEC] Utilisateur trouvé: Alizee Gueye
2026-04-10T10:22:41.559+02:00 DEBUG 31076 --- [nio-8081-exec-3] club.taekwondo.config.JwtAuthFilter      : [SEC] rôle BDD normalisé = MEMBRE
2026-04-10T10:22:41.559+02:00 DEBUG 31076 --- [nio-8081-exec-3] club.taekwondo.config.JwtAuthFilter      : [SEC] Auth OK: user=alizee.gueye@gmail.com authorities=[ROLE_MEMBRE]
2026-04-10T10:22:41.559+02:00 DEBUG 31076 --- [nio-8081-exec-3] o.s.security.web.FilterChainProxy        : Secured GET /api/membres
2026-04-10T10:22:41.559+02:00 DEBUG 31076 --- [nio-8081-exec-3] o.s.web.servlet.DispatcherServlet        : GET "/api/membres", parameters={}
2026-04-10T10:22:41.560+02:00 DEBUG 31076 --- [nio-8081-exec-3] s.w.s.m.m.a.RequestMappingHandlerMapping : Mapped to club.taekwondo.controller.jpa.MembreController#getMembres(Long, Long, Authentication)
2026-04-10T10:22:41.561+02:00 DEBUG 31076 --- [nio-8081-exec-3] org.hibernate.SQL                        : select m1_0.id,m1_0.ceinture,m1_0.club_id,m1_0.compte_utilisateur_id,m1_0.date_naissance,m1_0.est_adulte,m1_0.nom,m1_0.numero_licence,m1_0.parent_id,m1_0.prenom from membre m1_0
Hibernate: select m1_0.id,m1_0.ceinture,m1_0.club_id,m1_0.compte_utilisateur_id,m1_0.date_naissance,m1_0.est_adulte,m1_0.nom,m1_0.numero_licence,m1_0.parent_id,m1_0.prenom from membre m1_0
2026-04-10T10:22:41.562+02:00 DEBUG 31076 --- [nio-8081-exec-3] org.hibernate.SQL                        : select u1_0.id,u1_0.adresse,c1_0.id,c1_0.adresse,c1_0.email,c1_0.logo,c1_0.name,c1_0.telephone,u1_0.date_naissance,u1_0.email,m1_0.id,m1_0.ceinture,m1_0.club_id,m1_0.date_naissance,m1_0.est_adulte,m1_0.nom,m1_0.numero_licence,m1_0.parent_id,m1_0.prenom,u1_0.nom,u1_0.password,u1_0.password_temporaire,u1_0.password_updated_at,u1_0.prenom,u1_0.role,u1_0.telephone from utilisateur u1_0 left join clubs c1_0 on c1_0.id=u1_0.club_id left join membre m1_0 on u1_0.id=m1_0.compte_utilisateur_id where u1_0.id=?
Hibernate: select u1_0.id,u1_0.adresse,c1_0.id,c1_0.adresse,c1_0.email,c1_0.logo,c1_0.name,c1_0.telephone,u1_0.date_naissance,u1_0.email,m1_0.id,m1_0.ceinture,m1_0.club_id,m1_0.date_naissance,m1_0.est_adulte,m1_0.nom,m1_0.numero_licence,m1_0.parent_id,m1_0.prenom,u1_0.nom,u1_0.password,u1_0.password_temporaire,u1_0.password_updated_at,u1_0.prenom,u1_0.role,u1_0.telephone from utilisateur u1_0 left join clubs c1_0 on c1_0.id=u1_0.club_id left join membre m1_0 on u1_0.id=m1_0.compte_utilisateur_id where u1_0.id=?
2026-04-10T10:22:41.567+02:00 DEBUG 31076 --- [nio-8081-exec-3] o.s.w.s.m.m.a.HttpEntityMethodProcessor  : Using 'application/json', given [*/*] and supported [application/json, application/*+json]
2026-04-10T10:22:41.568+02:00 DEBUG 31076 --- [nio-8081-exec-3] o.s.w.s.m.m.a.HttpEntityMethodProcessor  : Writing [[club.taekwondo.dto.MembreDTO@5327a9b6, club.taekwondo.dto.MembreDTO@293a10eb, club.taekwondo.dto.Me (truncated)...]
2026-04-10T10:22:41.569+02:00 DEBUG 31076 --- [nio-8081-exec-3] o.s.web.servlet.DispatcherServlet        : Completed 200 OK
2026-04-10T10:25:48.729+02:00 DEBUG 31076 --- [nio-8081-exec-9] o.s.security.web.FilterChainProxy        : Securing POST /api/utilisateurs/login
2026-04-10T10:25:48.731+02:00 DEBUG 31076 --- [nio-8081-exec-9] club.taekwondo.config.JwtAuthFilter      : [SEC] Endpoint public ignoré: /api/utilisateurs/login
2026-04-10T10:25:48.731+02:00 DEBUG 31076 --- [nio-8081-exec-9] o.s.s.w.a.AnonymousAuthenticationFilter  : Set SecurityContextHolder to anonymous SecurityContext
2026-04-10T10:25:48.732+02:00 DEBUG 31076 --- [nio-8081-exec-9] o.s.security.web.FilterChainProxy        : Secured POST /api/utilisateurs/login
2026-04-10T10:25:48.732+02:00 DEBUG 31076 --- [nio-8081-exec-9] club.taekwondo.config.JwtAuthFilter      : [SEC] Endpoint public ignoré: /api/utilisateurs/login
2026-04-10T10:25:48.732+02:00 DEBUG 31076 --- [nio-8081-exec-9] o.s.web.servlet.DispatcherServlet        : POST "/api/utilisateurs/login", parameters={}
2026-04-10T10:25:48.732+02:00 DEBUG 31076 --- [nio-8081-exec-9] s.w.s.m.m.a.RequestMappingHandlerMapping : Mapped to club.taekwondo.controller.jpa.UtilisateurController#login(LoginDTO)
2026-04-10T10:25:48.733+02:00 DEBUG 31076 --- [nio-8081-exec-9] m.m.a.RequestResponseBodyMethodProcessor : Read "application/json;charset=UTF-8" to [club.taekwondo.dto.LoginDTO@64a36b2a]
[2026-04-10T10:25:48.734316500+02:00][USR][LOGIN] ? payload re�u
[2026-04-10T10:25:48.734316500+02:00][USR-SVC][login] email=superadmin@club.local -> normalized=superadmin@club.local, password=***(8 chars)
2026-04-10T10:25:48.735+02:00 DEBUG 31076 --- [nio-8081-exec-9] org.hibernate.SQL                        : select u1_0.id,u1_0.adresse,u1_0.club_id,u1_0.date_naissance,u1_0.email,u1_0.nom,u1_0.password,u1_0.password_temporaire,u1_0.password_updated_at,u1_0.prenom,u1_0.role,u1_0.telephone from utilisateur u1_0 where upper(u1_0.email)=upper(?)
Hibernate: select u1_0.id,u1_0.adresse,u1_0.club_id,u1_0.date_naissance,u1_0.email,u1_0.nom,u1_0.password,u1_0.password_temporaire,u1_0.password_updated_at,u1_0.prenom,u1_0.role,u1_0.telephone from utilisateur u1_0 where upper(u1_0.email)=upper(?)
2026-04-10T10:25:48.736+02:00 DEBUG 31076 --- [nio-8081-exec-9] org.hibernate.SQL                        : select m1_0.id,m1_0.ceinture,m1_0.club_id,cu1_0.id,cu1_0.adresse,c2_0.id,c2_0.adresse,c2_0.email,c2_0.logo,c2_0.name,c2_0.telephone,cu1_0.date_naissance,cu1_0.email,cu1_0.nom,cu1_0.password,cu1_0.password_temporaire,cu1_0.password_updated_at,cu1_0.prenom,cu1_0.role,cu1_0.telephone,m1_0.date_naissance,m1_0.est_adulte,m1_0.nom,m1_0.numero_licence,m1_0.parent_id,m1_0.prenom from membre m1_0 left join utilisateur cu1_0 on cu1_0.id=m1_0.compte_utilisateur_id left join clubs c2_0 on c2_0.id=cu1_0.club_id where m1_0.compte_utilisateur_id=?
Hibernate: select m1_0.id,m1_0.ceinture,m1_0.club_id,cu1_0.id,cu1_0.adresse,c2_0.id,c2_0.adresse,c2_0.email,c2_0.logo,c2_0.name,c2_0.telephone,cu1_0.date_naissance,cu1_0.email,cu1_0.nom,cu1_0.password,cu1_0.password_temporaire,cu1_0.password_updated_at,cu1_0.prenom,cu1_0.role,cu1_0.telephone,m1_0.date_naissance,m1_0.est_adulte,m1_0.nom,m1_0.numero_licence,m1_0.parent_id,m1_0.prenom from membre m1_0 left join utilisateur cu1_0 on cu1_0.id=m1_0.compte_utilisateur_id left join clubs c2_0 on c2_0.id=cu1_0.club_id where m1_0.compte_utilisateur_id=?
[2026-04-10T10:25:48.806230900+02:00][USR-SVC][login] password matches? true for userId=1
[2026-04-10T10:25:48.807146700+02:00][USR-SVC][convertToDTO] in: Entity[id=1, nom=Super, prenom=Admin, email=superadmin@club.local, tel=null, adr='null', dateN=null, role=SUPER_ADMIN]
[2026-04-10T10:25:48.808146600+02:00][USR-SVC][convertToDTO] out: DTO[id=1, nom=Super, prenom=Admin, email=superadmin@club.local, tel=null, adr='null', dateN=null, role=SUPER_ADMIN, pwd=null]
[2026-04-10T10:25:48.808146600+02:00][USR-SVC][login] ? super-admin sans club, connexion autoris�e
[2026-04-10T10:25:48.808146600+02:00][USR-SVC][login] success? true
2026-04-10T10:25:48.810+02:00 DEBUG 31076 --- [nio-8081-exec-9] org.hibernate.SQL                        : select m1_0.id,m1_0.ceinture,m1_0.club_id,m1_0.compte_utilisateur_id,m1_0.date_naissance,m1_0.est_adulte,m1_0.nom,m1_0.numero_licence,m1_0.parent_id,m1_0.prenom from membre m1_0 where m1_0.compte_utilisateur_id=?
Hibernate: select m1_0.id,m1_0.ceinture,m1_0.club_id,m1_0.compte_utilisateur_id,m1_0.date_naissance,m1_0.est_adulte,m1_0.nom,m1_0.numero_licence,m1_0.parent_id,m1_0.prenom from membre m1_0 where m1_0.compte_utilisateur_id=?
[2026-04-10T10:25:48.811146800+02:00][USR-SVC][getUtilisateurEntityById] id=1
[2026-04-10T10:25:48.812152+02:00][USR-SVC][getUtilisateurEntityById] present? true
2026-04-10T10:25:48.814+02:00 DEBUG 31076 --- [nio-8081-exec-9] o.s.w.s.m.m.a.HttpEntityMethodProcessor  : Using 'application/json', given [*/*] and supported [application/json, application/*+json]
2026-04-10T10:25:48.814+02:00 DEBUG 31076 --- [nio-8081-exec-9] o.s.w.s.m.m.a.HttpEntityMethodProcessor  : Writing [{role=SUPER_ADMIN, utilisateur=club.taekwondo.dto.UtilisateurDTO@6ed2e70b, utilisateurId=1, membreId (truncated)...]
2026-04-10T10:25:48.815+02:00 DEBUG 31076 --- [nio-8081-exec-9] o.s.web.servlet.DispatcherServlet        : Completed 200 OK
2026-04-10T10:25:48.872+02:00 DEBUG 31076 --- [nio-8081-exec-8] o.s.security.web.FilterChainProxy        : Securing POST /api/utilisateurs/login
2026-04-10T10:25:48.873+02:00 DEBUG 31076 --- [nio-8081-exec-8] club.taekwondo.config.JwtAuthFilter      : [SEC] Endpoint public ignoré: /api/utilisateurs/login
2026-04-10T10:25:48.873+02:00 DEBUG 31076 --- [nio-8081-exec-8] o.s.s.w.a.AnonymousAuthenticationFilter  : Set SecurityContextHolder to anonymous SecurityContext
2026-04-10T10:25:48.873+02:00 DEBUG 31076 --- [nio-8081-exec-8] o.s.security.web.FilterChainProxy        : Secured POST /api/utilisateurs/login
2026-04-10T10:25:48.873+02:00 DEBUG 31076 --- [nio-8081-exec-8] club.taekwondo.config.JwtAuthFilter      : [SEC] Endpoint public ignoré: /api/utilisateurs/login
2026-04-10T10:25:48.874+02:00 DEBUG 31076 --- [nio-8081-exec-8] o.s.web.servlet.DispatcherServlet        : POST "/api/utilisateurs/login", parameters={}
2026-04-10T10:25:48.874+02:00 DEBUG 31076 --- [nio-8081-exec-8] s.w.s.m.m.a.RequestMappingHandlerMapping : Mapped to club.taekwondo.controller.jpa.UtilisateurController#login(LoginDTO)
2026-04-10T10:25:48.874+02:00 DEBUG 31076 --- [nio-8081-exec-8] m.m.a.RequestResponseBodyMethodProcessor : Read "application/json;charset=UTF-8" to [club.taekwondo.dto.LoginDTO@291e7c5c]
[2026-04-10T10:25:48.875988700+02:00][USR][LOGIN] ? payload re�u
[2026-04-10T10:25:48.875988700+02:00][USR-SVC][login] email=adminvilleurbanne@gmail.com -> normalized=adminvilleurbanne@gmail.com, password=***(8 chars)
2026-04-10T10:25:48.876+02:00 DEBUG 31076 --- [nio-8081-exec-8] org.hibernate.SQL                        : select u1_0.id,u1_0.adresse,u1_0.club_id,u1_0.date_naissance,u1_0.email,u1_0.nom,u1_0.password,u1_0.password_temporaire,u1_0.password_updated_at,u1_0.prenom,u1_0.role,u1_0.telephone from utilisateur u1_0 where upper(u1_0.email)=upper(?)
Hibernate: select u1_0.id,u1_0.adresse,u1_0.club_id,u1_0.date_naissance,u1_0.email,u1_0.nom,u1_0.password,u1_0.password_temporaire,u1_0.password_updated_at,u1_0.prenom,u1_0.role,u1_0.telephone from utilisateur u1_0 where upper(u1_0.email)=upper(?)
2026-04-10T10:25:48.876+02:00 DEBUG 31076 --- [nio-8081-exec-8] org.hibernate.SQL                        : select c1_0.id,c1_0.adresse,c1_0.email,c1_0.logo,c1_0.name,c1_0.telephone from clubs c1_0 where c1_0.id=?
Hibernate: select c1_0.id,c1_0.adresse,c1_0.email,c1_0.logo,c1_0.name,c1_0.telephone from clubs c1_0 where c1_0.id=?
2026-04-10T10:25:48.878+02:00 DEBUG 31076 --- [nio-8081-exec-8] org.hibernate.SQL                        : select m1_0.id,m1_0.ceinture,m1_0.club_id,cu1_0.id,cu1_0.adresse,c2_0.id,c2_0.adresse,c2_0.email,c2_0.logo,c2_0.name,c2_0.telephone,cu1_0.date_naissance,cu1_0.email,cu1_0.nom,cu1_0.password,cu1_0.password_temporaire,cu1_0.password_updated_at,cu1_0.prenom,cu1_0.role,cu1_0.telephone,m1_0.date_naissance,m1_0.est_adulte,m1_0.nom,m1_0.numero_licence,m1_0.parent_id,m1_0.prenom from membre m1_0 left join utilisateur cu1_0 on cu1_0.id=m1_0.compte_utilisateur_id left join clubs c2_0 on c2_0.id=cu1_0.club_id where m1_0.compte_utilisateur_id=?
Hibernate: select m1_0.id,m1_0.ceinture,m1_0.club_id,cu1_0.id,cu1_0.adresse,c2_0.id,c2_0.adresse,c2_0.email,c2_0.logo,c2_0.name,c2_0.telephone,cu1_0.date_naissance,cu1_0.email,cu1_0.nom,cu1_0.password,cu1_0.password_temporaire,cu1_0.password_updated_at,cu1_0.prenom,cu1_0.role,cu1_0.telephone,m1_0.date_naissance,m1_0.est_adulte,m1_0.nom,m1_0.numero_licence,m1_0.parent_id,m1_0.prenom from membre m1_0 left join utilisateur cu1_0 on cu1_0.id=m1_0.compte_utilisateur_id left join clubs c2_0 on c2_0.id=cu1_0.club_id where m1_0.compte_utilisateur_id=?
[2026-04-10T10:25:48.949079500+02:00][USR-SVC][login] password matches? true for userId=3
[2026-04-10T10:25:48.950132200+02:00][USR-SVC][convertToDTO] in: Entity[id=3, nom=adminVilleurbanne, prenom=adminVilleurbanne, email=adminvilleurbanne@gmail.com, tel=null, adr='null', dateN=null, role=ADMIN]
[2026-04-10T10:25:48.950132200+02:00][USR-SVC][convertToDTO] out: DTO[id=3, nom=adminVilleurbanne, prenom=adminVilleurbanne, email=adminvilleurbanne@gmail.com, tel=null, adr='null', dateN=null, role=ADMIN, pwd=null]
[2026-04-10T10:25:48.950132200+02:00][USR-SVC][login] success? true
2026-04-10T10:25:48.951+02:00 DEBUG 31076 --- [nio-8081-exec-8] org.hibernate.SQL                        : select m1_0.id,m1_0.ceinture,m1_0.club_id,m1_0.compte_utilisateur_id,m1_0.date_naissance,m1_0.est_adulte,m1_0.nom,m1_0.numero_licence,m1_0.parent_id,m1_0.prenom from membre m1_0 where m1_0.compte_utilisateur_id=?
Hibernate: select m1_0.id,m1_0.ceinture,m1_0.club_id,m1_0.compte_utilisateur_id,m1_0.date_naissance,m1_0.est_adulte,m1_0.nom,m1_0.numero_licence,m1_0.parent_id,m1_0.prenom from membre m1_0 where m1_0.compte_utilisateur_id=?
[2026-04-10T10:25:48.952123300+02:00][USR-SVC][getUtilisateurEntityById] id=3
[2026-04-10T10:25:48.953124200+02:00][USR-SVC][getUtilisateurEntityById] present? true
2026-04-10T10:25:48.954+02:00 DEBUG 31076 --- [nio-8081-exec-8] o.s.w.s.m.m.a.HttpEntityMethodProcessor  : Using 'application/json', given [*/*] and supported [application/json, application/*+json]
2026-04-10T10:25:48.954+02:00 DEBUG 31076 --- [nio-8081-exec-8] o.s.w.s.m.m.a.HttpEntityMethodProcessor  : Writing [{role=ADMIN, utilisateur=club.taekwondo.dto.UtilisateurDTO@2da58623, utilisateurId=3, membreId=null, (truncated)...]
2026-04-10T10:25:48.954+02:00 DEBUG 31076 --- [nio-8081-exec-8] o.s.web.servlet.DispatcherServlet        : Completed 200 OK
2026-04-10T10:25:48.971+02:00 DEBUG 31076 --- [io-8081-exec-10] o.s.security.web.FilterChainProxy        : Securing POST /api/utilisateurs/login
2026-04-10T10:25:48.972+02:00 DEBUG 31076 --- [io-8081-exec-10] club.taekwondo.config.JwtAuthFilter      : [SEC] Endpoint public ignoré: /api/utilisateurs/login
2026-04-10T10:25:48.972+02:00 DEBUG 31076 --- [io-8081-exec-10] o.s.s.w.a.AnonymousAuthenticationFilter  : Set SecurityContextHolder to anonymous SecurityContext
2026-04-10T10:25:48.972+02:00 DEBUG 31076 --- [io-8081-exec-10] o.s.security.web.FilterChainProxy        : Secured POST /api/utilisateurs/login
2026-04-10T10:25:48.972+02:00 DEBUG 31076 --- [io-8081-exec-10] club.taekwondo.config.JwtAuthFilter      : [SEC] Endpoint public ignoré: /api/utilisateurs/login
2026-04-10T10:25:48.973+02:00 DEBUG 31076 --- [io-8081-exec-10] o.s.web.servlet.DispatcherServlet        : POST "/api/utilisateurs/login", parameters={}
2026-04-10T10:25:48.973+02:00 DEBUG 31076 --- [io-8081-exec-10] s.w.s.m.m.a.RequestMappingHandlerMapping : Mapped to club.taekwondo.controller.jpa.UtilisateurController#login(LoginDTO)
2026-04-10T10:25:48.973+02:00 DEBUG 31076 --- [io-8081-exec-10] m.m.a.RequestResponseBodyMethodProcessor : Read "application/json;charset=UTF-8" to [club.taekwondo.dto.LoginDTO@1c10fbdc]
[2026-04-10T10:25:48.974747300+02:00][USR][LOGIN] ? payload re�u
[2026-04-10T10:25:48.974747300+02:00][USR-SVC][login] email=oce.gueye@gmail.com -> normalized=oce.gueye@gmail.com, password=***(8 chars)
2026-04-10T10:25:48.975+02:00 DEBUG 31076 --- [io-8081-exec-10] org.hibernate.SQL                        : select u1_0.id,u1_0.adresse,u1_0.club_id,u1_0.date_naissance,u1_0.email,u1_0.nom,u1_0.password,u1_0.password_temporaire,u1_0.password_updated_at,u1_0.prenom,u1_0.role,u1_0.telephone from utilisateur u1_0 where upper(u1_0.email)=upper(?)
Hibernate: select u1_0.id,u1_0.adresse,u1_0.club_id,u1_0.date_naissance,u1_0.email,u1_0.nom,u1_0.password,u1_0.password_temporaire,u1_0.password_updated_at,u1_0.prenom,u1_0.role,u1_0.telephone from utilisateur u1_0 where upper(u1_0.email)=upper(?)
2026-04-10T10:25:48.976+02:00 DEBUG 31076 --- [io-8081-exec-10] org.hibernate.SQL                        : select c1_0.id,c1_0.adresse,c1_0.email,c1_0.logo,c1_0.name,c1_0.telephone from clubs c1_0 where c1_0.id=?
Hibernate: select c1_0.id,c1_0.adresse,c1_0.email,c1_0.logo,c1_0.name,c1_0.telephone from clubs c1_0 where c1_0.id=?
2026-04-10T10:25:48.978+02:00 DEBUG 31076 --- [io-8081-exec-10] org.hibernate.SQL                        : select m1_0.id,m1_0.ceinture,m1_0.club_id,cu1_0.id,cu1_0.adresse,c2_0.id,c2_0.adresse,c2_0.email,c2_0.logo,c2_0.name,c2_0.telephone,cu1_0.date_naissance,cu1_0.email,cu1_0.nom,cu1_0.password,cu1_0.password_temporaire,cu1_0.password_updated_at,cu1_0.prenom,cu1_0.role,cu1_0.telephone,m1_0.date_naissance,m1_0.est_adulte,m1_0.nom,m1_0.numero_licence,m1_0.parent_id,m1_0.prenom from membre m1_0 left join utilisateur cu1_0 on cu1_0.id=m1_0.compte_utilisateur_id left join clubs c2_0 on c2_0.id=cu1_0.club_id where m1_0.compte_utilisateur_id=?
Hibernate: select m1_0.id,m1_0.ceinture,m1_0.club_id,cu1_0.id,cu1_0.adresse,c2_0.id,c2_0.adresse,c2_0.email,c2_0.logo,c2_0.name,c2_0.telephone,cu1_0.date_naissance,cu1_0.email,cu1_0.nom,cu1_0.password,cu1_0.password_temporaire,cu1_0.password_updated_at,cu1_0.prenom,cu1_0.role,cu1_0.telephone,m1_0.date_naissance,m1_0.est_adulte,m1_0.nom,m1_0.numero_licence,m1_0.parent_id,m1_0.prenom from membre m1_0 left join utilisateur cu1_0 on cu1_0.id=m1_0.compte_utilisateur_id left join clubs c2_0 on c2_0.id=cu1_0.club_id where m1_0.compte_utilisateur_id=?
[2026-04-10T10:25:49.046213900+02:00][USR-SVC][login] password matches? true for userId=5
[2026-04-10T10:25:49.047213200+02:00][USR-SVC][convertToDTO] in: Entity[id=5, nom=gueye, prenom=Oce, email=oce.gueye@gmail.com, tel=null, adr='null', dateN=null, role=PARENT]
2026-04-10T10:25:49.049+02:00 DEBUG 31076 --- [io-8081-exec-10] org.hibernate.SQL                        : select m1_0.id,m1_0.ceinture,m1_0.club_id,m1_0.compte_utilisateur_id,m1_0.date_naissance,m1_0.est_adulte,m1_0.nom,m1_0.numero_licence,m1_0.parent_id,m1_0.prenom from membre m1_0 where m1_0.parent_id=?
Hibernate: select m1_0.id,m1_0.ceinture,m1_0.club_id,m1_0.compte_utilisateur_id,m1_0.date_naissance,m1_0.est_adulte,m1_0.nom,m1_0.numero_licence,m1_0.parent_id,m1_0.prenom from membre m1_0 where m1_0.parent_id=?
[2026-04-10T10:25:49.050212600+02:00][USR-SVC][convertToDTO] out: DTO[id=5, nom=gueye, prenom=Oce, email=oce.gueye@gmail.com, tel=null, adr='null', dateN=null, role=PARENT, pwd=null]
[2026-04-10T10:25:49.050212600+02:00][USR-SVC][login] success? true
2026-04-10T10:25:49.051+02:00 DEBUG 31076 --- [io-8081-exec-10] org.hibernate.SQL                        : select m1_0.id,m1_0.ceinture,m1_0.club_id,m1_0.compte_utilisateur_id,m1_0.date_naissance,m1_0.est_adulte,m1_0.nom,m1_0.numero_licence,m1_0.parent_id,m1_0.prenom from membre m1_0 where m1_0.compte_utilisateur_id=?
Hibernate: select m1_0.id,m1_0.ceinture,m1_0.club_id,m1_0.compte_utilisateur_id,m1_0.date_naissance,m1_0.est_adulte,m1_0.nom,m1_0.numero_licence,m1_0.parent_id,m1_0.prenom from membre m1_0 where m1_0.compte_utilisateur_id=?
[2026-04-10T10:25:49.052213100+02:00][USR-SVC][getUtilisateurEntityById] id=5
[2026-04-10T10:25:49.052213100+02:00][USR-SVC][getUtilisateurEntityById] present? true
2026-04-10T10:25:49.054+02:00 DEBUG 31076 --- [io-8081-exec-10] o.s.w.s.m.m.a.HttpEntityMethodProcessor  : Using 'application/json', given [*/*] and supported [application/json, application/*+json]
2026-04-10T10:25:49.054+02:00 DEBUG 31076 --- [io-8081-exec-10] o.s.w.s.m.m.a.HttpEntityMethodProcessor  : Writing [{role=PARENT, utilisateur=club.taekwondo.dto.UtilisateurDTO@d106fb6, utilisateurId=5, membreId=null, (truncated)...]
2026-04-10T10:25:49.055+02:00 DEBUG 31076 --- [io-8081-exec-10] o.s.web.servlet.DispatcherServlet        : Completed 200 OK
2026-04-10T10:25:49.071+02:00 DEBUG 31076 --- [nio-8081-exec-1] o.s.security.web.FilterChainProxy        : Securing POST /api/utilisateurs/login
2026-04-10T10:25:49.071+02:00 DEBUG 31076 --- [nio-8081-exec-1] club.taekwondo.config.JwtAuthFilter      : [SEC] Endpoint public ignoré: /api/utilisateurs/login
2026-04-10T10:25:49.071+02:00 DEBUG 31076 --- [nio-8081-exec-1] o.s.s.w.a.AnonymousAuthenticationFilter  : Set SecurityContextHolder to anonymous SecurityContext
2026-04-10T10:25:49.072+02:00 DEBUG 31076 --- [nio-8081-exec-1] o.s.security.web.FilterChainProxy        : Secured POST /api/utilisateurs/login
2026-04-10T10:25:49.072+02:00 DEBUG 31076 --- [nio-8081-exec-1] club.taekwondo.config.JwtAuthFilter      : [SEC] Endpoint public ignoré: /api/utilisateurs/login
2026-04-10T10:25:49.072+02:00 DEBUG 31076 --- [nio-8081-exec-1] o.s.web.servlet.DispatcherServlet        : POST "/api/utilisateurs/login", parameters={}
2026-04-10T10:25:49.072+02:00 DEBUG 31076 --- [nio-8081-exec-1] s.w.s.m.m.a.RequestMappingHandlerMapping : Mapped to club.taekwondo.controller.jpa.UtilisateurController#login(LoginDTO)
2026-04-10T10:25:49.073+02:00 DEBUG 31076 --- [nio-8081-exec-1] m.m.a.RequestResponseBodyMethodProcessor : Read "application/json;charset=UTF-8" to [club.taekwondo.dto.LoginDTO@25ee2dd5]
[2026-04-10T10:25:49.073357500+02:00][USR][LOGIN] ? payload re�u
[2026-04-10T10:25:49.073357500+02:00][USR-SVC][login] email=alizee.gueye@gmail.com -> normalized=alizee.gueye@gmail.com, password=***(8 chars)
2026-04-10T10:25:49.074+02:00 DEBUG 31076 --- [nio-8081-exec-1] org.hibernate.SQL                        : select u1_0.id,u1_0.adresse,u1_0.club_id,u1_0.date_naissance,u1_0.email,u1_0.nom,u1_0.password,u1_0.password_temporaire,u1_0.password_updated_at,u1_0.prenom,u1_0.role,u1_0.telephone from utilisateur u1_0 where upper(u1_0.email)=upper(?)
Hibernate: select u1_0.id,u1_0.adresse,u1_0.club_id,u1_0.date_naissance,u1_0.email,u1_0.nom,u1_0.password,u1_0.password_temporaire,u1_0.password_updated_at,u1_0.prenom,u1_0.role,u1_0.telephone from utilisateur u1_0 where upper(u1_0.email)=upper(?)
2026-04-10T10:25:49.075+02:00 DEBUG 31076 --- [nio-8081-exec-1] org.hibernate.SQL                        : select c1_0.id,c1_0.adresse,c1_0.email,c1_0.logo,c1_0.name,c1_0.telephone from clubs c1_0 where c1_0.id=?
Hibernate: select c1_0.id,c1_0.adresse,c1_0.email,c1_0.logo,c1_0.name,c1_0.telephone from clubs c1_0 where c1_0.id=?
2026-04-10T10:25:49.076+02:00 DEBUG 31076 --- [nio-8081-exec-1] org.hibernate.SQL                        : select m1_0.id,m1_0.ceinture,m1_0.club_id,cu1_0.id,cu1_0.adresse,c2_0.id,c2_0.adresse,c2_0.email,c2_0.logo,c2_0.name,c2_0.telephone,cu1_0.date_naissance,cu1_0.email,cu1_0.nom,cu1_0.password,cu1_0.password_temporaire,cu1_0.password_updated_at,cu1_0.prenom,cu1_0.role,cu1_0.telephone,m1_0.date_naissance,m1_0.est_adulte,m1_0.nom,m1_0.numero_licence,m1_0.parent_id,m1_0.prenom from membre m1_0 left join utilisateur cu1_0 on cu1_0.id=m1_0.compte_utilisateur_id left join clubs c2_0 on c2_0.id=cu1_0.club_id where m1_0.compte_utilisateur_id=?
Hibernate: select m1_0.id,m1_0.ceinture,m1_0.club_id,cu1_0.id,cu1_0.adresse,c2_0.id,c2_0.adresse,c2_0.email,c2_0.logo,c2_0.name,c2_0.telephone,cu1_0.date_naissance,cu1_0.email,cu1_0.nom,cu1_0.password,cu1_0.password_temporaire,cu1_0.password_updated_at,cu1_0.prenom,cu1_0.role,cu1_0.telephone,m1_0.date_naissance,m1_0.est_adulte,m1_0.nom,m1_0.numero_licence,m1_0.parent_id,m1_0.prenom from membre m1_0 left join utilisateur cu1_0 on cu1_0.id=m1_0.compte_utilisateur_id left join clubs c2_0 on c2_0.id=cu1_0.club_id where m1_0.compte_utilisateur_id=?
[2026-04-10T10:25:49.150303500+02:00][USR-SVC][login] password matches? true for userId=9
[2026-04-10T10:25:49.150303500+02:00][USR-SVC][convertToDTO] in: Entity[id=9, nom=Gueye, prenom=Alizee, email=alizee.gueye@gmail.com, tel=0682192787, adr='29b rue du professeur roux, 42800 Rive De Gier, France', dateN=1991-07-03, role=MEMBRE]
[2026-04-10T10:25:49.151300900+02:00][USR-SVC][convertToDTO] out: DTO[id=9, nom=Gueye, prenom=Alizee, email=alizee.gueye@gmail.com, tel=0682192787, adr='29b rue du professeur roux, 42800 Rive De Gier, France', dateN=1991-07-03, role=MEMBRE, pwd=null]
[2026-04-10T10:25:49.151300900+02:00][USR-SVC][login] success? true
2026-04-10T10:25:49.153+02:00 DEBUG 31076 --- [nio-8081-exec-1] org.hibernate.SQL                        : select m1_0.id,m1_0.ceinture,m1_0.club_id,m1_0.compte_utilisateur_id,m1_0.date_naissance,m1_0.est_adulte,m1_0.nom,m1_0.numero_licence,m1_0.parent_id,m1_0.prenom from membre m1_0 where m1_0.compte_utilisateur_id=?
Hibernate: select m1_0.id,m1_0.ceinture,m1_0.club_id,m1_0.compte_utilisateur_id,m1_0.date_naissance,m1_0.est_adulte,m1_0.nom,m1_0.numero_licence,m1_0.parent_id,m1_0.prenom from membre m1_0 where m1_0.compte_utilisateur_id=?
[2026-04-10T10:25:49.154804400+02:00][USR-SVC][getUtilisateurEntityById] id=9
[2026-04-10T10:25:49.154804400+02:00][USR-SVC][getUtilisateurEntityById] present? true
2026-04-10T10:25:49.156+02:00 DEBUG 31076 --- [nio-8081-exec-1] o.s.w.s.m.m.a.HttpEntityMethodProcessor  : Using 'application/json', given [*/*] and supported [application/json, application/*+json]
2026-04-10T10:25:49.156+02:00 DEBUG 31076 --- [nio-8081-exec-1] o.s.w.s.m.m.a.HttpEntityMethodProcessor  : Writing [{role=MEMBRE, utilisateur=club.taekwondo.dto.UtilisateurDTO@7854b180, utilisateurId=9, membreId=5, e (truncated)...]
2026-04-10T10:25:49.157+02:00 DEBUG 31076 --- [nio-8081-exec-1] o.s.web.servlet.DispatcherServlet        : Completed 200 OK
2026-04-10T10:25:49.177+02:00 DEBUG 31076 --- [nio-8081-exec-2] o.s.security.web.FilterChainProxy        : Securing POST /api/utilisateurs/login
2026-04-10T10:25:49.178+02:00 DEBUG 31076 --- [nio-8081-exec-2] club.taekwondo.config.JwtAuthFilter      : [SEC] Endpoint public ignoré: /api/utilisateurs/login
2026-04-10T10:25:49.179+02:00 DEBUG 31076 --- [nio-8081-exec-2] o.s.s.w.a.AnonymousAuthenticationFilter  : Set SecurityContextHolder to anonymous SecurityContext
2026-04-10T10:25:49.179+02:00 DEBUG 31076 --- [nio-8081-exec-2] o.s.security.web.FilterChainProxy        : Secured POST /api/utilisateurs/login
2026-04-10T10:25:49.179+02:00 DEBUG 31076 --- [nio-8081-exec-2] club.taekwondo.config.JwtAuthFilter      : [SEC] Endpoint public ignoré: /api/utilisateurs/login
2026-04-10T10:25:49.179+02:00 DEBUG 31076 --- [nio-8081-exec-2] o.s.web.servlet.DispatcherServlet        : POST "/api/utilisateurs/login", parameters={}
2026-04-10T10:25:49.180+02:00 DEBUG 31076 --- [nio-8081-exec-2] s.w.s.m.m.a.RequestMappingHandlerMapping : Mapped to club.taekwondo.controller.jpa.UtilisateurController#login(LoginDTO)
2026-04-10T10:25:49.180+02:00 DEBUG 31076 --- [nio-8081-exec-2] m.m.a.RequestResponseBodyMethodProcessor : Read "application/json;charset=UTF-8" to [club.taekwondo.dto.LoginDTO@f68d3d5]
[2026-04-10T10:25:49.181056100+02:00][USR][LOGIN] ? payload re�u
[2026-04-10T10:25:49.181056100+02:00][USR-SVC][login] email=superadmin@club.local -> normalized=superadmin@club.local, password=***(9 chars)
2026-04-10T10:25:49.182+02:00 DEBUG 31076 --- [nio-8081-exec-2] org.hibernate.SQL                        : select u1_0.id,u1_0.adresse,u1_0.club_id,u1_0.date_naissance,u1_0.email,u1_0.nom,u1_0.password,u1_0.password_temporaire,u1_0.password_updated_at,u1_0.prenom,u1_0.role,u1_0.telephone from utilisateur u1_0 where upper(u1_0.email)=upper(?)
Hibernate: select u1_0.id,u1_0.adresse,u1_0.club_id,u1_0.date_naissance,u1_0.email,u1_0.nom,u1_0.password,u1_0.password_temporaire,u1_0.password_updated_at,u1_0.prenom,u1_0.role,u1_0.telephone from utilisateur u1_0 where upper(u1_0.email)=upper(?)
2026-04-10T10:25:49.183+02:00 DEBUG 31076 --- [nio-8081-exec-2] org.hibernate.SQL                        : select m1_0.id,m1_0.ceinture,m1_0.club_id,cu1_0.id,cu1_0.adresse,c2_0.id,c2_0.adresse,c2_0.email,c2_0.logo,c2_0.name,c2_0.telephone,cu1_0.date_naissance,cu1_0.email,cu1_0.nom,cu1_0.password,cu1_0.password_temporaire,cu1_0.password_updated_at,cu1_0.prenom,cu1_0.role,cu1_0.telephone,m1_0.date_naissance,m1_0.est_adulte,m1_0.nom,m1_0.numero_licence,m1_0.parent_id,m1_0.prenom from membre m1_0 left join utilisateur cu1_0 on cu1_0.id=m1_0.compte_utilisateur_id left join clubs c2_0 on c2_0.id=cu1_0.club_id where m1_0.compte_utilisateur_id=?
Hibernate: select m1_0.id,m1_0.ceinture,m1_0.club_id,cu1_0.id,cu1_0.adresse,c2_0.id,c2_0.adresse,c2_0.email,c2_0.logo,c2_0.name,c2_0.telephone,cu1_0.date_naissance,cu1_0.email,cu1_0.nom,cu1_0.password,cu1_0.password_temporaire,cu1_0.password_updated_at,cu1_0.prenom,cu1_0.role,cu1_0.telephone,m1_0.date_naissance,m1_0.est_adulte,m1_0.nom,m1_0.numero_licence,m1_0.parent_id,m1_0.prenom from membre m1_0 left join utilisateur cu1_0 on cu1_0.id=m1_0.compte_utilisateur_id left join clubs c2_0 on c2_0.id=cu1_0.club_id where m1_0.compte_utilisateur_id=?
[2026-04-10T10:25:49.251656200+02:00][USR-SVC][login] password matches? false for userId=1
[2026-04-10T10:25:49.252655800+02:00][USR-SVC][login] success? false
2026-04-10T10:25:49.253+02:00 DEBUG 31076 --- [nio-8081-exec-2] o.s.w.s.m.m.a.HttpEntityMethodProcessor  : Using 'application/json', given [*/*] and supported [application/json, application/*+json]
2026-04-10T10:25:49.253+02:00 DEBUG 31076 --- [nio-8081-exec-2] o.s.w.s.m.m.a.HttpEntityMethodProcessor  : Writing [{message=Email ou mot de passe incorrect.}]
2026-04-10T10:25:49.254+02:00 DEBUG 31076 --- [nio-8081-exec-2] o.s.web.servlet.DispatcherServlet        : Completed 401 UNAUTHORIZED
2026-04-10T10:25:49.268+02:00 DEBUG 31076 --- [nio-8081-exec-5] o.s.security.web.FilterChainProxy        : Securing GET /api/utilisateurs/me
2026-04-10T10:25:49.268+02:00 DEBUG 31076 --- [nio-8081-exec-5] club.taekwondo.config.JwtAuthFilter      : [SEC] GET /api/utilisateurs/me
2026-04-10T10:25:49.269+02:00 DEBUG 31076 --- [nio-8081-exec-5] club.taekwondo.config.JwtAuthFilter      : [SEC] Header Authorization: null
2026-04-10T10:25:49.269+02:00 DEBUG 31076 --- [nio-8081-exec-5] club.taekwondo.config.JwtAuthFilter      : [SEC] Pas de Bearer → anonyme
2026-04-10T10:25:49.269+02:00 DEBUG 31076 --- [nio-8081-exec-5] o.s.s.w.a.AnonymousAuthenticationFilter  : Set SecurityContextHolder to anonymous SecurityContext
2026-04-10T10:25:49.269+02:00  WARN 31076 --- [nio-8081-exec-5] club.taekwondo.config.SecurityConfig     : [SEC] 401 GET /api/utilisateurs/me
2026-04-10T10:25:49.273+02:00 DEBUG 31076 --- [nio-8081-exec-6] o.s.security.web.FilterChainProxy        : Securing GET /api/utilisateurs
2026-04-10T10:25:49.274+02:00 DEBUG 31076 --- [nio-8081-exec-6] club.taekwondo.config.JwtAuthFilter      : [SEC] GET /api/utilisateurs
2026-04-10T10:25:49.274+02:00 DEBUG 31076 --- [nio-8081-exec-6] club.taekwondo.config.JwtAuthFilter      : [SEC] Header Authorization: Bearer eyJhbGciOiJIUzI1NiJ9.eyJzdWIiOiJvY2UuZ3VleWVAZ21haWwuY29tIiwicm9sZSI6IlBBUkVOVCIsInV0aWxpc2F0ZXVySWQiOjUsImlhdCI6MTc3NTgwOTU0OSwiZXhwIjoxNzc1ODk1OTQ5fQ.Eey3wE8onLjulviGiGrykZKvwcxSwlznORn-oYOEOio
2026-04-10T10:25:49.274+02:00 DEBUG 31076 --- [nio-8081-exec-6] club.taekwondo.config.JwtAuthFilter      : [SEC] Bearer présent (len=195)
2026-04-10T10:25:49.275+02:00 DEBUG 31076 --- [nio-8081-exec-6] club.taekwondo.config.JwtAuthFilter      : [SEC] email extrait du JWT = oce.gueye@gmail.com
2026-04-10T10:25:49.275+02:00 DEBUG 31076 --- [nio-8081-exec-6] club.taekwondo.config.JwtAuthFilter      : [SEC] rôle extrait du JWT = PARENT
[2026-04-10T10:25:49.277305600+02:00][USR-SVC][getUtilisateurEntityByEmail] in email=oce.gueye@gmail.com -> normalized=oce.gueye@gmail.com
2026-04-10T10:25:49.278+02:00 DEBUG 31076 --- [nio-8081-exec-6] org.hibernate.SQL                        : select u1_0.id,u1_0.adresse,u1_0.club_id,u1_0.date_naissance,u1_0.email,u1_0.nom,u1_0.password,u1_0.password_temporaire,u1_0.password_updated_at,u1_0.prenom,u1_0.role,u1_0.telephone from utilisateur u1_0 where upper(u1_0.email)=upper(?)
Hibernate: select u1_0.id,u1_0.adresse,u1_0.club_id,u1_0.date_naissance,u1_0.email,u1_0.nom,u1_0.password,u1_0.password_temporaire,u1_0.password_updated_at,u1_0.prenom,u1_0.role,u1_0.telephone from utilisateur u1_0 where upper(u1_0.email)=upper(?)
2026-04-10T10:25:49.280+02:00 DEBUG 31076 --- [nio-8081-exec-6] org.hibernate.SQL                        : select c1_0.id,c1_0.adresse,c1_0.email,c1_0.logo,c1_0.name,c1_0.telephone from clubs c1_0 where c1_0.id=?
Hibernate: select c1_0.id,c1_0.adresse,c1_0.email,c1_0.logo,c1_0.name,c1_0.telephone from clubs c1_0 where c1_0.id=?
2026-04-10T10:25:49.280+02:00 DEBUG 31076 --- [nio-8081-exec-6] org.hibernate.SQL                        : select m1_0.id,m1_0.ceinture,m1_0.club_id,cu1_0.id,cu1_0.adresse,c2_0.id,c2_0.adresse,c2_0.email,c2_0.logo,c2_0.name,c2_0.telephone,cu1_0.date_naissance,cu1_0.email,cu1_0.nom,cu1_0.password,cu1_0.password_temporaire,cu1_0.password_updated_at,cu1_0.prenom,cu1_0.role,cu1_0.telephone,m1_0.date_naissance,m1_0.est_adulte,m1_0.nom,m1_0.numero_licence,m1_0.parent_id,m1_0.prenom from membre m1_0 left join utilisateur cu1_0 on cu1_0.id=m1_0.compte_utilisateur_id left join clubs c2_0 on c2_0.id=cu1_0.club_id where m1_0.compte_utilisateur_id=?
Hibernate: select m1_0.id,m1_0.ceinture,m1_0.club_id,cu1_0.id,cu1_0.adresse,c2_0.id,c2_0.adresse,c2_0.email,c2_0.logo,c2_0.name,c2_0.telephone,cu1_0.date_naissance,cu1_0.email,cu1_0.nom,cu1_0.password,cu1_0.password_temporaire,cu1_0.password_updated_at,cu1_0.prenom,cu1_0.role,cu1_0.telephone,m1_0.date_naissance,m1_0.est_adulte,m1_0.nom,m1_0.numero_licence,m1_0.parent_id,m1_0.prenom from membre m1_0 left join utilisateur cu1_0 on cu1_0.id=m1_0.compte_utilisateur_id left join clubs c2_0 on c2_0.id=cu1_0.club_id where m1_0.compte_utilisateur_id=?
[2026-04-10T10:25:49.282871700+02:00][USR-SVC][getUtilisateurEntityByEmail] present? true
2026-04-10T10:25:49.282+02:00 DEBUG 31076 --- [nio-8081-exec-6] club.taekwondo.config.JwtAuthFilter      : [SEC] Utilisateur trouvé: Oce gueye
2026-04-10T10:25:49.282+02:00 DEBUG 31076 --- [nio-8081-exec-6] club.taekwondo.config.JwtAuthFilter      : [SEC] rôle BDD normalisé = PARENT
2026-04-10T10:25:49.282+02:00 DEBUG 31076 --- [nio-8081-exec-6] club.taekwondo.config.JwtAuthFilter      : [SEC] Auth OK: user=oce.gueye@gmail.com authorities=[ROLE_PARENT]
2026-04-10T10:25:49.282+02:00 DEBUG 31076 --- [nio-8081-exec-6] o.s.security.web.FilterChainProxy        : Secured GET /api/utilisateurs
2026-04-10T10:25:49.283+02:00 DEBUG 31076 --- [nio-8081-exec-6] o.s.web.servlet.DispatcherServlet        : GET "/api/utilisateurs", parameters={}
2026-04-10T10:25:49.283+02:00 DEBUG 31076 --- [nio-8081-exec-6] s.w.s.m.m.a.RequestMappingHandlerMapping : Mapped to club.taekwondo.controller.jpa.UtilisateurController#listUtilisateurs(String, Long, String)
2026-04-10T10:25:49.283+02:00 DEBUG 31076 --- [nio-8081-exec-6] horizationManagerBeforeMethodInterceptor : Authorizing method invocation ReflectiveMethodInvocation: public org.springframework.http.ResponseEntity club.taekwondo.controller.jpa.UtilisateurController.listUtilisateurs(java.lang.String,java.lang.Long,java.lang.String); target is of class [club.taekwondo.controller.jpa.UtilisateurController]
2026-04-10T10:25:49.283+02:00 DEBUG 31076 --- [nio-8081-exec-6] horizationManagerBeforeMethodInterceptor : Failed to authorize ReflectiveMethodInvocation: public org.springframework.http.ResponseEntity club.taekwondo.controller.jpa.UtilisateurController.listUtilisateurs(java.lang.String,java.lang.Long,java.lang.String); target is of class [club.taekwondo.controller.jpa.UtilisateurController] with authorization manager org.springframework.security.config.annotation.method.configuration.DeferringObservationAuthorizationManager@11718c7c and decision ExpressionAuthorizationDecision [granted=false, expressionAttribute=hasAnyRole('ADMIN', 'SUPER_ADMIN')]
2026-04-10T10:25:49.284+02:00 DEBUG 31076 --- [nio-8081-exec-6] .m.m.a.ExceptionHandlerExceptionResolver : Using @ExceptionHandler club.taekwondo.controller.GlobalExceptionHandler#handleAccessDenied(AccessDeniedException)
2026-04-10T10:25:49.284+02:00 DEBUG 31076 --- [nio-8081-exec-6] o.s.w.s.m.m.a.HttpEntityMethodProcessor  : Using 'application/json', given [*/*] and supported [application/json, application/*+json]
2026-04-10T10:25:49.284+02:00 DEBUG 31076 --- [nio-8081-exec-6] o.s.w.s.m.m.a.HttpEntityMethodProcessor  : Writing [{message=Access Denied}]
2026-04-10T10:25:49.285+02:00  WARN 31076 --- [nio-8081-exec-6] .m.m.a.ExceptionHandlerExceptionResolver : Resolved [org.springframework.security.access.AccessDeniedException: Access Denied]
2026-04-10T10:25:49.285+02:00 DEBUG 31076 --- [nio-8081-exec-6] o.s.web.servlet.DispatcherServlet        : Completed 403 FORBIDDEN
2026-04-10T10:25:49.287+02:00 DEBUG 31076 --- [nio-8081-exec-4] o.s.security.web.FilterChainProxy        : Securing GET /api/utilisateurs?role=ADMIN&clubId=1
2026-04-10T10:25:49.287+02:00 DEBUG 31076 --- [nio-8081-exec-4] club.taekwondo.config.JwtAuthFilter      : [SEC] GET /api/utilisateurs
2026-04-10T10:25:49.287+02:00 DEBUG 31076 --- [nio-8081-exec-4] club.taekwondo.config.JwtAuthFilter      : [SEC] Header Authorization: Bearer eyJhbGciOiJIUzI1NiJ9.eyJzdWIiOiJhZG1pbnZpbGxldXJiYW5uZUBnbWFpbC5jb20iLCJyb2xlIjoiQURNSU4iLCJ1dGlsaXNhdGV1cklkIjozLCJpYXQiOjE3NzU4MDk1NDgsImV4cCI6MTc3NTg5NTk0OH0.rYAgb0iZi-Vm0Cd2ipPW0qGqdQzu45CXAfZFXWNrbWs
2026-04-10T10:25:49.287+02:00 DEBUG 31076 --- [nio-8081-exec-4] club.taekwondo.config.JwtAuthFilter      : [SEC] Bearer présent (len=204)
2026-04-10T10:25:49.289+02:00 DEBUG 31076 --- [nio-8081-exec-4] club.taekwondo.config.JwtAuthFilter      : [SEC] email extrait du JWT = adminvilleurbanne@gmail.com
2026-04-10T10:25:49.289+02:00 DEBUG 31076 --- [nio-8081-exec-4] club.taekwondo.config.JwtAuthFilter      : [SEC] rôle extrait du JWT = ADMIN
[2026-04-10T10:25:49.291380+02:00][USR-SVC][getUtilisateurEntityByEmail] in email=adminvilleurbanne@gmail.com -> normalized=adminvilleurbanne@gmail.com
2026-04-10T10:25:49.292+02:00 DEBUG 31076 --- [nio-8081-exec-4] org.hibernate.SQL                        : select u1_0.id,u1_0.adresse,u1_0.club_id,u1_0.date_naissance,u1_0.email,u1_0.nom,u1_0.password,u1_0.password_temporaire,u1_0.password_updated_at,u1_0.prenom,u1_0.role,u1_0.telephone from utilisateur u1_0 where upper(u1_0.email)=upper(?)
Hibernate: select u1_0.id,u1_0.adresse,u1_0.club_id,u1_0.date_naissance,u1_0.email,u1_0.nom,u1_0.password,u1_0.password_temporaire,u1_0.password_updated_at,u1_0.prenom,u1_0.role,u1_0.telephone from utilisateur u1_0 where upper(u1_0.email)=upper(?)
2026-04-10T10:25:49.293+02:00 DEBUG 31076 --- [nio-8081-exec-4] org.hibernate.SQL                        : select c1_0.id,c1_0.adresse,c1_0.email,c1_0.logo,c1_0.name,c1_0.telephone from clubs c1_0 where c1_0.id=?
Hibernate: select c1_0.id,c1_0.adresse,c1_0.email,c1_0.logo,c1_0.name,c1_0.telephone from clubs c1_0 where c1_0.id=?
2026-04-10T10:25:49.294+02:00 DEBUG 31076 --- [nio-8081-exec-4] org.hibernate.SQL                        : select m1_0.id,m1_0.ceinture,m1_0.club_id,cu1_0.id,cu1_0.adresse,c2_0.id,c2_0.adresse,c2_0.email,c2_0.logo,c2_0.name,c2_0.telephone,cu1_0.date_naissance,cu1_0.email,cu1_0.nom,cu1_0.password,cu1_0.password_temporaire,cu1_0.password_updated_at,cu1_0.prenom,cu1_0.role,cu1_0.telephone,m1_0.date_naissance,m1_0.est_adulte,m1_0.nom,m1_0.numero_licence,m1_0.parent_id,m1_0.prenom from membre m1_0 left join utilisateur cu1_0 on cu1_0.id=m1_0.compte_utilisateur_id left join clubs c2_0 on c2_0.id=cu1_0.club_id where m1_0.compte_utilisateur_id=?
Hibernate: select m1_0.id,m1_0.ceinture,m1_0.club_id,cu1_0.id,cu1_0.adresse,c2_0.id,c2_0.adresse,c2_0.email,c2_0.logo,c2_0.name,c2_0.telephone,cu1_0.date_naissance,cu1_0.email,cu1_0.nom,cu1_0.password,cu1_0.password_temporaire,cu1_0.password_updated_at,cu1_0.prenom,cu1_0.role,cu1_0.telephone,m1_0.date_naissance,m1_0.est_adulte,m1_0.nom,m1_0.numero_licence,m1_0.parent_id,m1_0.prenom from membre m1_0 left join utilisateur cu1_0 on cu1_0.id=m1_0.compte_utilisateur_id left join clubs c2_0 on c2_0.id=cu1_0.club_id where m1_0.compte_utilisateur_id=?
[2026-04-10T10:25:49.295379700+02:00][USR-SVC][getUtilisateurEntityByEmail] present? true
2026-04-10T10:25:49.295+02:00 DEBUG 31076 --- [nio-8081-exec-4] club.taekwondo.config.JwtAuthFilter      : [SEC] Utilisateur trouvé: adminVilleurbanne adminVilleurbanne
2026-04-10T10:25:49.296+02:00 DEBUG 31076 --- [nio-8081-exec-4] club.taekwondo.config.JwtAuthFilter      : [SEC] rôle BDD normalisé = ADMIN
2026-04-10T10:25:49.296+02:00 DEBUG 31076 --- [nio-8081-exec-4] club.taekwondo.config.JwtAuthFilter      : [SEC] Auth OK: user=adminvilleurbanne@gmail.com authorities=[ROLE_ADMIN]
2026-04-10T10:25:49.296+02:00 DEBUG 31076 --- [nio-8081-exec-4] o.s.security.web.FilterChainProxy        : Secured GET /api/utilisateurs?role=ADMIN&clubId=1
2026-04-10T10:25:49.296+02:00 DEBUG 31076 --- [nio-8081-exec-4] o.s.web.servlet.DispatcherServlet        : GET "/api/utilisateurs?role=ADMIN&clubId=1", parameters={masked}
2026-04-10T10:25:49.297+02:00 DEBUG 31076 --- [nio-8081-exec-4] s.w.s.m.m.a.RequestMappingHandlerMapping : Mapped to club.taekwondo.controller.jpa.UtilisateurController#listUtilisateurs(String, Long, String)
2026-04-10T10:25:49.297+02:00 DEBUG 31076 --- [nio-8081-exec-4] horizationManagerBeforeMethodInterceptor : Authorizing method invocation ReflectiveMethodInvocation: public org.springframework.http.ResponseEntity club.taekwondo.controller.jpa.UtilisateurController.listUtilisateurs(java.lang.String,java.lang.Long,java.lang.String); target is of class [club.taekwondo.controller.jpa.UtilisateurController]
2026-04-10T10:25:49.297+02:00 DEBUG 31076 --- [nio-8081-exec-4] horizationManagerBeforeMethodInterceptor : Authorized method invocation ReflectiveMethodInvocation: public org.springframework.http.ResponseEntity club.taekwondo.controller.jpa.UtilisateurController.listUtilisateurs(java.lang.String,java.lang.Long,java.lang.String); target is of class [club.taekwondo.controller.jpa.UtilisateurController]
[2026-04-10T10:25:49.297379100+02:00][USR][LIST] params role=ADMIN, q=null
2026-04-10T10:25:49.298+02:00 DEBUG 31076 --- [nio-8081-exec-4] org.hibernate.SQL                        : select u1_0.id,u1_0.adresse,u1_0.club_id,u1_0.date_naissance,u1_0.email,u1_0.nom,u1_0.password,u1_0.password_temporaire,u1_0.password_updated_at,u1_0.prenom,u1_0.role,u1_0.telephone from utilisateur u1_0
Hibernate: select u1_0.id,u1_0.adresse,u1_0.club_id,u1_0.date_naissance,u1_0.email,u1_0.nom,u1_0.password,u1_0.password_temporaire,u1_0.password_updated_at,u1_0.prenom,u1_0.role,u1_0.telephone from utilisateur u1_0
2026-04-10T10:25:49.300+02:00 DEBUG 31076 --- [nio-8081-exec-4] org.hibernate.SQL                        : select m1_0.id,m1_0.ceinture,m1_0.club_id,cu1_0.id,cu1_0.adresse,c2_0.id,c2_0.adresse,c2_0.email,c2_0.logo,c2_0.name,c2_0.telephone,cu1_0.date_naissance,cu1_0.email,cu1_0.nom,cu1_0.password,cu1_0.password_temporaire,cu1_0.password_updated_at,cu1_0.prenom,cu1_0.role,cu1_0.telephone,m1_0.date_naissance,m1_0.est_adulte,m1_0.nom,m1_0.numero_licence,m1_0.parent_id,m1_0.prenom from membre m1_0 left join utilisateur cu1_0 on cu1_0.id=m1_0.compte_utilisateur_id left join clubs c2_0 on c2_0.id=cu1_0.club_id where m1_0.compte_utilisateur_id=?
Hibernate: select m1_0.id,m1_0.ceinture,m1_0.club_id,cu1_0.id,cu1_0.adresse,c2_0.id,c2_0.adresse,c2_0.email,c2_0.logo,c2_0.name,c2_0.telephone,cu1_0.date_naissance,cu1_0.email,cu1_0.nom,cu1_0.password,cu1_0.password_temporaire,cu1_0.password_updated_at,cu1_0.prenom,cu1_0.role,cu1_0.telephone,m1_0.date_naissance,m1_0.est_adulte,m1_0.nom,m1_0.numero_licence,m1_0.parent_id,m1_0.prenom from membre m1_0 left join utilisateur cu1_0 on cu1_0.id=m1_0.compte_utilisateur_id left join clubs c2_0 on c2_0.id=cu1_0.club_id where m1_0.compte_utilisateur_id=?
2026-04-10T10:25:49.301+02:00 DEBUG 31076 --- [nio-8081-exec-4] org.hibernate.SQL                        : select c1_0.id,c1_0.adresse,c1_0.email,c1_0.logo,c1_0.name,c1_0.telephone from clubs c1_0 where c1_0.id=?
Hibernate: select c1_0.id,c1_0.adresse,c1_0.email,c1_0.logo,c1_0.name,c1_0.telephone from clubs c1_0 where c1_0.id=?
2026-04-10T10:25:49.302+02:00 DEBUG 31076 --- [nio-8081-exec-4] org.hibernate.SQL                        : select m1_0.id,m1_0.ceinture,m1_0.club_id,cu1_0.id,cu1_0.adresse,c2_0.id,c2_0.adresse,c2_0.email,c2_0.logo,c2_0.name,c2_0.telephone,cu1_0.date_naissance,cu1_0.email,cu1_0.nom,cu1_0.password,cu1_0.password_temporaire,cu1_0.password_updated_at,cu1_0.prenom,cu1_0.role,cu1_0.telephone,m1_0.date_naissance,m1_0.est_adulte,m1_0.nom,m1_0.numero_licence,m1_0.parent_id,m1_0.prenom from membre m1_0 left join utilisateur cu1_0 on cu1_0.id=m1_0.compte_utilisateur_id left join clubs c2_0 on c2_0.id=cu1_0.club_id where m1_0.compte_utilisateur_id=?
Hibernate: select m1_0.id,m1_0.ceinture,m1_0.club_id,cu1_0.id,cu1_0.adresse,c2_0.id,c2_0.adresse,c2_0.email,c2_0.logo,c2_0.name,c2_0.telephone,cu1_0.date_naissance,cu1_0.email,cu1_0.nom,cu1_0.password,cu1_0.password_temporaire,cu1_0.password_updated_at,cu1_0.prenom,cu1_0.role,cu1_0.telephone,m1_0.date_naissance,m1_0.est_adulte,m1_0.nom,m1_0.numero_licence,m1_0.parent_id,m1_0.prenom from membre m1_0 left join utilisateur cu1_0 on cu1_0.id=m1_0.compte_utilisateur_id left join clubs c2_0 on c2_0.id=cu1_0.club_id where m1_0.compte_utilisateur_id=?
2026-04-10T10:25:49.303+02:00 DEBUG 31076 --- [nio-8081-exec-4] org.hibernate.SQL                        : select c1_0.id,c1_0.adresse,c1_0.email,c1_0.logo,c1_0.name,c1_0.telephone from clubs c1_0 where c1_0.id=?
Hibernate: select c1_0.id,c1_0.adresse,c1_0.email,c1_0.logo,c1_0.name,c1_0.telephone from clubs c1_0 where c1_0.id=?
2026-04-10T10:25:49.304+02:00 DEBUG 31076 --- [nio-8081-exec-4] org.hibernate.SQL                        : select m1_0.id,m1_0.ceinture,m1_0.club_id,cu1_0.id,cu1_0.adresse,c2_0.id,c2_0.adresse,c2_0.email,c2_0.logo,c2_0.name,c2_0.telephone,cu1_0.date_naissance,cu1_0.email,cu1_0.nom,cu1_0.password,cu1_0.password_temporaire,cu1_0.password_updated_at,cu1_0.prenom,cu1_0.role,cu1_0.telephone,m1_0.date_naissance,m1_0.est_adulte,m1_0.nom,m1_0.numero_licence,m1_0.parent_id,m1_0.prenom from membre m1_0 left join utilisateur cu1_0 on cu1_0.id=m1_0.compte_utilisateur_id left join clubs c2_0 on c2_0.id=cu1_0.club_id where m1_0.compte_utilisateur_id=?
Hibernate: select m1_0.id,m1_0.ceinture,m1_0.club_id,cu1_0.id,cu1_0.adresse,c2_0.id,c2_0.adresse,c2_0.email,c2_0.logo,c2_0.name,c2_0.telephone,cu1_0.date_naissance,cu1_0.email,cu1_0.nom,cu1_0.password,cu1_0.password_temporaire,cu1_0.password_updated_at,cu1_0.prenom,cu1_0.role,cu1_0.telephone,m1_0.date_naissance,m1_0.est_adulte,m1_0.nom,m1_0.numero_licence,m1_0.parent_id,m1_0.prenom from membre m1_0 left join utilisateur cu1_0 on cu1_0.id=m1_0.compte_utilisateur_id left join clubs c2_0 on c2_0.id=cu1_0.club_id where m1_0.compte_utilisateur_id=?
2026-04-10T10:25:49.305+02:00 DEBUG 31076 --- [nio-8081-exec-4] org.hibernate.SQL                        : select m1_0.id,m1_0.ceinture,m1_0.club_id,cu1_0.id,cu1_0.adresse,c2_0.id,c2_0.adresse,c2_0.email,c2_0.logo,c2_0.name,c2_0.telephone,cu1_0.date_naissance,cu1_0.email,cu1_0.nom,cu1_0.password,cu1_0.password_temporaire,cu1_0.password_updated_at,cu1_0.prenom,cu1_0.role,cu1_0.telephone,m1_0.date_naissance,m1_0.est_adulte,m1_0.nom,m1_0.numero_licence,m1_0.parent_id,m1_0.prenom from membre m1_0 left join utilisateur cu1_0 on cu1_0.id=m1_0.compte_utilisateur_id left join clubs c2_0 on c2_0.id=cu1_0.club_id where m1_0.compte_utilisateur_id=?
Hibernate: select m1_0.id,m1_0.ceinture,m1_0.club_id,cu1_0.id,cu1_0.adresse,c2_0.id,c2_0.adresse,c2_0.email,c2_0.logo,c2_0.name,c2_0.telephone,cu1_0.date_naissance,cu1_0.email,cu1_0.nom,cu1_0.password,cu1_0.password_temporaire,cu1_0.password_updated_at,cu1_0.prenom,cu1_0.role,cu1_0.telephone,m1_0.date_naissance,m1_0.est_adulte,m1_0.nom,m1_0.numero_licence,m1_0.parent_id,m1_0.prenom from membre m1_0 left join utilisateur cu1_0 on cu1_0.id=m1_0.compte_utilisateur_id left join clubs c2_0 on c2_0.id=cu1_0.club_id where m1_0.compte_utilisateur_id=?
2026-04-10T10:25:49.306+02:00 DEBUG 31076 --- [nio-8081-exec-4] org.hibernate.SQL                        : select m1_0.id,m1_0.ceinture,m1_0.club_id,cu1_0.id,cu1_0.adresse,c2_0.id,c2_0.adresse,c2_0.email,c2_0.logo,c2_0.name,c2_0.telephone,cu1_0.date_naissance,cu1_0.email,cu1_0.nom,cu1_0.password,cu1_0.password_temporaire,cu1_0.password_updated_at,cu1_0.prenom,cu1_0.role,cu1_0.telephone,m1_0.date_naissance,m1_0.est_adulte,m1_0.nom,m1_0.numero_licence,m1_0.parent_id,m1_0.prenom from membre m1_0 left join utilisateur cu1_0 on cu1_0.id=m1_0.compte_utilisateur_id left join clubs c2_0 on c2_0.id=cu1_0.club_id where m1_0.compte_utilisateur_id=?
Hibernate: select m1_0.id,m1_0.ceinture,m1_0.club_id,cu1_0.id,cu1_0.adresse,c2_0.id,c2_0.adresse,c2_0.email,c2_0.logo,c2_0.name,c2_0.telephone,cu1_0.date_naissance,cu1_0.email,cu1_0.nom,cu1_0.password,cu1_0.password_temporaire,cu1_0.password_updated_at,cu1_0.prenom,cu1_0.role,cu1_0.telephone,m1_0.date_naissance,m1_0.est_adulte,m1_0.nom,m1_0.numero_licence,m1_0.parent_id,m1_0.prenom from membre m1_0 left join utilisateur cu1_0 on cu1_0.id=m1_0.compte_utilisateur_id left join clubs c2_0 on c2_0.id=cu1_0.club_id where m1_0.compte_utilisateur_id=?
2026-04-10T10:25:49.307+02:00 DEBUG 31076 --- [nio-8081-exec-4] org.hibernate.SQL                        : select m1_0.id,m1_0.ceinture,m1_0.club_id,cu1_0.id,cu1_0.adresse,c2_0.id,c2_0.adresse,c2_0.email,c2_0.logo,c2_0.name,c2_0.telephone,cu1_0.date_naissance,cu1_0.email,cu1_0.nom,cu1_0.password,cu1_0.password_temporaire,cu1_0.password_updated_at,cu1_0.prenom,cu1_0.role,cu1_0.telephone,m1_0.date_naissance,m1_0.est_adulte,m1_0.nom,m1_0.numero_licence,m1_0.parent_id,m1_0.prenom from membre m1_0 left join utilisateur cu1_0 on cu1_0.id=m1_0.compte_utilisateur_id left join clubs c2_0 on c2_0.id=cu1_0.club_id where m1_0.compte_utilisateur_id=?
Hibernate: select m1_0.id,m1_0.ceinture,m1_0.club_id,cu1_0.id,cu1_0.adresse,c2_0.id,c2_0.adresse,c2_0.email,c2_0.logo,c2_0.name,c2_0.telephone,cu1_0.date_naissance,cu1_0.email,cu1_0.nom,cu1_0.password,cu1_0.password_temporaire,cu1_0.password_updated_at,cu1_0.prenom,cu1_0.role,cu1_0.telephone,m1_0.date_naissance,m1_0.est_adulte,m1_0.nom,m1_0.numero_licence,m1_0.parent_id,m1_0.prenom from membre m1_0 left join utilisateur cu1_0 on cu1_0.id=m1_0.compte_utilisateur_id left join clubs c2_0 on c2_0.id=cu1_0.club_id where m1_0.compte_utilisateur_id=?
2026-04-10T10:25:49.307+02:00 DEBUG 31076 --- [nio-8081-exec-4] org.hibernate.SQL                        : select m1_0.id,m1_0.ceinture,m1_0.club_id,cu1_0.id,cu1_0.adresse,c2_0.id,c2_0.adresse,c2_0.email,c2_0.logo,c2_0.name,c2_0.telephone,cu1_0.date_naissance,cu1_0.email,cu1_0.nom,cu1_0.password,cu1_0.password_temporaire,cu1_0.password_updated_at,cu1_0.prenom,cu1_0.role,cu1_0.telephone,m1_0.date_naissance,m1_0.est_adulte,m1_0.nom,m1_0.numero_licence,m1_0.parent_id,m1_0.prenom from membre m1_0 left join utilisateur cu1_0 on cu1_0.id=m1_0.compte_utilisateur_id left join clubs c2_0 on c2_0.id=cu1_0.club_id where m1_0.compte_utilisateur_id=?
Hibernate: select m1_0.id,m1_0.ceinture,m1_0.club_id,cu1_0.id,cu1_0.adresse,c2_0.id,c2_0.adresse,c2_0.email,c2_0.logo,c2_0.name,c2_0.telephone,cu1_0.date_naissance,cu1_0.email,cu1_0.nom,cu1_0.password,cu1_0.password_temporaire,cu1_0.password_updated_at,cu1_0.prenom,cu1_0.role,cu1_0.telephone,m1_0.date_naissance,m1_0.est_adulte,m1_0.nom,m1_0.numero_licence,m1_0.parent_id,m1_0.prenom from membre m1_0 left join utilisateur cu1_0 on cu1_0.id=m1_0.compte_utilisateur_id left join clubs c2_0 on c2_0.id=cu1_0.club_id where m1_0.compte_utilisateur_id=?
2026-04-10T10:25:49.308+02:00 DEBUG 31076 --- [nio-8081-exec-4] org.hibernate.SQL                        : select m1_0.id,m1_0.ceinture,m1_0.club_id,cu1_0.id,cu1_0.adresse,c2_0.id,c2_0.adresse,c2_0.email,c2_0.logo,c2_0.name,c2_0.telephone,cu1_0.date_naissance,cu1_0.email,cu1_0.nom,cu1_0.password,cu1_0.password_temporaire,cu1_0.password_updated_at,cu1_0.prenom,cu1_0.role,cu1_0.telephone,m1_0.date_naissance,m1_0.est_adulte,m1_0.nom,m1_0.numero_licence,m1_0.parent_id,m1_0.prenom from membre m1_0 left join utilisateur cu1_0 on cu1_0.id=m1_0.compte_utilisateur_id left join clubs c2_0 on c2_0.id=cu1_0.club_id where m1_0.compte_utilisateur_id=?
Hibernate: select m1_0.id,m1_0.ceinture,m1_0.club_id,cu1_0.id,cu1_0.adresse,c2_0.id,c2_0.adresse,c2_0.email,c2_0.logo,c2_0.name,c2_0.telephone,cu1_0.date_naissance,cu1_0.email,cu1_0.nom,cu1_0.password,cu1_0.password_temporaire,cu1_0.password_updated_at,cu1_0.prenom,cu1_0.role,cu1_0.telephone,m1_0.date_naissance,m1_0.est_adulte,m1_0.nom,m1_0.numero_licence,m1_0.parent_id,m1_0.prenom from membre m1_0 left join utilisateur cu1_0 on cu1_0.id=m1_0.compte_utilisateur_id left join clubs c2_0 on c2_0.id=cu1_0.club_id where m1_0.compte_utilisateur_id=?
[2026-04-10T10:25:49.310052600+02:00][USR-SVC][convertToDTO] in: Entity[id=2, nom=Admin, prenom=System, email=admin@club.local, tel=null, adr='null', dateN=null, role=ADMIN]
[2026-04-10T10:25:49.310052600+02:00][USR-SVC][convertToDTO] out: DTO[id=2, nom=Admin, prenom=System, email=admin@club.local, tel=null, adr='null', dateN=null, role=ADMIN, pwd=null]
[2026-04-10T10:25:49.310052600+02:00][USR-SVC][convertToDTO] in: Entity[id=4, nom=adminBourg, prenom=adminBourg, email=adminbourg@gmail.com, tel=null, adr='null', dateN=null, role=ADMIN]
[2026-04-10T10:25:49.310052600+02:00][USR-SVC][convertToDTO] out: DTO[id=4, nom=adminBourg, prenom=adminBourg, email=adminbourg@gmail.com, tel=null, adr='null', dateN=null, role=ADMIN, pwd=null]
[2026-04-10T10:25:49.310052600+02:00][USR-SVC][convertToDTO] in: Entity[id=6, nom=Nenet, prenom=Gina, email=gina.nenet@hotmail.fr, tel=067524643, adr='29b rue du professeur roux , 42800 Rive De Gier, France', dateN=1962-08-31, role=PARENT]
2026-04-10T10:25:49.311+02:00 DEBUG 31076 --- [nio-8081-exec-4] org.hibernate.SQL                        : select m1_0.id,m1_0.ceinture,m1_0.club_id,m1_0.compte_utilisateur_id,m1_0.date_naissance,m1_0.est_adulte,m1_0.nom,m1_0.numero_licence,m1_0.parent_id,m1_0.prenom from membre m1_0 where m1_0.parent_id=?
Hibernate: select m1_0.id,m1_0.ceinture,m1_0.club_id,m1_0.compte_utilisateur_id,m1_0.date_naissance,m1_0.est_adulte,m1_0.nom,m1_0.numero_licence,m1_0.parent_id,m1_0.prenom from membre m1_0 where m1_0.parent_id=?
[USR-SVC] Parent enrichi: L�o Nenet
[2026-04-10T10:25:49.312057400+02:00][USR-SVC][convertToDTO] out: DTO[id=6, nom=Nenet, prenom=Gina, email=gina.nenet@hotmail.fr, tel=067524643, adr='29b rue du professeur roux , 42800 Rive De Gier, France', dateN=1962-08-31, role=PARENT, pwd=null]
[2026-04-10T10:25:49.313058700+02:00][USR-SVC][convertToDTO] in: Entity[id=10, nom=Gueye, prenom=ali, email=agueye1403@gmail.com, tel=0682192786, adr='29b rur du professeur roux, 42800 Rive De Gier, France', dateN=1991-07-03, role=PARENT]
2026-04-10T10:25:49.313+02:00 DEBUG 31076 --- [nio-8081-exec-4] org.hibernate.SQL                        : select m1_0.id,m1_0.ceinture,m1_0.club_id,m1_0.compte_utilisateur_id,m1_0.date_naissance,m1_0.est_adulte,m1_0.nom,m1_0.numero_licence,m1_0.parent_id,m1_0.prenom from membre m1_0 where m1_0.parent_id=?
Hibernate: select m1_0.id,m1_0.ceinture,m1_0.club_id,m1_0.compte_utilisateur_id,m1_0.date_naissance,m1_0.est_adulte,m1_0.nom,m1_0.numero_licence,m1_0.parent_id,m1_0.prenom from membre m1_0 where m1_0.parent_id=?
[USR-SVC] Parent enrichi: Loic Gueye
[2026-04-10T10:25:49.314571400+02:00][USR-SVC][convertToDTO] out: DTO[id=10, nom=Gueye, prenom=ali, email=agueye1403@gmail.com, tel=0682192786, adr='29b rur du professeur roux, 42800 Rive De Gier, France', dateN=1991-07-03, role=PARENT, pwd=null]
[2026-04-10T10:25:49.314571400+02:00][USR-SVC][convertToDTO] in: Entity[id=1, nom=Super, prenom=Admin, email=superadmin@club.local, tel=null, adr='null', dateN=null, role=SUPER_ADMIN]
[2026-04-10T10:25:49.314571400+02:00][USR-SVC][convertToDTO] out: DTO[id=1, nom=Super, prenom=Admin, email=superadmin@club.local, tel=null, adr='null', dateN=null, role=SUPER_ADMIN, pwd=null]
[2026-04-10T10:25:49.315571100+02:00][USR-SVC][convertToDTO] in: Entity[id=3, nom=adminVilleurbanne, prenom=adminVilleurbanne, email=adminvilleurbanne@gmail.com, tel=null, adr='null', dateN=null, role=ADMIN]
[2026-04-10T10:25:49.315571100+02:00][USR-SVC][convertToDTO] out: DTO[id=3, nom=adminVilleurbanne, prenom=adminVilleurbanne, email=adminvilleurbanne@gmail.com, tel=null, adr='null', dateN=null, role=ADMIN, pwd=null]
[2026-04-10T10:25:49.315571100+02:00][USR-SVC][convertToDTO] in: Entity[id=5, nom=gueye, prenom=Oce, email=oce.gueye@gmail.com, tel=null, adr='null', dateN=null, role=PARENT]
2026-04-10T10:25:49.317+02:00 DEBUG 31076 --- [nio-8081-exec-4] org.hibernate.SQL                        : select m1_0.id,m1_0.ceinture,m1_0.club_id,m1_0.compte_utilisateur_id,m1_0.date_naissance,m1_0.est_adulte,m1_0.nom,m1_0.numero_licence,m1_0.parent_id,m1_0.prenom from membre m1_0 where m1_0.parent_id=?
Hibernate: select m1_0.id,m1_0.ceinture,m1_0.club_id,m1_0.compte_utilisateur_id,m1_0.date_naissance,m1_0.est_adulte,m1_0.nom,m1_0.numero_licence,m1_0.parent_id,m1_0.prenom from membre m1_0 where m1_0.parent_id=?
[2026-04-10T10:25:49.318571900+02:00][USR-SVC][convertToDTO] out: DTO[id=5, nom=gueye, prenom=Oce, email=oce.gueye@gmail.com, tel=null, adr='null', dateN=null, role=PARENT, pwd=null]
[2026-04-10T10:25:49.318571900+02:00][USR-SVC][convertToDTO] in: Entity[id=9, nom=Gueye, prenom=Alizee, email=alizee.gueye@gmail.com, tel=0682192787, adr='29b rue du professeur roux, 42800 Rive De Gier, France', dateN=1991-07-03, role=MEMBRE]
[2026-04-10T10:25:49.318571900+02:00][USR-SVC][convertToDTO] out: DTO[id=9, nom=Gueye, prenom=Alizee, email=alizee.gueye@gmail.com, tel=0682192787, adr='29b rue du professeur roux, 42800 Rive De Gier, France', dateN=1991-07-03, role=MEMBRE, pwd=null]
2026-04-10T10:25:49.318+02:00 DEBUG 31076 --- [nio-8081-exec-4] o.s.w.s.m.m.a.HttpEntityMethodProcessor  : Using 'application/json', given [*/*] and supported [application/json, application/*+json]
2026-04-10T10:25:49.319+02:00 DEBUG 31076 --- [nio-8081-exec-4] o.s.w.s.m.m.a.HttpEntityMethodProcessor  : Writing [[club.taekwondo.dto.UtilisateurDTO@5b70d8a2]]
2026-04-10T10:25:49.319+02:00 DEBUG 31076 --- [nio-8081-exec-4] o.s.web.servlet.DispatcherServlet        : Completed 200 OK
2026-04-10T10:25:49.334+02:00 DEBUG 31076 --- [nio-8081-exec-3] o.s.security.web.FilterChainProxy        : Securing GET /api/utilisateurs/me
2026-04-10T10:25:49.334+02:00 DEBUG 31076 --- [nio-8081-exec-3] club.taekwondo.config.JwtAuthFilter      : [SEC] GET /api/utilisateurs/me
2026-04-10T10:25:49.334+02:00 DEBUG 31076 --- [nio-8081-exec-3] club.taekwondo.config.JwtAuthFilter      : [SEC] Header Authorization: Bearer eyJhbGciOiJIUzI1NiJ9.eyJzdWIiOiJzdXBlcmFkbWluQGNsdWIubG9jYWwiLCJyb2xlIjoiU1VQRVJfQURNSU4iLCJ1dGlsaXNhdGV1cklkIjoxLCJpYXQiOjE3NzU4MDk1NDgsImV4cCI6MTc3NTg5NTk0OH0.-18Qs_lGTG5d7CxmcziOm0khCBTsBtyz-noYIZfoyQI
2026-04-10T10:25:49.334+02:00 DEBUG 31076 --- [nio-8081-exec-3] club.taekwondo.config.JwtAuthFilter      : [SEC] Bearer présent (len=204)
2026-04-10T10:25:49.337+02:00 DEBUG 31076 --- [nio-8081-exec-3] club.taekwondo.config.JwtAuthFilter      : [SEC] email extrait du JWT = superadmin@club.local
2026-04-10T10:25:49.337+02:00 DEBUG 31076 --- [nio-8081-exec-3] club.taekwondo.config.JwtAuthFilter      : [SEC] rôle extrait du JWT = SUPER_ADMIN
[2026-04-10T10:25:49.339223300+02:00][USR-SVC][getUtilisateurEntityByEmail] in email=superadmin@club.local -> normalized=superadmin@club.local
2026-04-10T10:25:49.340+02:00 DEBUG 31076 --- [nio-8081-exec-3] org.hibernate.SQL                        : select u1_0.id,u1_0.adresse,u1_0.club_id,u1_0.date_naissance,u1_0.email,u1_0.nom,u1_0.password,u1_0.password_temporaire,u1_0.password_updated_at,u1_0.prenom,u1_0.role,u1_0.telephone from utilisateur u1_0 where upper(u1_0.email)=upper(?)
Hibernate: select u1_0.id,u1_0.adresse,u1_0.club_id,u1_0.date_naissance,u1_0.email,u1_0.nom,u1_0.password,u1_0.password_temporaire,u1_0.password_updated_at,u1_0.prenom,u1_0.role,u1_0.telephone from utilisateur u1_0 where upper(u1_0.email)=upper(?)
2026-04-10T10:25:49.341+02:00 DEBUG 31076 --- [nio-8081-exec-3] org.hibernate.SQL                        : select m1_0.id,m1_0.ceinture,m1_0.club_id,cu1_0.id,cu1_0.adresse,c2_0.id,c2_0.adresse,c2_0.email,c2_0.logo,c2_0.name,c2_0.telephone,cu1_0.date_naissance,cu1_0.email,cu1_0.nom,cu1_0.password,cu1_0.password_temporaire,cu1_0.password_updated_at,cu1_0.prenom,cu1_0.role,cu1_0.telephone,m1_0.date_naissance,m1_0.est_adulte,m1_0.nom,m1_0.numero_licence,m1_0.parent_id,m1_0.prenom from membre m1_0 left join utilisateur cu1_0 on cu1_0.id=m1_0.compte_utilisateur_id left join clubs c2_0 on c2_0.id=cu1_0.club_id where m1_0.compte_utilisateur_id=?
Hibernate: select m1_0.id,m1_0.ceinture,m1_0.club_id,cu1_0.id,cu1_0.adresse,c2_0.id,c2_0.adresse,c2_0.email,c2_0.logo,c2_0.name,c2_0.telephone,cu1_0.date_naissance,cu1_0.email,cu1_0.nom,cu1_0.password,cu1_0.password_temporaire,cu1_0.password_updated_at,cu1_0.prenom,cu1_0.role,cu1_0.telephone,m1_0.date_naissance,m1_0.est_adulte,m1_0.nom,m1_0.numero_licence,m1_0.parent_id,m1_0.prenom from membre m1_0 left join utilisateur cu1_0 on cu1_0.id=m1_0.compte_utilisateur_id left join clubs c2_0 on c2_0.id=cu1_0.club_id where m1_0.compte_utilisateur_id=?
[2026-04-10T10:25:49.342247700+02:00][USR-SVC][getUtilisateurEntityByEmail] present? true
2026-04-10T10:25:49.342+02:00 DEBUG 31076 --- [nio-8081-exec-3] club.taekwondo.config.JwtAuthFilter      : [SEC] Utilisateur trouvé: Admin Super
2026-04-10T10:25:49.342+02:00 DEBUG 31076 --- [nio-8081-exec-3] club.taekwondo.config.JwtAuthFilter      : [SEC] rôle BDD normalisé = SUPER_ADMIN
2026-04-10T10:25:49.343+02:00 DEBUG 31076 --- [nio-8081-exec-3] club.taekwondo.config.JwtAuthFilter      : [SEC] Auth OK: user=superadmin@club.local authorities=[ROLE_SUPER_ADMIN]
2026-04-10T10:25:49.343+02:00 DEBUG 31076 --- [nio-8081-exec-3] o.s.security.web.FilterChainProxy        : Secured GET /api/utilisateurs/me
2026-04-10T10:25:49.343+02:00 DEBUG 31076 --- [nio-8081-exec-3] o.s.web.servlet.DispatcherServlet        : GET "/api/utilisateurs/me", parameters={}
2026-04-10T10:25:49.343+02:00 DEBUG 31076 --- [nio-8081-exec-3] s.w.s.m.m.a.RequestMappingHandlerMapping : Mapped to club.taekwondo.controller.jpa.UtilisateurController#getCurrentUser(String)
[2026-04-10T10:25:49.344751900+02:00][USR-SVC][getUtilisateurEntityByEmail] in email=superadmin@club.local -> normalized=superadmin@club.local
2026-04-10T10:25:49.345+02:00 DEBUG 31076 --- [nio-8081-exec-3] org.hibernate.SQL                        : select u1_0.id,u1_0.adresse,u1_0.club_id,u1_0.date_naissance,u1_0.email,u1_0.nom,u1_0.password,u1_0.password_temporaire,u1_0.password_updated_at,u1_0.prenom,u1_0.role,u1_0.telephone from utilisateur u1_0 where upper(u1_0.email)=upper(?)
Hibernate: select u1_0.id,u1_0.adresse,u1_0.club_id,u1_0.date_naissance,u1_0.email,u1_0.nom,u1_0.password,u1_0.password_temporaire,u1_0.password_updated_at,u1_0.prenom,u1_0.role,u1_0.telephone from utilisateur u1_0 where upper(u1_0.email)=upper(?)
2026-04-10T10:25:49.346+02:00 DEBUG 31076 --- [nio-8081-exec-3] org.hibernate.SQL                        : select m1_0.id,m1_0.ceinture,m1_0.club_id,cu1_0.id,cu1_0.adresse,c2_0.id,c2_0.adresse,c2_0.email,c2_0.logo,c2_0.name,c2_0.telephone,cu1_0.date_naissance,cu1_0.email,cu1_0.nom,cu1_0.password,cu1_0.password_temporaire,cu1_0.password_updated_at,cu1_0.prenom,cu1_0.role,cu1_0.telephone,m1_0.date_naissance,m1_0.est_adulte,m1_0.nom,m1_0.numero_licence,m1_0.parent_id,m1_0.prenom from membre m1_0 left join utilisateur cu1_0 on cu1_0.id=m1_0.compte_utilisateur_id left join clubs c2_0 on c2_0.id=cu1_0.club_id where m1_0.compte_utilisateur_id=?
Hibernate: select m1_0.id,m1_0.ceinture,m1_0.club_id,cu1_0.id,cu1_0.adresse,c2_0.id,c2_0.adresse,c2_0.email,c2_0.logo,c2_0.name,c2_0.telephone,cu1_0.date_naissance,cu1_0.email,cu1_0.nom,cu1_0.password,cu1_0.password_temporaire,cu1_0.password_updated_at,cu1_0.prenom,cu1_0.role,cu1_0.telephone,m1_0.date_naissance,m1_0.est_adulte,m1_0.nom,m1_0.numero_licence,m1_0.parent_id,m1_0.prenom from membre m1_0 left join utilisateur cu1_0 on cu1_0.id=m1_0.compte_utilisateur_id left join clubs c2_0 on c2_0.id=cu1_0.club_id where m1_0.compte_utilisateur_id=?
[2026-04-10T10:25:49.347757+02:00][USR-SVC][getUtilisateurEntityByEmail] present? true
[2026-04-10T10:25:49.347757+02:00][USR-SVC][convertToDTO] in: Entity[id=1, nom=Super, prenom=Admin, email=superadmin@club.local, tel=null, adr='null', dateN=null, role=SUPER_ADMIN]
[2026-04-10T10:25:49.347757+02:00][USR-SVC][convertToDTO] out: DTO[id=1, nom=Super, prenom=Admin, email=superadmin@club.local, tel=null, adr='null', dateN=null, role=SUPER_ADMIN, pwd=null]
2026-04-10T10:25:49.348+02:00 DEBUG 31076 --- [nio-8081-exec-3] o.s.w.s.m.m.a.HttpEntityMethodProcessor  : Using 'application/json', given [*/*] and supported [application/json, application/*+json]
2026-04-10T10:25:49.348+02:00 DEBUG 31076 --- [nio-8081-exec-3] o.s.w.s.m.m.a.HttpEntityMethodProcessor  : Writing [club.taekwondo.dto.UtilisateurDTO@485a7912]
2026-04-10T10:25:49.349+02:00 DEBUG 31076 --- [nio-8081-exec-3] o.s.web.servlet.DispatcherServlet        : Completed 200 OK
2026-04-10T10:25:49.364+02:00 DEBUG 31076 --- [nio-8081-exec-7] o.s.security.web.FilterChainProxy        : Securing GET /api/utilisateurs/me
2026-04-10T10:25:49.366+02:00 DEBUG 31076 --- [nio-8081-exec-7] club.taekwondo.config.JwtAuthFilter      : [SEC] GET /api/utilisateurs/me
2026-04-10T10:25:49.366+02:00 DEBUG 31076 --- [nio-8081-exec-7] club.taekwondo.config.JwtAuthFilter      : [SEC] Header Authorization: Bearer eyJhbGciOiJIUzI1NiJ9.eyJzdWIiOiJhZG1pbnZpbGxldXJiYW5uZUBnbWFpbC5jb20iLCJyb2xlIjoiQURNSU4iLCJ1dGlsaXNhdGV1cklkIjozLCJpYXQiOjE3NzU4MDk1NDgsImV4cCI6MTc3NTg5NTk0OH0.rYAgb0iZi-Vm0Cd2ipPW0qGqdQzu45CXAfZFXWNrbWs
2026-04-10T10:25:49.366+02:00 DEBUG 31076 --- [nio-8081-exec-7] club.taekwondo.config.JwtAuthFilter      : [SEC] Bearer présent (len=204)
2026-04-10T10:25:49.367+02:00 DEBUG 31076 --- [nio-8081-exec-7] club.taekwondo.config.JwtAuthFilter      : [SEC] email extrait du JWT = adminvilleurbanne@gmail.com
2026-04-10T10:25:49.368+02:00 DEBUG 31076 --- [nio-8081-exec-7] club.taekwondo.config.JwtAuthFilter      : [SEC] rôle extrait du JWT = ADMIN
[2026-04-10T10:25:49.369667700+02:00][USR-SVC][getUtilisateurEntityByEmail] in email=adminvilleurbanne@gmail.com -> normalized=adminvilleurbanne@gmail.com
2026-04-10T10:25:49.370+02:00 DEBUG 31076 --- [nio-8081-exec-7] org.hibernate.SQL                        : select u1_0.id,u1_0.adresse,u1_0.club_id,u1_0.date_naissance,u1_0.email,u1_0.nom,u1_0.password,u1_0.password_temporaire,u1_0.password_updated_at,u1_0.prenom,u1_0.role,u1_0.telephone from utilisateur u1_0 where upper(u1_0.email)=upper(?)
Hibernate: select u1_0.id,u1_0.adresse,u1_0.club_id,u1_0.date_naissance,u1_0.email,u1_0.nom,u1_0.password,u1_0.password_temporaire,u1_0.password_updated_at,u1_0.prenom,u1_0.role,u1_0.telephone from utilisateur u1_0 where upper(u1_0.email)=upper(?)
2026-04-10T10:25:49.372+02:00 DEBUG 31076 --- [nio-8081-exec-7] org.hibernate.SQL                        : select c1_0.id,c1_0.adresse,c1_0.email,c1_0.logo,c1_0.name,c1_0.telephone from clubs c1_0 where c1_0.id=?
Hibernate: select c1_0.id,c1_0.adresse,c1_0.email,c1_0.logo,c1_0.name,c1_0.telephone from clubs c1_0 where c1_0.id=?
2026-04-10T10:25:49.372+02:00 DEBUG 31076 --- [nio-8081-exec-7] org.hibernate.SQL                        : select m1_0.id,m1_0.ceinture,m1_0.club_id,cu1_0.id,cu1_0.adresse,c2_0.id,c2_0.adresse,c2_0.email,c2_0.logo,c2_0.name,c2_0.telephone,cu1_0.date_naissance,cu1_0.email,cu1_0.nom,cu1_0.password,cu1_0.password_temporaire,cu1_0.password_updated_at,cu1_0.prenom,cu1_0.role,cu1_0.telephone,m1_0.date_naissance,m1_0.est_adulte,m1_0.nom,m1_0.numero_licence,m1_0.parent_id,m1_0.prenom from membre m1_0 left join utilisateur cu1_0 on cu1_0.id=m1_0.compte_utilisateur_id left join clubs c2_0 on c2_0.id=cu1_0.club_id where m1_0.compte_utilisateur_id=?
Hibernate: select m1_0.id,m1_0.ceinture,m1_0.club_id,cu1_0.id,cu1_0.adresse,c2_0.id,c2_0.adresse,c2_0.email,c2_0.logo,c2_0.name,c2_0.telephone,cu1_0.date_naissance,cu1_0.email,cu1_0.nom,cu1_0.password,cu1_0.password_temporaire,cu1_0.password_updated_at,cu1_0.prenom,cu1_0.role,cu1_0.telephone,m1_0.date_naissance,m1_0.est_adulte,m1_0.nom,m1_0.numero_licence,m1_0.parent_id,m1_0.prenom from membre m1_0 left join utilisateur cu1_0 on cu1_0.id=m1_0.compte_utilisateur_id left join clubs c2_0 on c2_0.id=cu1_0.club_id where m1_0.compte_utilisateur_id=?
[2026-04-10T10:25:49.373178300+02:00][USR-SVC][getUtilisateurEntityByEmail] present? true
2026-04-10T10:25:49.373+02:00 DEBUG 31076 --- [nio-8081-exec-7] club.taekwondo.config.JwtAuthFilter      : [SEC] Utilisateur trouvé: adminVilleurbanne adminVilleurbanne
2026-04-10T10:25:49.374+02:00 DEBUG 31076 --- [nio-8081-exec-7] club.taekwondo.config.JwtAuthFilter      : [SEC] rôle BDD normalisé = ADMIN
2026-04-10T10:25:49.374+02:00 DEBUG 31076 --- [nio-8081-exec-7] club.taekwondo.config.JwtAuthFilter      : [SEC] Auth OK: user=adminvilleurbanne@gmail.com authorities=[ROLE_ADMIN]
2026-04-10T10:25:49.374+02:00 DEBUG 31076 --- [nio-8081-exec-7] o.s.security.web.FilterChainProxy        : Secured GET /api/utilisateurs/me
2026-04-10T10:25:49.374+02:00 DEBUG 31076 --- [nio-8081-exec-7] o.s.web.servlet.DispatcherServlet        : GET "/api/utilisateurs/me", parameters={}
2026-04-10T10:25:49.375+02:00 DEBUG 31076 --- [nio-8081-exec-7] s.w.s.m.m.a.RequestMappingHandlerMapping : Mapped to club.taekwondo.controller.jpa.UtilisateurController#getCurrentUser(String)
[2026-04-10T10:25:49.376284500+02:00][USR-SVC][getUtilisateurEntityByEmail] in email=adminvilleurbanne@gmail.com -> normalized=adminvilleurbanne@gmail.com
2026-04-10T10:25:49.377+02:00 DEBUG 31076 --- [nio-8081-exec-7] org.hibernate.SQL                        : select u1_0.id,u1_0.adresse,u1_0.club_id,u1_0.date_naissance,u1_0.email,u1_0.nom,u1_0.password,u1_0.password_temporaire,u1_0.password_updated_at,u1_0.prenom,u1_0.role,u1_0.telephone from utilisateur u1_0 where upper(u1_0.email)=upper(?)
Hibernate: select u1_0.id,u1_0.adresse,u1_0.club_id,u1_0.date_naissance,u1_0.email,u1_0.nom,u1_0.password,u1_0.password_temporaire,u1_0.password_updated_at,u1_0.prenom,u1_0.role,u1_0.telephone from utilisateur u1_0 where upper(u1_0.email)=upper(?)
2026-04-10T10:25:49.378+02:00 DEBUG 31076 --- [nio-8081-exec-7] org.hibernate.SQL                        : select c1_0.id,c1_0.adresse,c1_0.email,c1_0.logo,c1_0.name,c1_0.telephone from clubs c1_0 where c1_0.id=?
Hibernate: select c1_0.id,c1_0.adresse,c1_0.email,c1_0.logo,c1_0.name,c1_0.telephone from clubs c1_0 where c1_0.id=?
2026-04-10T10:25:49.378+02:00 DEBUG 31076 --- [nio-8081-exec-7] org.hibernate.SQL                        : select m1_0.id,m1_0.ceinture,m1_0.club_id,cu1_0.id,cu1_0.adresse,c2_0.id,c2_0.adresse,c2_0.email,c2_0.logo,c2_0.name,c2_0.telephone,cu1_0.date_naissance,cu1_0.email,cu1_0.nom,cu1_0.password,cu1_0.password_temporaire,cu1_0.password_updated_at,cu1_0.prenom,cu1_0.role,cu1_0.telephone,m1_0.date_naissance,m1_0.est_adulte,m1_0.nom,m1_0.numero_licence,m1_0.parent_id,m1_0.prenom from membre m1_0 left join utilisateur cu1_0 on cu1_0.id=m1_0.compte_utilisateur_id left join clubs c2_0 on c2_0.id=cu1_0.club_id where m1_0.compte_utilisateur_id=?
Hibernate: select m1_0.id,m1_0.ceinture,m1_0.club_id,cu1_0.id,cu1_0.adresse,c2_0.id,c2_0.adresse,c2_0.email,c2_0.logo,c2_0.name,c2_0.telephone,cu1_0.date_naissance,cu1_0.email,cu1_0.nom,cu1_0.password,cu1_0.password_temporaire,cu1_0.password_updated_at,cu1_0.prenom,cu1_0.role,cu1_0.telephone,m1_0.date_naissance,m1_0.est_adulte,m1_0.nom,m1_0.numero_licence,m1_0.parent_id,m1_0.prenom from membre m1_0 left join utilisateur cu1_0 on cu1_0.id=m1_0.compte_utilisateur_id left join clubs c2_0 on c2_0.id=cu1_0.club_id where m1_0.compte_utilisateur_id=?
[2026-04-10T10:25:49.379284500+02:00][USR-SVC][getUtilisateurEntityByEmail] present? true
[2026-04-10T10:25:49.379284500+02:00][USR-SVC][convertToDTO] in: Entity[id=3, nom=adminVilleurbanne, prenom=adminVilleurbanne, email=adminvilleurbanne@gmail.com, tel=null, adr='null', dateN=null, role=ADMIN]
[2026-04-10T10:25:49.380285800+02:00][USR-SVC][convertToDTO] out: DTO[id=3, nom=adminVilleurbanne, prenom=adminVilleurbanne, email=adminvilleurbanne@gmail.com, tel=null, adr='null', dateN=null, role=ADMIN, pwd=null]
2026-04-10T10:25:49.380+02:00 DEBUG 31076 --- [nio-8081-exec-7] o.s.w.s.m.m.a.HttpEntityMethodProcessor  : Using 'application/json', given [*/*] and supported [application/json, application/*+json]
2026-04-10T10:25:49.380+02:00 DEBUG 31076 --- [nio-8081-exec-7] o.s.w.s.m.m.a.HttpEntityMethodProcessor  : Writing [club.taekwondo.dto.UtilisateurDTO@638645e2]
2026-04-10T10:25:49.381+02:00 DEBUG 31076 --- [nio-8081-exec-7] o.s.web.servlet.DispatcherServlet        : Completed 200 OK
2026-04-10T10:25:49.397+02:00 DEBUG 31076 --- [nio-8081-exec-9] o.s.security.web.FilterChainProxy        : Securing GET /api/utilisateurs/me
2026-04-10T10:25:49.398+02:00 DEBUG 31076 --- [nio-8081-exec-9] club.taekwondo.config.JwtAuthFilter      : [SEC] GET /api/utilisateurs/me
2026-04-10T10:25:49.398+02:00 DEBUG 31076 --- [nio-8081-exec-9] club.taekwondo.config.JwtAuthFilter      : [SEC] Header Authorization: Bearer eyJhbGciOiJIUzI1NiJ9.eyJzdWIiOiJvY2UuZ3VleWVAZ21haWwuY29tIiwicm9sZSI6IlBBUkVOVCIsInV0aWxpc2F0ZXVySWQiOjUsImlhdCI6MTc3NTgwOTU0OSwiZXhwIjoxNzc1ODk1OTQ5fQ.Eey3wE8onLjulviGiGrykZKvwcxSwlznORn-oYOEOio
2026-04-10T10:25:49.398+02:00 DEBUG 31076 --- [nio-8081-exec-9] club.taekwondo.config.JwtAuthFilter      : [SEC] Bearer présent (len=195)
2026-04-10T10:25:49.402+02:00 DEBUG 31076 --- [nio-8081-exec-9] club.taekwondo.config.JwtAuthFilter      : [SEC] email extrait du JWT = oce.gueye@gmail.com
2026-04-10T10:25:49.402+02:00 DEBUG 31076 --- [nio-8081-exec-9] club.taekwondo.config.JwtAuthFilter      : [SEC] rôle extrait du JWT = PARENT
[2026-04-10T10:25:49.403048600+02:00][USR-SVC][getUtilisateurEntityByEmail] in email=oce.gueye@gmail.com -> normalized=oce.gueye@gmail.com
2026-04-10T10:25:49.405+02:00 DEBUG 31076 --- [nio-8081-exec-9] org.hibernate.SQL                        : select u1_0.id,u1_0.adresse,u1_0.club_id,u1_0.date_naissance,u1_0.email,u1_0.nom,u1_0.password,u1_0.password_temporaire,u1_0.password_updated_at,u1_0.prenom,u1_0.role,u1_0.telephone from utilisateur u1_0 where upper(u1_0.email)=upper(?)
Hibernate: select u1_0.id,u1_0.adresse,u1_0.club_id,u1_0.date_naissance,u1_0.email,u1_0.nom,u1_0.password,u1_0.password_temporaire,u1_0.password_updated_at,u1_0.prenom,u1_0.role,u1_0.telephone from utilisateur u1_0 where upper(u1_0.email)=upper(?)
2026-04-10T10:25:49.405+02:00 DEBUG 31076 --- [nio-8081-exec-9] org.hibernate.SQL                        : select c1_0.id,c1_0.adresse,c1_0.email,c1_0.logo,c1_0.name,c1_0.telephone from clubs c1_0 where c1_0.id=?
Hibernate: select c1_0.id,c1_0.adresse,c1_0.email,c1_0.logo,c1_0.name,c1_0.telephone from clubs c1_0 where c1_0.id=?
2026-04-10T10:25:49.406+02:00 DEBUG 31076 --- [nio-8081-exec-9] org.hibernate.SQL                        : select m1_0.id,m1_0.ceinture,m1_0.club_id,cu1_0.id,cu1_0.adresse,c2_0.id,c2_0.adresse,c2_0.email,c2_0.logo,c2_0.name,c2_0.telephone,cu1_0.date_naissance,cu1_0.email,cu1_0.nom,cu1_0.password,cu1_0.password_temporaire,cu1_0.password_updated_at,cu1_0.prenom,cu1_0.role,cu1_0.telephone,m1_0.date_naissance,m1_0.est_adulte,m1_0.nom,m1_0.numero_licence,m1_0.parent_id,m1_0.prenom from membre m1_0 left join utilisateur cu1_0 on cu1_0.id=m1_0.compte_utilisateur_id left join clubs c2_0 on c2_0.id=cu1_0.club_id where m1_0.compte_utilisateur_id=?
Hibernate: select m1_0.id,m1_0.ceinture,m1_0.club_id,cu1_0.id,cu1_0.adresse,c2_0.id,c2_0.adresse,c2_0.email,c2_0.logo,c2_0.name,c2_0.telephone,cu1_0.date_naissance,cu1_0.email,cu1_0.nom,cu1_0.password,cu1_0.password_temporaire,cu1_0.password_updated_at,cu1_0.prenom,cu1_0.role,cu1_0.telephone,m1_0.date_naissance,m1_0.est_adulte,m1_0.nom,m1_0.numero_licence,m1_0.parent_id,m1_0.prenom from membre m1_0 left join utilisateur cu1_0 on cu1_0.id=m1_0.compte_utilisateur_id left join clubs c2_0 on c2_0.id=cu1_0.club_id where m1_0.compte_utilisateur_id=?
[2026-04-10T10:25:49.407120+02:00][USR-SVC][getUtilisateurEntityByEmail] present? true
2026-04-10T10:25:49.407+02:00 DEBUG 31076 --- [nio-8081-exec-9] club.taekwondo.config.JwtAuthFilter      : [SEC] Utilisateur trouvé: Oce gueye
2026-04-10T10:25:49.408+02:00 DEBUG 31076 --- [nio-8081-exec-9] club.taekwondo.config.JwtAuthFilter      : [SEC] rôle BDD normalisé = PARENT
2026-04-10T10:25:49.408+02:00 DEBUG 31076 --- [nio-8081-exec-9] club.taekwondo.config.JwtAuthFilter      : [SEC] Auth OK: user=oce.gueye@gmail.com authorities=[ROLE_PARENT]
2026-04-10T10:25:49.408+02:00 DEBUG 31076 --- [nio-8081-exec-9] o.s.security.web.FilterChainProxy        : Secured GET /api/utilisateurs/me
2026-04-10T10:25:49.408+02:00 DEBUG 31076 --- [nio-8081-exec-9] o.s.web.servlet.DispatcherServlet        : GET "/api/utilisateurs/me", parameters={}
2026-04-10T10:25:49.409+02:00 DEBUG 31076 --- [nio-8081-exec-9] s.w.s.m.m.a.RequestMappingHandlerMapping : Mapped to club.taekwondo.controller.jpa.UtilisateurController#getCurrentUser(String)
[2026-04-10T10:25:49.410121300+02:00][USR-SVC][getUtilisateurEntityByEmail] in email=oce.gueye@gmail.com -> normalized=oce.gueye@gmail.com
2026-04-10T10:25:49.411+02:00 DEBUG 31076 --- [nio-8081-exec-9] org.hibernate.SQL                        : select u1_0.id,u1_0.adresse,u1_0.club_id,u1_0.date_naissance,u1_0.email,u1_0.nom,u1_0.password,u1_0.password_temporaire,u1_0.password_updated_at,u1_0.prenom,u1_0.role,u1_0.telephone from utilisateur u1_0 where upper(u1_0.email)=upper(?)
Hibernate: select u1_0.id,u1_0.adresse,u1_0.club_id,u1_0.date_naissance,u1_0.email,u1_0.nom,u1_0.password,u1_0.password_temporaire,u1_0.password_updated_at,u1_0.prenom,u1_0.role,u1_0.telephone from utilisateur u1_0 where upper(u1_0.email)=upper(?)
2026-04-10T10:25:49.412+02:00 DEBUG 31076 --- [nio-8081-exec-9] org.hibernate.SQL                        : select c1_0.id,c1_0.adresse,c1_0.email,c1_0.logo,c1_0.name,c1_0.telephone from clubs c1_0 where c1_0.id=?
Hibernate: select c1_0.id,c1_0.adresse,c1_0.email,c1_0.logo,c1_0.name,c1_0.telephone from clubs c1_0 where c1_0.id=?
2026-04-10T10:25:49.413+02:00 DEBUG 31076 --- [nio-8081-exec-9] org.hibernate.SQL                        : select m1_0.id,m1_0.ceinture,m1_0.club_id,cu1_0.id,cu1_0.adresse,c2_0.id,c2_0.adresse,c2_0.email,c2_0.logo,c2_0.name,c2_0.telephone,cu1_0.date_naissance,cu1_0.email,cu1_0.nom,cu1_0.password,cu1_0.password_temporaire,cu1_0.password_updated_at,cu1_0.prenom,cu1_0.role,cu1_0.telephone,m1_0.date_naissance,m1_0.est_adulte,m1_0.nom,m1_0.numero_licence,m1_0.parent_id,m1_0.prenom from membre m1_0 left join utilisateur cu1_0 on cu1_0.id=m1_0.compte_utilisateur_id left join clubs c2_0 on c2_0.id=cu1_0.club_id where m1_0.compte_utilisateur_id=?
Hibernate: select m1_0.id,m1_0.ceinture,m1_0.club_id,cu1_0.id,cu1_0.adresse,c2_0.id,c2_0.adresse,c2_0.email,c2_0.logo,c2_0.name,c2_0.telephone,cu1_0.date_naissance,cu1_0.email,cu1_0.nom,cu1_0.password,cu1_0.password_temporaire,cu1_0.password_updated_at,cu1_0.prenom,cu1_0.role,cu1_0.telephone,m1_0.date_naissance,m1_0.est_adulte,m1_0.nom,m1_0.numero_licence,m1_0.parent_id,m1_0.prenom from membre m1_0 left join utilisateur cu1_0 on cu1_0.id=m1_0.compte_utilisateur_id left join clubs c2_0 on c2_0.id=cu1_0.club_id where m1_0.compte_utilisateur_id=?
[2026-04-10T10:25:49.413732800+02:00][USR-SVC][getUtilisateurEntityByEmail] present? true
[2026-04-10T10:25:49.413732800+02:00][USR-SVC][convertToDTO] in: Entity[id=5, nom=gueye, prenom=Oce, email=oce.gueye@gmail.com, tel=null, adr='null', dateN=null, role=PARENT]
2026-04-10T10:25:49.415+02:00 DEBUG 31076 --- [nio-8081-exec-9] org.hibernate.SQL                        : select m1_0.id,m1_0.ceinture,m1_0.club_id,m1_0.compte_utilisateur_id,m1_0.date_naissance,m1_0.est_adulte,m1_0.nom,m1_0.numero_licence,m1_0.parent_id,m1_0.prenom from membre m1_0 where m1_0.parent_id=?
Hibernate: select m1_0.id,m1_0.ceinture,m1_0.club_id,m1_0.compte_utilisateur_id,m1_0.date_naissance,m1_0.est_adulte,m1_0.nom,m1_0.numero_licence,m1_0.parent_id,m1_0.prenom from membre m1_0 where m1_0.parent_id=?
[2026-04-10T10:25:49.415638100+02:00][USR-SVC][convertToDTO] out: DTO[id=5, nom=gueye, prenom=Oce, email=oce.gueye@gmail.com, tel=null, adr='null', dateN=null, role=PARENT, pwd=null]
2026-04-10T10:25:49.416+02:00 DEBUG 31076 --- [nio-8081-exec-9] o.s.w.s.m.m.a.HttpEntityMethodProcessor  : Using 'application/json', given [*/*] and supported [application/json, application/*+json]
2026-04-10T10:25:49.416+02:00 DEBUG 31076 --- [nio-8081-exec-9] o.s.w.s.m.m.a.HttpEntityMethodProcessor  : Writing [club.taekwondo.dto.UtilisateurDTO@293fec04]
2026-04-10T10:25:49.417+02:00 DEBUG 31076 --- [nio-8081-exec-9] o.s.web.servlet.DispatcherServlet        : Completed 200 OK
2026-04-10T10:25:49.446+02:00 DEBUG 31076 --- [nio-8081-exec-8] o.s.security.web.FilterChainProxy        : Securing GET /api/utilisateurs/me
2026-04-10T10:25:49.447+02:00 DEBUG 31076 --- [nio-8081-exec-8] club.taekwondo.config.JwtAuthFilter      : [SEC] GET /api/utilisateurs/me
2026-04-10T10:25:49.447+02:00 DEBUG 31076 --- [nio-8081-exec-8] club.taekwondo.config.JwtAuthFilter      : [SEC] Header Authorization: Bearer eyJhbGciOiJIUzI1NiJ9.eyJzdWIiOiJhbGl6ZWUuZ3VleWVAZ21haWwuY29tIiwicm9sZSI6Ik1FTUJSRSIsInV0aWxpc2F0ZXVySWQiOjksIm1lbWJyZUlkIjo1LCJpYXQiOjE3NzU4MDk1NDksImV4cCI6MTc3NTg5NTk0OX0.j3ySPEZC_Fm-xludSYR5FirEEjupCo6YcGR2wJVBQXw
2026-04-10T10:25:49.447+02:00 DEBUG 31076 --- [nio-8081-exec-8] club.taekwondo.config.JwtAuthFilter      : [SEC] Bearer présent (len=216)
2026-04-10T10:25:49.449+02:00 DEBUG 31076 --- [nio-8081-exec-8] club.taekwondo.config.JwtAuthFilter      : [SEC] email extrait du JWT = alizee.gueye@gmail.com
2026-04-10T10:25:49.450+02:00 DEBUG 31076 --- [nio-8081-exec-8] club.taekwondo.config.JwtAuthFilter      : [SEC] rôle extrait du JWT = MEMBRE
[2026-04-10T10:25:49.451706800+02:00][USR-SVC][getUtilisateurEntityByEmail] in email=alizee.gueye@gmail.com -> normalized=alizee.gueye@gmail.com
2026-04-10T10:25:49.453+02:00 DEBUG 31076 --- [nio-8081-exec-8] org.hibernate.SQL                        : select u1_0.id,u1_0.adresse,u1_0.club_id,u1_0.date_naissance,u1_0.email,u1_0.nom,u1_0.password,u1_0.password_temporaire,u1_0.password_updated_at,u1_0.prenom,u1_0.role,u1_0.telephone from utilisateur u1_0 where upper(u1_0.email)=upper(?)
Hibernate: select u1_0.id,u1_0.adresse,u1_0.club_id,u1_0.date_naissance,u1_0.email,u1_0.nom,u1_0.password,u1_0.password_temporaire,u1_0.password_updated_at,u1_0.prenom,u1_0.role,u1_0.telephone from utilisateur u1_0 where upper(u1_0.email)=upper(?)
2026-04-10T10:25:49.453+02:00 DEBUG 31076 --- [nio-8081-exec-8] org.hibernate.SQL                        : select c1_0.id,c1_0.adresse,c1_0.email,c1_0.logo,c1_0.name,c1_0.telephone from clubs c1_0 where c1_0.id=?
Hibernate: select c1_0.id,c1_0.adresse,c1_0.email,c1_0.logo,c1_0.name,c1_0.telephone from clubs c1_0 where c1_0.id=?
2026-04-10T10:25:49.454+02:00 DEBUG 31076 --- [nio-8081-exec-8] org.hibernate.SQL                        : select m1_0.id,m1_0.ceinture,m1_0.club_id,cu1_0.id,cu1_0.adresse,c2_0.id,c2_0.adresse,c2_0.email,c2_0.logo,c2_0.name,c2_0.telephone,cu1_0.date_naissance,cu1_0.email,cu1_0.nom,cu1_0.password,cu1_0.password_temporaire,cu1_0.password_updated_at,cu1_0.prenom,cu1_0.role,cu1_0.telephone,m1_0.date_naissance,m1_0.est_adulte,m1_0.nom,m1_0.numero_licence,m1_0.parent_id,m1_0.prenom from membre m1_0 left join utilisateur cu1_0 on cu1_0.id=m1_0.compte_utilisateur_id left join clubs c2_0 on c2_0.id=cu1_0.club_id where m1_0.compte_utilisateur_id=?
Hibernate: select m1_0.id,m1_0.ceinture,m1_0.club_id,cu1_0.id,cu1_0.adresse,c2_0.id,c2_0.adresse,c2_0.email,c2_0.logo,c2_0.name,c2_0.telephone,cu1_0.date_naissance,cu1_0.email,cu1_0.nom,cu1_0.password,cu1_0.password_temporaire,cu1_0.password_updated_at,cu1_0.prenom,cu1_0.role,cu1_0.telephone,m1_0.date_naissance,m1_0.est_adulte,m1_0.nom,m1_0.numero_licence,m1_0.parent_id,m1_0.prenom from membre m1_0 left join utilisateur cu1_0 on cu1_0.id=m1_0.compte_utilisateur_id left join clubs c2_0 on c2_0.id=cu1_0.club_id where m1_0.compte_utilisateur_id=?
[2026-04-10T10:25:49.455705200+02:00][USR-SVC][getUtilisateurEntityByEmail] present? true
2026-04-10T10:25:49.456+02:00 DEBUG 31076 --- [nio-8081-exec-8] club.taekwondo.config.JwtAuthFilter      : [SEC] Utilisateur trouvé: Alizee Gueye
2026-04-10T10:25:49.456+02:00 DEBUG 31076 --- [nio-8081-exec-8] club.taekwondo.config.JwtAuthFilter      : [SEC] rôle BDD normalisé = MEMBRE
2026-04-10T10:25:49.456+02:00 DEBUG 31076 --- [nio-8081-exec-8] club.taekwondo.config.JwtAuthFilter      : [SEC] Auth OK: user=alizee.gueye@gmail.com authorities=[ROLE_MEMBRE]
2026-04-10T10:25:49.456+02:00 DEBUG 31076 --- [nio-8081-exec-8] o.s.security.web.FilterChainProxy        : Secured GET /api/utilisateurs/me
2026-04-10T10:25:49.457+02:00 DEBUG 31076 --- [nio-8081-exec-8] o.s.web.servlet.DispatcherServlet        : GET "/api/utilisateurs/me", parameters={}
2026-04-10T10:25:49.457+02:00 DEBUG 31076 --- [nio-8081-exec-8] s.w.s.m.m.a.RequestMappingHandlerMapping : Mapped to club.taekwondo.controller.jpa.UtilisateurController#getCurrentUser(String)
[2026-04-10T10:25:49.459759400+02:00][USR-SVC][getUtilisateurEntityByEmail] in email=alizee.gueye@gmail.com -> normalized=alizee.gueye@gmail.com
2026-04-10T10:25:49.460+02:00 DEBUG 31076 --- [nio-8081-exec-8] org.hibernate.SQL                        : select u1_0.id,u1_0.adresse,u1_0.club_id,u1_0.date_naissance,u1_0.email,u1_0.nom,u1_0.password,u1_0.password_temporaire,u1_0.password_updated_at,u1_0.prenom,u1_0.role,u1_0.telephone from utilisateur u1_0 where upper(u1_0.email)=upper(?)
Hibernate: select u1_0.id,u1_0.adresse,u1_0.club_id,u1_0.date_naissance,u1_0.email,u1_0.nom,u1_0.password,u1_0.password_temporaire,u1_0.password_updated_at,u1_0.prenom,u1_0.role,u1_0.telephone from utilisateur u1_0 where upper(u1_0.email)=upper(?)
2026-04-10T10:25:49.460+02:00 DEBUG 31076 --- [nio-8081-exec-8] org.hibernate.SQL                        : select c1_0.id,c1_0.adresse,c1_0.email,c1_0.logo,c1_0.name,c1_0.telephone from clubs c1_0 where c1_0.id=?
Hibernate: select c1_0.id,c1_0.adresse,c1_0.email,c1_0.logo,c1_0.name,c1_0.telephone from clubs c1_0 where c1_0.id=?
2026-04-10T10:25:49.461+02:00 DEBUG 31076 --- [nio-8081-exec-8] org.hibernate.SQL                        : select m1_0.id,m1_0.ceinture,m1_0.club_id,cu1_0.id,cu1_0.adresse,c2_0.id,c2_0.adresse,c2_0.email,c2_0.logo,c2_0.name,c2_0.telephone,cu1_0.date_naissance,cu1_0.email,cu1_0.nom,cu1_0.password,cu1_0.password_temporaire,cu1_0.password_updated_at,cu1_0.prenom,cu1_0.role,cu1_0.telephone,m1_0.date_naissance,m1_0.est_adulte,m1_0.nom,m1_0.numero_licence,m1_0.parent_id,m1_0.prenom from membre m1_0 left join utilisateur cu1_0 on cu1_0.id=m1_0.compte_utilisateur_id left join clubs c2_0 on c2_0.id=cu1_0.club_id where m1_0.compte_utilisateur_id=?
Hibernate: select m1_0.id,m1_0.ceinture,m1_0.club_id,cu1_0.id,cu1_0.adresse,c2_0.id,c2_0.adresse,c2_0.email,c2_0.logo,c2_0.name,c2_0.telephone,cu1_0.date_naissance,cu1_0.email,cu1_0.nom,cu1_0.password,cu1_0.password_temporaire,cu1_0.password_updated_at,cu1_0.prenom,cu1_0.role,cu1_0.telephone,m1_0.date_naissance,m1_0.est_adulte,m1_0.nom,m1_0.numero_licence,m1_0.parent_id,m1_0.prenom from membre m1_0 left join utilisateur cu1_0 on cu1_0.id=m1_0.compte_utilisateur_id left join clubs c2_0 on c2_0.id=cu1_0.club_id where m1_0.compte_utilisateur_id=?
[2026-04-10T10:25:49.462759700+02:00][USR-SVC][getUtilisateurEntityByEmail] present? true
[2026-04-10T10:25:49.462759700+02:00][USR-SVC][convertToDTO] in: Entity[id=9, nom=Gueye, prenom=Alizee, email=alizee.gueye@gmail.com, tel=0682192787, adr='29b rue du professeur roux, 42800 Rive De Gier, France', dateN=1991-07-03, role=MEMBRE]
[2026-04-10T10:25:49.462759700+02:00][USR-SVC][convertToDTO] out: DTO[id=9, nom=Gueye, prenom=Alizee, email=alizee.gueye@gmail.com, tel=0682192787, adr='29b rue du professeur roux, 42800 Rive De Gier, France', dateN=1991-07-03, role=MEMBRE, pwd=null]
2026-04-10T10:25:49.463+02:00 DEBUG 31076 --- [nio-8081-exec-8] o.s.w.s.m.m.a.HttpEntityMethodProcessor  : Using 'application/json', given [*/*] and supported [application/json, application/*+json]
2026-04-10T10:25:49.463+02:00 DEBUG 31076 --- [nio-8081-exec-8] o.s.w.s.m.m.a.HttpEntityMethodProcessor  : Writing [club.taekwondo.dto.UtilisateurDTO@6b9f28ca]
2026-04-10T10:25:49.464+02:00 DEBUG 31076 --- [nio-8081-exec-8] o.s.web.servlet.DispatcherServlet        : Completed 200 OK
2026-04-10T10:25:49.479+02:00 DEBUG 31076 --- [io-8081-exec-10] o.s.security.web.FilterChainProxy        : Securing GET /api/membres/me
2026-04-10T10:25:49.480+02:00 DEBUG 31076 --- [io-8081-exec-10] club.taekwondo.config.JwtAuthFilter      : [SEC] GET /api/membres/me
2026-04-10T10:25:49.480+02:00 DEBUG 31076 --- [io-8081-exec-10] club.taekwondo.config.JwtAuthFilter      : [SEC] Header Authorization: Bearer eyJhbGciOiJIUzI1NiJ9.eyJzdWIiOiJhbGl6ZWUuZ3VleWVAZ21haWwuY29tIiwicm9sZSI6Ik1FTUJSRSIsInV0aWxpc2F0ZXVySWQiOjksIm1lbWJyZUlkIjo1LCJpYXQiOjE3NzU4MDk1NDksImV4cCI6MTc3NTg5NTk0OX0.j3ySPEZC_Fm-xludSYR5FirEEjupCo6YcGR2wJVBQXw
2026-04-10T10:25:49.480+02:00 DEBUG 31076 --- [io-8081-exec-10] club.taekwondo.config.JwtAuthFilter      : [SEC] Bearer présent (len=216)
2026-04-10T10:25:49.483+02:00 DEBUG 31076 --- [io-8081-exec-10] club.taekwondo.config.JwtAuthFilter      : [SEC] email extrait du JWT = alizee.gueye@gmail.com
2026-04-10T10:25:49.483+02:00 DEBUG 31076 --- [io-8081-exec-10] club.taekwondo.config.JwtAuthFilter      : [SEC] rôle extrait du JWT = MEMBRE
[2026-04-10T10:25:49.485383700+02:00][USR-SVC][getUtilisateurEntityByEmail] in email=alizee.gueye@gmail.com -> normalized=alizee.gueye@gmail.com
2026-04-10T10:25:49.486+02:00 DEBUG 31076 --- [io-8081-exec-10] org.hibernate.SQL                        : select u1_0.id,u1_0.adresse,u1_0.club_id,u1_0.date_naissance,u1_0.email,u1_0.nom,u1_0.password,u1_0.password_temporaire,u1_0.password_updated_at,u1_0.prenom,u1_0.role,u1_0.telephone from utilisateur u1_0 where upper(u1_0.email)=upper(?)
Hibernate: select u1_0.id,u1_0.adresse,u1_0.club_id,u1_0.date_naissance,u1_0.email,u1_0.nom,u1_0.password,u1_0.password_temporaire,u1_0.password_updated_at,u1_0.prenom,u1_0.role,u1_0.telephone from utilisateur u1_0 where upper(u1_0.email)=upper(?)
2026-04-10T10:25:49.487+02:00 DEBUG 31076 --- [io-8081-exec-10] org.hibernate.SQL                        : select c1_0.id,c1_0.adresse,c1_0.email,c1_0.logo,c1_0.name,c1_0.telephone from clubs c1_0 where c1_0.id=?
Hibernate: select c1_0.id,c1_0.adresse,c1_0.email,c1_0.logo,c1_0.name,c1_0.telephone from clubs c1_0 where c1_0.id=?
2026-04-10T10:25:49.487+02:00 DEBUG 31076 --- [io-8081-exec-10] org.hibernate.SQL                        : select m1_0.id,m1_0.ceinture,m1_0.club_id,cu1_0.id,cu1_0.adresse,c2_0.id,c2_0.adresse,c2_0.email,c2_0.logo,c2_0.name,c2_0.telephone,cu1_0.date_naissance,cu1_0.email,cu1_0.nom,cu1_0.password,cu1_0.password_temporaire,cu1_0.password_updated_at,cu1_0.prenom,cu1_0.role,cu1_0.telephone,m1_0.date_naissance,m1_0.est_adulte,m1_0.nom,m1_0.numero_licence,m1_0.parent_id,m1_0.prenom from membre m1_0 left join utilisateur cu1_0 on cu1_0.id=m1_0.compte_utilisateur_id left join clubs c2_0 on c2_0.id=cu1_0.club_id where m1_0.compte_utilisateur_id=?
Hibernate: select m1_0.id,m1_0.ceinture,m1_0.club_id,cu1_0.id,cu1_0.adresse,c2_0.id,c2_0.adresse,c2_0.email,c2_0.logo,c2_0.name,c2_0.telephone,cu1_0.date_naissance,cu1_0.email,cu1_0.nom,cu1_0.password,cu1_0.password_temporaire,cu1_0.password_updated_at,cu1_0.prenom,cu1_0.role,cu1_0.telephone,m1_0.date_naissance,m1_0.est_adulte,m1_0.nom,m1_0.numero_licence,m1_0.parent_id,m1_0.prenom from membre m1_0 left join utilisateur cu1_0 on cu1_0.id=m1_0.compte_utilisateur_id left join clubs c2_0 on c2_0.id=cu1_0.club_id where m1_0.compte_utilisateur_id=?
[2026-04-10T10:25:49.488894500+02:00][USR-SVC][getUtilisateurEntityByEmail] present? true
2026-04-10T10:25:49.489+02:00 DEBUG 31076 --- [io-8081-exec-10] club.taekwondo.config.JwtAuthFilter      : [SEC] Utilisateur trouvé: Alizee Gueye
2026-04-10T10:25:49.489+02:00 DEBUG 31076 --- [io-8081-exec-10] club.taekwondo.config.JwtAuthFilter      : [SEC] rôle BDD normalisé = MEMBRE
2026-04-10T10:25:49.489+02:00 DEBUG 31076 --- [io-8081-exec-10] club.taekwondo.config.JwtAuthFilter      : [SEC] Auth OK: user=alizee.gueye@gmail.com authorities=[ROLE_MEMBRE]
2026-04-10T10:25:49.489+02:00 DEBUG 31076 --- [io-8081-exec-10] o.s.security.web.FilterChainProxy        : Secured GET /api/membres/me
2026-04-10T10:25:49.489+02:00 DEBUG 31076 --- [io-8081-exec-10] o.s.web.servlet.DispatcherServlet        : GET "/api/membres/me", parameters={}
2026-04-10T10:25:49.490+02:00 DEBUG 31076 --- [io-8081-exec-10] s.w.s.m.m.a.RequestMappingHandlerMapping : Mapped to club.taekwondo.controller.jpa.MembreController#getMembreConnecte(Authentication)
2026-04-10T10:25:49.491+02:00 DEBUG 31076 --- [io-8081-exec-10] org.hibernate.SQL                        : select m1_0.id,m1_0.ceinture,m1_0.club_id,m1_0.compte_utilisateur_id,m1_0.date_naissance,m1_0.est_adulte,m1_0.nom,m1_0.numero_licence,m1_0.parent_id,m1_0.prenom from membre m1_0 left join utilisateur cu1_0 on cu1_0.id=m1_0.compte_utilisateur_id where cu1_0.email=?
Hibernate: select m1_0.id,m1_0.ceinture,m1_0.club_id,m1_0.compte_utilisateur_id,m1_0.date_naissance,m1_0.est_adulte,m1_0.nom,m1_0.numero_licence,m1_0.parent_id,m1_0.prenom from membre m1_0 left join utilisateur cu1_0 on cu1_0.id=m1_0.compte_utilisateur_id where cu1_0.email=?
2026-04-10T10:25:49.492+02:00 DEBUG 31076 --- [io-8081-exec-10] org.hibernate.SQL                        : select u1_0.id,u1_0.adresse,c1_0.id,c1_0.adresse,c1_0.email,c1_0.logo,c1_0.name,c1_0.telephone,u1_0.date_naissance,u1_0.email,m1_0.id,m1_0.ceinture,m1_0.club_id,m1_0.date_naissance,m1_0.est_adulte,m1_0.nom,m1_0.numero_licence,m1_0.parent_id,m1_0.prenom,u1_0.nom,u1_0.password,u1_0.password_temporaire,u1_0.password_updated_at,u1_0.prenom,u1_0.role,u1_0.telephone from utilisateur u1_0 left join clubs c1_0 on c1_0.id=u1_0.club_id left join membre m1_0 on u1_0.id=m1_0.compte_utilisateur_id where u1_0.id=?
Hibernate: select u1_0.id,u1_0.adresse,c1_0.id,c1_0.adresse,c1_0.email,c1_0.logo,c1_0.name,c1_0.telephone,u1_0.date_naissance,u1_0.email,m1_0.id,m1_0.ceinture,m1_0.club_id,m1_0.date_naissance,m1_0.est_adulte,m1_0.nom,m1_0.numero_licence,m1_0.parent_id,m1_0.prenom,u1_0.nom,u1_0.password,u1_0.password_temporaire,u1_0.password_updated_at,u1_0.prenom,u1_0.role,u1_0.telephone from utilisateur u1_0 left join clubs c1_0 on c1_0.id=u1_0.club_id left join membre m1_0 on u1_0.id=m1_0.compte_utilisateur_id where u1_0.id=?
2026-04-10T10:25:49.494+02:00 DEBUG 31076 --- [io-8081-exec-10] o.s.w.s.m.m.a.HttpEntityMethodProcessor  : Using 'application/json', given [*/*] and supported [application/json, application/*+json]
2026-04-10T10:25:49.494+02:00 DEBUG 31076 --- [io-8081-exec-10] o.s.w.s.m.m.a.HttpEntityMethodProcessor  : Writing [club.taekwondo.dto.MembreDTO@3dfc76e2]
2026-04-10T10:25:49.494+02:00 DEBUG 31076 --- [io-8081-exec-10] o.s.web.servlet.DispatcherServlet        : Completed 200 OK
2026-04-10T10:25:49.512+02:00 DEBUG 31076 --- [nio-8081-exec-1] o.s.security.web.FilterChainProxy        : Securing GET /api/membres/mes-enfants
2026-04-10T10:25:49.512+02:00 DEBUG 31076 --- [nio-8081-exec-1] club.taekwondo.config.JwtAuthFilter      : [SEC] GET /api/membres/mes-enfants
2026-04-10T10:25:49.512+02:00 DEBUG 31076 --- [nio-8081-exec-1] club.taekwondo.config.JwtAuthFilter      : [SEC] Header Authorization: Bearer eyJhbGciOiJIUzI1NiJ9.eyJzdWIiOiJvY2UuZ3VleWVAZ21haWwuY29tIiwicm9sZSI6IlBBUkVOVCIsInV0aWxpc2F0ZXVySWQiOjUsImlhdCI6MTc3NTgwOTU0OSwiZXhwIjoxNzc1ODk1OTQ5fQ.Eey3wE8onLjulviGiGrykZKvwcxSwlznORn-oYOEOio
2026-04-10T10:25:49.512+02:00 DEBUG 31076 --- [nio-8081-exec-1] club.taekwondo.config.JwtAuthFilter      : [SEC] Bearer présent (len=195)
2026-04-10T10:25:49.514+02:00 DEBUG 31076 --- [nio-8081-exec-1] club.taekwondo.config.JwtAuthFilter      : [SEC] email extrait du JWT = oce.gueye@gmail.com
2026-04-10T10:25:49.515+02:00 DEBUG 31076 --- [nio-8081-exec-1] club.taekwondo.config.JwtAuthFilter      : [SEC] rôle extrait du JWT = PARENT
[2026-04-10T10:25:49.516072200+02:00][USR-SVC][getUtilisateurEntityByEmail] in email=oce.gueye@gmail.com -> normalized=oce.gueye@gmail.com
2026-04-10T10:25:49.518+02:00 DEBUG 31076 --- [nio-8081-exec-1] org.hibernate.SQL                        : select u1_0.id,u1_0.adresse,u1_0.club_id,u1_0.date_naissance,u1_0.email,u1_0.nom,u1_0.password,u1_0.password_temporaire,u1_0.password_updated_at,u1_0.prenom,u1_0.role,u1_0.telephone from utilisateur u1_0 where upper(u1_0.email)=upper(?)
Hibernate: select u1_0.id,u1_0.adresse,u1_0.club_id,u1_0.date_naissance,u1_0.email,u1_0.nom,u1_0.password,u1_0.password_temporaire,u1_0.password_updated_at,u1_0.prenom,u1_0.role,u1_0.telephone from utilisateur u1_0 where upper(u1_0.email)=upper(?)
2026-04-10T10:25:49.519+02:00 DEBUG 31076 --- [nio-8081-exec-1] org.hibernate.SQL                        : select c1_0.id,c1_0.adresse,c1_0.email,c1_0.logo,c1_0.name,c1_0.telephone from clubs c1_0 where c1_0.id=?
Hibernate: select c1_0.id,c1_0.adresse,c1_0.email,c1_0.logo,c1_0.name,c1_0.telephone from clubs c1_0 where c1_0.id=?
2026-04-10T10:25:49.519+02:00 DEBUG 31076 --- [nio-8081-exec-1] org.hibernate.SQL                        : select m1_0.id,m1_0.ceinture,m1_0.club_id,cu1_0.id,cu1_0.adresse,c2_0.id,c2_0.adresse,c2_0.email,c2_0.logo,c2_0.name,c2_0.telephone,cu1_0.date_naissance,cu1_0.email,cu1_0.nom,cu1_0.password,cu1_0.password_temporaire,cu1_0.password_updated_at,cu1_0.prenom,cu1_0.role,cu1_0.telephone,m1_0.date_naissance,m1_0.est_adulte,m1_0.nom,m1_0.numero_licence,m1_0.parent_id,m1_0.prenom from membre m1_0 left join utilisateur cu1_0 on cu1_0.id=m1_0.compte_utilisateur_id left join clubs c2_0 on c2_0.id=cu1_0.club_id where m1_0.compte_utilisateur_id=?
Hibernate: select m1_0.id,m1_0.ceinture,m1_0.club_id,cu1_0.id,cu1_0.adresse,c2_0.id,c2_0.adresse,c2_0.email,c2_0.logo,c2_0.name,c2_0.telephone,cu1_0.date_naissance,cu1_0.email,cu1_0.nom,cu1_0.password,cu1_0.password_temporaire,cu1_0.password_updated_at,cu1_0.prenom,cu1_0.role,cu1_0.telephone,m1_0.date_naissance,m1_0.est_adulte,m1_0.nom,m1_0.numero_licence,m1_0.parent_id,m1_0.prenom from membre m1_0 left join utilisateur cu1_0 on cu1_0.id=m1_0.compte_utilisateur_id left join clubs c2_0 on c2_0.id=cu1_0.club_id where m1_0.compte_utilisateur_id=?
[2026-04-10T10:25:49.520158700+02:00][USR-SVC][getUtilisateurEntityByEmail] present? true
2026-04-10T10:25:49.520+02:00 DEBUG 31076 --- [nio-8081-exec-1] club.taekwondo.config.JwtAuthFilter      : [SEC] Utilisateur trouvé: Oce gueye
2026-04-10T10:25:49.521+02:00 DEBUG 31076 --- [nio-8081-exec-1] club.taekwondo.config.JwtAuthFilter      : [SEC] rôle BDD normalisé = PARENT
2026-04-10T10:25:49.521+02:00 DEBUG 31076 --- [nio-8081-exec-1] club.taekwondo.config.JwtAuthFilter      : [SEC] Auth OK: user=oce.gueye@gmail.com authorities=[ROLE_PARENT]
2026-04-10T10:25:49.521+02:00 DEBUG 31076 --- [nio-8081-exec-1] o.s.security.web.FilterChainProxy        : Secured GET /api/membres/mes-enfants
2026-04-10T10:25:49.521+02:00 DEBUG 31076 --- [nio-8081-exec-1] o.s.web.servlet.DispatcherServlet        : GET "/api/membres/mes-enfants", parameters={}
2026-04-10T10:25:49.522+02:00 DEBUG 31076 --- [nio-8081-exec-1] s.w.s.m.m.a.RequestMappingHandlerMapping : Mapped to club.taekwondo.controller.jpa.MembreController#getMembresDuParentConnecte(Authentication)
2026-04-10T10:25:49.523+02:00 DEBUG 31076 --- [nio-8081-exec-1] org.hibernate.SQL                        : select u1_0.id,u1_0.adresse,u1_0.club_id,u1_0.date_naissance,u1_0.email,u1_0.nom,u1_0.password,u1_0.password_temporaire,u1_0.password_updated_at,u1_0.prenom,u1_0.role,u1_0.telephone from utilisateur u1_0 where upper(u1_0.email)=upper(?)
Hibernate: select u1_0.id,u1_0.adresse,u1_0.club_id,u1_0.date_naissance,u1_0.email,u1_0.nom,u1_0.password,u1_0.password_temporaire,u1_0.password_updated_at,u1_0.prenom,u1_0.role,u1_0.telephone from utilisateur u1_0 where upper(u1_0.email)=upper(?)
2026-04-10T10:25:49.524+02:00 DEBUG 31076 --- [nio-8081-exec-1] org.hibernate.SQL                        : select c1_0.id,c1_0.adresse,c1_0.email,c1_0.logo,c1_0.name,c1_0.telephone from clubs c1_0 where c1_0.id=?
Hibernate: select c1_0.id,c1_0.adresse,c1_0.email,c1_0.logo,c1_0.name,c1_0.telephone from clubs c1_0 where c1_0.id=?
2026-04-10T10:25:49.524+02:00 DEBUG 31076 --- [nio-8081-exec-1] org.hibernate.SQL                        : select m1_0.id,m1_0.ceinture,m1_0.club_id,cu1_0.id,cu1_0.adresse,c2_0.id,c2_0.adresse,c2_0.email,c2_0.logo,c2_0.name,c2_0.telephone,cu1_0.date_naissance,cu1_0.email,cu1_0.nom,cu1_0.password,cu1_0.password_temporaire,cu1_0.password_updated_at,cu1_0.prenom,cu1_0.role,cu1_0.telephone,m1_0.date_naissance,m1_0.est_adulte,m1_0.nom,m1_0.numero_licence,m1_0.parent_id,m1_0.prenom from membre m1_0 left join utilisateur cu1_0 on cu1_0.id=m1_0.compte_utilisateur_id left join clubs c2_0 on c2_0.id=cu1_0.club_id where m1_0.compte_utilisateur_id=?
Hibernate: select m1_0.id,m1_0.ceinture,m1_0.club_id,cu1_0.id,cu1_0.adresse,c2_0.id,c2_0.adresse,c2_0.email,c2_0.logo,c2_0.name,c2_0.telephone,cu1_0.date_naissance,cu1_0.email,cu1_0.nom,cu1_0.password,cu1_0.password_temporaire,cu1_0.password_updated_at,cu1_0.prenom,cu1_0.role,cu1_0.telephone,m1_0.date_naissance,m1_0.est_adulte,m1_0.nom,m1_0.numero_licence,m1_0.parent_id,m1_0.prenom from membre m1_0 left join utilisateur cu1_0 on cu1_0.id=m1_0.compte_utilisateur_id left join clubs c2_0 on c2_0.id=cu1_0.club_id where m1_0.compte_utilisateur_id=?
2026-04-10T10:25:49.526+02:00 DEBUG 31076 --- [nio-8081-exec-1] org.hibernate.SQL                        : select m1_0.id,m1_0.ceinture,m1_0.club_id,m1_0.compte_utilisateur_id,m1_0.date_naissance,m1_0.est_adulte,m1_0.nom,m1_0.numero_licence,m1_0.parent_id,m1_0.prenom from membre m1_0 where m1_0.parent_id=?
Hibernate: select m1_0.id,m1_0.ceinture,m1_0.club_id,m1_0.compte_utilisateur_id,m1_0.date_naissance,m1_0.est_adulte,m1_0.nom,m1_0.numero_licence,m1_0.parent_id,m1_0.prenom from membre m1_0 where m1_0.parent_id=?
2026-04-10T10:25:49.526+02:00 DEBUG 31076 --- [nio-8081-exec-1] o.s.w.s.m.m.a.HttpEntityMethodProcessor  : Using 'application/octet-stream', given [*/*] and supported [*/*]
2026-04-10T10:25:49.526+02:00 DEBUG 31076 --- [nio-8081-exec-1] o.s.web.servlet.DispatcherServlet        : Completed 204 NO_CONTENT
2026-04-10T10:25:49.538+02:00 DEBUG 31076 --- [nio-8081-exec-2] o.s.security.web.FilterChainProxy        : Securing GET /api/membres
2026-04-10T10:25:49.538+02:00 DEBUG 31076 --- [nio-8081-exec-2] club.taekwondo.config.JwtAuthFilter      : [SEC] GET /api/membres
2026-04-10T10:25:49.539+02:00 DEBUG 31076 --- [nio-8081-exec-2] club.taekwondo.config.JwtAuthFilter      : [SEC] Header Authorization: Bearer eyJhbGciOiJIUzI1NiJ9.eyJzdWIiOiJhZG1pbnZpbGxldXJiYW5uZUBnbWFpbC5jb20iLCJyb2xlIjoiQURNSU4iLCJ1dGlsaXNhdGV1cklkIjozLCJpYXQiOjE3NzU4MDk1NDgsImV4cCI6MTc3NTg5NTk0OH0.rYAgb0iZi-Vm0Cd2ipPW0qGqdQzu45CXAfZFXWNrbWs
2026-04-10T10:25:49.539+02:00 DEBUG 31076 --- [nio-8081-exec-2] club.taekwondo.config.JwtAuthFilter      : [SEC] Bearer présent (len=204)
2026-04-10T10:25:49.541+02:00 DEBUG 31076 --- [nio-8081-exec-2] club.taekwondo.config.JwtAuthFilter      : [SEC] email extrait du JWT = adminvilleurbanne@gmail.com
2026-04-10T10:25:49.541+02:00 DEBUG 31076 --- [nio-8081-exec-2] club.taekwondo.config.JwtAuthFilter      : [SEC] rôle extrait du JWT = ADMIN
[2026-04-10T10:25:49.542657500+02:00][USR-SVC][getUtilisateurEntityByEmail] in email=adminvilleurbanne@gmail.com -> normalized=adminvilleurbanne@gmail.com
2026-04-10T10:25:49.543+02:00 DEBUG 31076 --- [nio-8081-exec-2] org.hibernate.SQL                        : select u1_0.id,u1_0.adresse,u1_0.club_id,u1_0.date_naissance,u1_0.email,u1_0.nom,u1_0.password,u1_0.password_temporaire,u1_0.password_updated_at,u1_0.prenom,u1_0.role,u1_0.telephone from utilisateur u1_0 where upper(u1_0.email)=upper(?)
Hibernate: select u1_0.id,u1_0.adresse,u1_0.club_id,u1_0.date_naissance,u1_0.email,u1_0.nom,u1_0.password,u1_0.password_temporaire,u1_0.password_updated_at,u1_0.prenom,u1_0.role,u1_0.telephone from utilisateur u1_0 where upper(u1_0.email)=upper(?)
2026-04-10T10:25:49.544+02:00 DEBUG 31076 --- [nio-8081-exec-2] org.hibernate.SQL                        : select c1_0.id,c1_0.adresse,c1_0.email,c1_0.logo,c1_0.name,c1_0.telephone from clubs c1_0 where c1_0.id=?
Hibernate: select c1_0.id,c1_0.adresse,c1_0.email,c1_0.logo,c1_0.name,c1_0.telephone from clubs c1_0 where c1_0.id=?
2026-04-10T10:25:49.545+02:00 DEBUG 31076 --- [nio-8081-exec-2] org.hibernate.SQL                        : select m1_0.id,m1_0.ceinture,m1_0.club_id,cu1_0.id,cu1_0.adresse,c2_0.id,c2_0.adresse,c2_0.email,c2_0.logo,c2_0.name,c2_0.telephone,cu1_0.date_naissance,cu1_0.email,cu1_0.nom,cu1_0.password,cu1_0.password_temporaire,cu1_0.password_updated_at,cu1_0.prenom,cu1_0.role,cu1_0.telephone,m1_0.date_naissance,m1_0.est_adulte,m1_0.nom,m1_0.numero_licence,m1_0.parent_id,m1_0.prenom from membre m1_0 left join utilisateur cu1_0 on cu1_0.id=m1_0.compte_utilisateur_id left join clubs c2_0 on c2_0.id=cu1_0.club_id where m1_0.compte_utilisateur_id=?
Hibernate: select m1_0.id,m1_0.ceinture,m1_0.club_id,cu1_0.id,cu1_0.adresse,c2_0.id,c2_0.adresse,c2_0.email,c2_0.logo,c2_0.name,c2_0.telephone,cu1_0.date_naissance,cu1_0.email,cu1_0.nom,cu1_0.password,cu1_0.password_temporaire,cu1_0.password_updated_at,cu1_0.prenom,cu1_0.role,cu1_0.telephone,m1_0.date_naissance,m1_0.est_adulte,m1_0.nom,m1_0.numero_licence,m1_0.parent_id,m1_0.prenom from membre m1_0 left join utilisateur cu1_0 on cu1_0.id=m1_0.compte_utilisateur_id left join clubs c2_0 on c2_0.id=cu1_0.club_id where m1_0.compte_utilisateur_id=?
[2026-04-10T10:25:49.546656100+02:00][USR-SVC][getUtilisateurEntityByEmail] present? true
2026-04-10T10:25:49.546+02:00 DEBUG 31076 --- [nio-8081-exec-2] club.taekwondo.config.JwtAuthFilter      : [SEC] Utilisateur trouvé: adminVilleurbanne adminVilleurbanne
2026-04-10T10:25:49.546+02:00 DEBUG 31076 --- [nio-8081-exec-2] club.taekwondo.config.JwtAuthFilter      : [SEC] rôle BDD normalisé = ADMIN
2026-04-10T10:25:49.546+02:00 DEBUG 31076 --- [nio-8081-exec-2] club.taekwondo.config.JwtAuthFilter      : [SEC] Auth OK: user=adminvilleurbanne@gmail.com authorities=[ROLE_ADMIN]
2026-04-10T10:25:49.546+02:00 DEBUG 31076 --- [nio-8081-exec-2] o.s.security.web.FilterChainProxy        : Secured GET /api/membres
2026-04-10T10:25:49.546+02:00 DEBUG 31076 --- [nio-8081-exec-2] o.s.web.servlet.DispatcherServlet        : GET "/api/membres", parameters={}
2026-04-10T10:25:49.546+02:00 DEBUG 31076 --- [nio-8081-exec-2] s.w.s.m.m.a.RequestMappingHandlerMapping : Mapped to club.taekwondo.controller.jpa.MembreController#getMembres(Long, Long, Authentication)
2026-04-10T10:25:49.549+02:00 DEBUG 31076 --- [nio-8081-exec-2] org.hibernate.SQL                        : select m1_0.id,m1_0.ceinture,m1_0.club_id,m1_0.compte_utilisateur_id,m1_0.date_naissance,m1_0.est_adulte,m1_0.nom,m1_0.numero_licence,m1_0.parent_id,m1_0.prenom from membre m1_0
Hibernate: select m1_0.id,m1_0.ceinture,m1_0.club_id,m1_0.compte_utilisateur_id,m1_0.date_naissance,m1_0.est_adulte,m1_0.nom,m1_0.numero_licence,m1_0.parent_id,m1_0.prenom from membre m1_0
2026-04-10T10:25:49.550+02:00 DEBUG 31076 --- [nio-8081-exec-2] org.hibernate.SQL                        : select u1_0.id,u1_0.adresse,c1_0.id,c1_0.adresse,c1_0.email,c1_0.logo,c1_0.name,c1_0.telephone,u1_0.date_naissance,u1_0.email,m1_0.id,m1_0.ceinture,m1_0.club_id,m1_0.date_naissance,m1_0.est_adulte,m1_0.nom,m1_0.numero_licence,m1_0.parent_id,m1_0.prenom,u1_0.nom,u1_0.password,u1_0.password_temporaire,u1_0.password_updated_at,u1_0.prenom,u1_0.role,u1_0.telephone from utilisateur u1_0 left join clubs c1_0 on c1_0.id=u1_0.club_id left join membre m1_0 on u1_0.id=m1_0.compte_utilisateur_id where u1_0.id=?
Hibernate: select u1_0.id,u1_0.adresse,c1_0.id,c1_0.adresse,c1_0.email,c1_0.logo,c1_0.name,c1_0.telephone,u1_0.date_naissance,u1_0.email,m1_0.id,m1_0.ceinture,m1_0.club_id,m1_0.date_naissance,m1_0.est_adulte,m1_0.nom,m1_0.numero_licence,m1_0.parent_id,m1_0.prenom,u1_0.nom,u1_0.password,u1_0.password_temporaire,u1_0.password_updated_at,u1_0.prenom,u1_0.role,u1_0.telephone from utilisateur u1_0 left join clubs c1_0 on c1_0.id=u1_0.club_id left join membre m1_0 on u1_0.id=m1_0.compte_utilisateur_id where u1_0.id=?
2026-04-10T10:25:49.553+02:00 DEBUG 31076 --- [nio-8081-exec-2] o.s.w.s.m.m.a.HttpEntityMethodProcessor  : Using 'application/json', given [*/*] and supported [application/json, application/*+json]
2026-04-10T10:25:49.553+02:00 DEBUG 31076 --- [nio-8081-exec-2] o.s.w.s.m.m.a.HttpEntityMethodProcessor  : Writing [[club.taekwondo.dto.MembreDTO@1c99dfee, club.taekwondo.dto.MembreDTO@2f4c6eec, club.taekwondo.dto.Me (truncated)...]
2026-04-10T10:25:49.554+02:00 DEBUG 31076 --- [nio-8081-exec-2] o.s.web.servlet.DispatcherServlet        : Completed 200 OK
2026-04-10T10:25:49.570+02:00 DEBUG 31076 --- [nio-8081-exec-5] o.s.security.web.FilterChainProxy        : Securing GET /api/membres
2026-04-10T10:25:49.571+02:00 DEBUG 31076 --- [nio-8081-exec-5] club.taekwondo.config.JwtAuthFilter      : [SEC] GET /api/membres
2026-04-10T10:25:49.571+02:00 DEBUG 31076 --- [nio-8081-exec-5] club.taekwondo.config.JwtAuthFilter      : [SEC] Header Authorization: Bearer eyJhbGciOiJIUzI1NiJ9.eyJzdWIiOiJhbGl6ZWUuZ3VleWVAZ21haWwuY29tIiwicm9sZSI6Ik1FTUJSRSIsInV0aWxpc2F0ZXVySWQiOjksIm1lbWJyZUlkIjo1LCJpYXQiOjE3NzU4MDk1NDksImV4cCI6MTc3NTg5NTk0OX0.j3ySPEZC_Fm-xludSYR5FirEEjupCo6YcGR2wJVBQXw
2026-04-10T10:25:49.571+02:00 DEBUG 31076 --- [nio-8081-exec-5] club.taekwondo.config.JwtAuthFilter      : [SEC] Bearer présent (len=216)
2026-04-10T10:25:49.573+02:00 DEBUG 31076 --- [nio-8081-exec-5] club.taekwondo.config.JwtAuthFilter      : [SEC] email extrait du JWT = alizee.gueye@gmail.com
2026-04-10T10:25:49.573+02:00 DEBUG 31076 --- [nio-8081-exec-5] club.taekwondo.config.JwtAuthFilter      : [SEC] rôle extrait du JWT = MEMBRE
[2026-04-10T10:25:49.574001300+02:00][USR-SVC][getUtilisateurEntityByEmail] in email=alizee.gueye@gmail.com -> normalized=alizee.gueye@gmail.com
2026-04-10T10:25:49.575+02:00 DEBUG 31076 --- [nio-8081-exec-5] org.hibernate.SQL                        : select u1_0.id,u1_0.adresse,u1_0.club_id,u1_0.date_naissance,u1_0.email,u1_0.nom,u1_0.password,u1_0.password_temporaire,u1_0.password_updated_at,u1_0.prenom,u1_0.role,u1_0.telephone from utilisateur u1_0 where upper(u1_0.email)=upper(?)
Hibernate: select u1_0.id,u1_0.adresse,u1_0.club_id,u1_0.date_naissance,u1_0.email,u1_0.nom,u1_0.password,u1_0.password_temporaire,u1_0.password_updated_at,u1_0.prenom,u1_0.role,u1_0.telephone from utilisateur u1_0 where upper(u1_0.email)=upper(?)
2026-04-10T10:25:49.575+02:00 DEBUG 31076 --- [nio-8081-exec-5] org.hibernate.SQL                        : select c1_0.id,c1_0.adresse,c1_0.email,c1_0.logo,c1_0.name,c1_0.telephone from clubs c1_0 where c1_0.id=?
Hibernate: select c1_0.id,c1_0.adresse,c1_0.email,c1_0.logo,c1_0.name,c1_0.telephone from clubs c1_0 where c1_0.id=?
2026-04-10T10:25:49.576+02:00 DEBUG 31076 --- [nio-8081-exec-5] org.hibernate.SQL                        : select m1_0.id,m1_0.ceinture,m1_0.club_id,cu1_0.id,cu1_0.adresse,c2_0.id,c2_0.adresse,c2_0.email,c2_0.logo,c2_0.name,c2_0.telephone,cu1_0.date_naissance,cu1_0.email,cu1_0.nom,cu1_0.password,cu1_0.password_temporaire,cu1_0.password_updated_at,cu1_0.prenom,cu1_0.role,cu1_0.telephone,m1_0.date_naissance,m1_0.est_adulte,m1_0.nom,m1_0.numero_licence,m1_0.parent_id,m1_0.prenom from membre m1_0 left join utilisateur cu1_0 on cu1_0.id=m1_0.compte_utilisateur_id left join clubs c2_0 on c2_0.id=cu1_0.club_id where m1_0.compte_utilisateur_id=?
Hibernate: select m1_0.id,m1_0.ceinture,m1_0.club_id,cu1_0.id,cu1_0.adresse,c2_0.id,c2_0.adresse,c2_0.email,c2_0.logo,c2_0.name,c2_0.telephone,cu1_0.date_naissance,cu1_0.email,cu1_0.nom,cu1_0.password,cu1_0.password_temporaire,cu1_0.password_updated_at,cu1_0.prenom,cu1_0.role,cu1_0.telephone,m1_0.date_naissance,m1_0.est_adulte,m1_0.nom,m1_0.numero_licence,m1_0.parent_id,m1_0.prenom from membre m1_0 left join utilisateur cu1_0 on cu1_0.id=m1_0.compte_utilisateur_id left join clubs c2_0 on c2_0.id=cu1_0.club_id where m1_0.compte_utilisateur_id=?
[2026-04-10T10:25:49.577999600+02:00][USR-SVC][getUtilisateurEntityByEmail] present? true
2026-04-10T10:25:49.577+02:00 DEBUG 31076 --- [nio-8081-exec-5] club.taekwondo.config.JwtAuthFilter      : [SEC] Utilisateur trouvé: Alizee Gueye
2026-04-10T10:25:49.577+02:00 DEBUG 31076 --- [nio-8081-exec-5] club.taekwondo.config.JwtAuthFilter      : [SEC] rôle BDD normalisé = MEMBRE
2026-04-10T10:25:49.577+02:00 DEBUG 31076 --- [nio-8081-exec-5] club.taekwondo.config.JwtAuthFilter      : [SEC] Auth OK: user=alizee.gueye@gmail.com authorities=[ROLE_MEMBRE]
2026-04-10T10:25:49.579+02:00 DEBUG 31076 --- [nio-8081-exec-5] o.s.security.web.FilterChainProxy        : Secured GET /api/membres
2026-04-10T10:25:49.579+02:00 DEBUG 31076 --- [nio-8081-exec-5] o.s.web.servlet.DispatcherServlet        : GET "/api/membres", parameters={}
2026-04-10T10:25:49.579+02:00 DEBUG 31076 --- [nio-8081-exec-5] s.w.s.m.m.a.RequestMappingHandlerMapping : Mapped to club.taekwondo.controller.jpa.MembreController#getMembres(Long, Long, Authentication)
2026-04-10T10:25:49.580+02:00 DEBUG 31076 --- [nio-8081-exec-5] org.hibernate.SQL                        : select m1_0.id,m1_0.ceinture,m1_0.club_id,m1_0.compte_utilisateur_id,m1_0.date_naissance,m1_0.est_adulte,m1_0.nom,m1_0.numero_licence,m1_0.parent_id,m1_0.prenom from membre m1_0
Hibernate: select m1_0.id,m1_0.ceinture,m1_0.club_id,m1_0.compte_utilisateur_id,m1_0.date_naissance,m1_0.est_adulte,m1_0.nom,m1_0.numero_licence,m1_0.parent_id,m1_0.prenom from membre m1_0
2026-04-10T10:25:49.581+02:00 DEBUG 31076 --- [nio-8081-exec-5] org.hibernate.SQL                        : select u1_0.id,u1_0.adresse,c1_0.id,c1_0.adresse,c1_0.email,c1_0.logo,c1_0.name,c1_0.telephone,u1_0.date_naissance,u1_0.email,m1_0.id,m1_0.ceinture,m1_0.club_id,m1_0.date_naissance,m1_0.est_adulte,m1_0.nom,m1_0.numero_licence,m1_0.parent_id,m1_0.prenom,u1_0.nom,u1_0.password,u1_0.password_temporaire,u1_0.password_updated_at,u1_0.prenom,u1_0.role,u1_0.telephone from utilisateur u1_0 left join clubs c1_0 on c1_0.id=u1_0.club_id left join membre m1_0 on u1_0.id=m1_0.compte_utilisateur_id where u1_0.id=?
Hibernate: select u1_0.id,u1_0.adresse,c1_0.id,c1_0.adresse,c1_0.email,c1_0.logo,c1_0.name,c1_0.telephone,u1_0.date_naissance,u1_0.email,m1_0.id,m1_0.ceinture,m1_0.club_id,m1_0.date_naissance,m1_0.est_adulte,m1_0.nom,m1_0.numero_licence,m1_0.parent_id,m1_0.prenom,u1_0.nom,u1_0.password,u1_0.password_temporaire,u1_0.password_updated_at,u1_0.prenom,u1_0.role,u1_0.telephone from utilisateur u1_0 left join clubs c1_0 on c1_0.id=u1_0.club_id left join membre m1_0 on u1_0.id=m1_0.compte_utilisateur_id where u1_0.id=?
2026-04-10T10:25:49.584+02:00 DEBUG 31076 --- [nio-8081-exec-5] o.s.w.s.m.m.a.HttpEntityMethodProcessor  : Using 'application/json', given [*/*] and supported [application/json, application/*+json]
2026-04-10T10:25:49.584+02:00 DEBUG 31076 --- [nio-8081-exec-5] o.s.w.s.m.m.a.HttpEntityMethodProcessor  : Writing [[club.taekwondo.dto.MembreDTO@c0b6446, club.taekwondo.dto.MembreDTO@5f75f3dd, club.taekwondo.dto.Mem (truncated)...]
2026-04-10T10:25:49.585+02:00 DEBUG 31076 --- [nio-8081-exec-5] o.s.web.servlet.DispatcherServlet        : Completed 200 OK
2026-04-10T10:26:12.901+02:00 DEBUG 31076 --- [nio-8081-exec-4] o.s.security.web.FilterChainProxy        : Securing POST /api/utilisateurs/login
2026-04-10T10:26:12.901+02:00 DEBUG 31076 --- [nio-8081-exec-4] club.taekwondo.config.JwtAuthFilter      : [SEC] Endpoint public ignoré: /api/utilisateurs/login
2026-04-10T10:26:12.901+02:00 DEBUG 31076 --- [nio-8081-exec-4] o.s.s.w.a.AnonymousAuthenticationFilter  : Set SecurityContextHolder to anonymous SecurityContext
2026-04-10T10:26:12.901+02:00 DEBUG 31076 --- [nio-8081-exec-4] o.s.security.web.FilterChainProxy        : Secured POST /api/utilisateurs/login
2026-04-10T10:26:12.902+02:00 DEBUG 31076 --- [nio-8081-exec-4] club.taekwondo.config.JwtAuthFilter      : [SEC] Endpoint public ignoré: /api/utilisateurs/login
2026-04-10T10:26:12.902+02:00 DEBUG 31076 --- [nio-8081-exec-4] o.s.web.servlet.DispatcherServlet        : POST "/api/utilisateurs/login", parameters={}
2026-04-10T10:26:12.902+02:00 DEBUG 31076 --- [nio-8081-exec-4] s.w.s.m.m.a.RequestMappingHandlerMapping : Mapped to club.taekwondo.controller.jpa.UtilisateurController#login(LoginDTO)
2026-04-10T10:26:12.903+02:00 DEBUG 31076 --- [nio-8081-exec-4] m.m.a.RequestResponseBodyMethodProcessor : Read "application/json;charset=UTF-8" to [club.taekwondo.dto.LoginDTO@76d27437]
[2026-04-10T10:26:12.903224300+02:00][USR][LOGIN] ? payload re�u
[2026-04-10T10:26:12.903224300+02:00][USR-SVC][login] email=agueye1403@gmail.com -> normalized=agueye1403@gmail.com, password=***(8 chars)
2026-04-10T10:26:12.904+02:00 DEBUG 31076 --- [nio-8081-exec-4] org.hibernate.SQL                        : select u1_0.id,u1_0.adresse,u1_0.club_id,u1_0.date_naissance,u1_0.email,u1_0.nom,u1_0.password,u1_0.password_temporaire,u1_0.password_updated_at,u1_0.prenom,u1_0.role,u1_0.telephone from utilisateur u1_0 where upper(u1_0.email)=upper(?)
Hibernate: select u1_0.id,u1_0.adresse,u1_0.club_id,u1_0.date_naissance,u1_0.email,u1_0.nom,u1_0.password,u1_0.password_temporaire,u1_0.password_updated_at,u1_0.prenom,u1_0.role,u1_0.telephone from utilisateur u1_0 where upper(u1_0.email)=upper(?)
2026-04-10T10:26:12.905+02:00 DEBUG 31076 --- [nio-8081-exec-4] org.hibernate.SQL                        : select c1_0.id,c1_0.adresse,c1_0.email,c1_0.logo,c1_0.name,c1_0.telephone from clubs c1_0 where c1_0.id=?
Hibernate: select c1_0.id,c1_0.adresse,c1_0.email,c1_0.logo,c1_0.name,c1_0.telephone from clubs c1_0 where c1_0.id=?
2026-04-10T10:26:12.906+02:00 DEBUG 31076 --- [nio-8081-exec-4] org.hibernate.SQL                        : select m1_0.id,m1_0.ceinture,m1_0.club_id,cu1_0.id,cu1_0.adresse,c2_0.id,c2_0.adresse,c2_0.email,c2_0.logo,c2_0.name,c2_0.telephone,cu1_0.date_naissance,cu1_0.email,cu1_0.nom,cu1_0.password,cu1_0.password_temporaire,cu1_0.password_updated_at,cu1_0.prenom,cu1_0.role,cu1_0.telephone,m1_0.date_naissance,m1_0.est_adulte,m1_0.nom,m1_0.numero_licence,m1_0.parent_id,m1_0.prenom from membre m1_0 left join utilisateur cu1_0 on cu1_0.id=m1_0.compte_utilisateur_id left join clubs c2_0 on c2_0.id=cu1_0.club_id where m1_0.compte_utilisateur_id=?
Hibernate: select m1_0.id,m1_0.ceinture,m1_0.club_id,cu1_0.id,cu1_0.adresse,c2_0.id,c2_0.adresse,c2_0.email,c2_0.logo,c2_0.name,c2_0.telephone,cu1_0.date_naissance,cu1_0.email,cu1_0.nom,cu1_0.password,cu1_0.password_temporaire,cu1_0.password_updated_at,cu1_0.prenom,cu1_0.role,cu1_0.telephone,m1_0.date_naissance,m1_0.est_adulte,m1_0.nom,m1_0.numero_licence,m1_0.parent_id,m1_0.prenom from membre m1_0 left join utilisateur cu1_0 on cu1_0.id=m1_0.compte_utilisateur_id left join clubs c2_0 on c2_0.id=cu1_0.club_id where m1_0.compte_utilisateur_id=?
[2026-04-10T10:26:12.976076300+02:00][USR-SVC][login] password matches? true for userId=10
[2026-04-10T10:26:12.977074700+02:00][USR-SVC][convertToDTO] in: Entity[id=10, nom=Gueye, prenom=ali, email=agueye1403@gmail.com, tel=0682192786, adr='29b rur du professeur roux, 42800 Rive De Gier, France', dateN=1991-07-03, role=PARENT]
2026-04-10T10:26:12.979+02:00 DEBUG 31076 --- [nio-8081-exec-4] org.hibernate.SQL                        : select m1_0.id,m1_0.ceinture,m1_0.club_id,m1_0.compte_utilisateur_id,m1_0.date_naissance,m1_0.est_adulte,m1_0.nom,m1_0.numero_licence,m1_0.parent_id,m1_0.prenom from membre m1_0 where m1_0.parent_id=?
Hibernate: select m1_0.id,m1_0.ceinture,m1_0.club_id,m1_0.compte_utilisateur_id,m1_0.date_naissance,m1_0.est_adulte,m1_0.nom,m1_0.numero_licence,m1_0.parent_id,m1_0.prenom from membre m1_0 where m1_0.parent_id=?
[USR-SVC] Parent enrichi: Loic Gueye
[2026-04-10T10:26:12.980496200+02:00][USR-SVC][convertToDTO] out: DTO[id=10, nom=Gueye, prenom=ali, email=agueye1403@gmail.com, tel=0682192786, adr='29b rur du professeur roux, 42800 Rive De Gier, France', dateN=1991-07-03, role=PARENT, pwd=null]
[2026-04-10T10:26:12.980496200+02:00][USR-SVC][login] success? true
2026-04-10T10:26:12.981+02:00 DEBUG 31076 --- [nio-8081-exec-4] org.hibernate.SQL                        : select m1_0.id,m1_0.ceinture,m1_0.club_id,m1_0.compte_utilisateur_id,m1_0.date_naissance,m1_0.est_adulte,m1_0.nom,m1_0.numero_licence,m1_0.parent_id,m1_0.prenom from membre m1_0 where m1_0.compte_utilisateur_id=?
Hibernate: select m1_0.id,m1_0.ceinture,m1_0.club_id,m1_0.compte_utilisateur_id,m1_0.date_naissance,m1_0.est_adulte,m1_0.nom,m1_0.numero_licence,m1_0.parent_id,m1_0.prenom from membre m1_0 where m1_0.compte_utilisateur_id=?
[2026-04-10T10:26:12.982009600+02:00][USR-SVC][getUtilisateurEntityById] id=10
[2026-04-10T10:26:12.982009600+02:00][USR-SVC][getUtilisateurEntityById] present? true
2026-04-10T10:26:12.983+02:00 DEBUG 31076 --- [nio-8081-exec-4] o.s.w.s.m.m.a.HttpEntityMethodProcessor  : Using 'application/json', given [*/*] and supported [application/json, application/*+json]
2026-04-10T10:26:12.983+02:00 DEBUG 31076 --- [nio-8081-exec-4] o.s.w.s.m.m.a.HttpEntityMethodProcessor  : Writing [{role=PARENT, utilisateur=club.taekwondo.dto.UtilisateurDTO@e09e58b, utilisateurId=10, membreId=null (truncated)...]
2026-04-10T10:26:12.984+02:00 DEBUG 31076 --- [nio-8081-exec-4] o.s.web.servlet.DispatcherServlet        : Completed 200 OK
2026-04-10T10:28:12.469+02:00 DEBUG 31076 --- [nio-8081-exec-7] o.s.security.web.FilterChainProxy        : Securing POST /api/utilisateurs/login
2026-04-10T10:28:12.471+02:00 DEBUG 31076 --- [nio-8081-exec-7] club.taekwondo.config.JwtAuthFilter      : [SEC] Endpoint public ignoré: /api/utilisateurs/login
2026-04-10T10:28:12.471+02:00 DEBUG 31076 --- [nio-8081-exec-7] o.s.s.w.a.AnonymousAuthenticationFilter  : Set SecurityContextHolder to anonymous SecurityContext
2026-04-10T10:28:12.472+02:00 DEBUG 31076 --- [nio-8081-exec-7] o.s.security.web.FilterChainProxy        : Secured POST /api/utilisateurs/login
2026-04-10T10:28:12.472+02:00 DEBUG 31076 --- [nio-8081-exec-7] club.taekwondo.config.JwtAuthFilter      : [SEC] Endpoint public ignoré: /api/utilisateurs/login
2026-04-10T10:28:12.472+02:00 DEBUG 31076 --- [nio-8081-exec-7] o.s.web.servlet.DispatcherServlet        : POST "/api/utilisateurs/login", parameters={}
2026-04-10T10:28:12.472+02:00 DEBUG 31076 --- [nio-8081-exec-7] s.w.s.m.m.a.RequestMappingHandlerMapping : Mapped to club.taekwondo.controller.jpa.UtilisateurController#login(LoginDTO)
2026-04-10T10:28:12.473+02:00 DEBUG 31076 --- [nio-8081-exec-7] m.m.a.RequestResponseBodyMethodProcessor : Read "application/json;charset=UTF-8" to [club.taekwondo.dto.LoginDTO@32dcb56d]
[2026-04-10T10:28:12.473662300+02:00][USR][LOGIN] ? payload re�u
[2026-04-10T10:28:12.473662300+02:00][USR-SVC][login] email=superadmin@club.local -> normalized=superadmin@club.local, password=***(8 chars)
2026-04-10T10:28:12.474+02:00 DEBUG 31076 --- [nio-8081-exec-7] org.hibernate.SQL                        : select u1_0.id,u1_0.adresse,u1_0.club_id,u1_0.date_naissance,u1_0.email,u1_0.nom,u1_0.password,u1_0.password_temporaire,u1_0.password_updated_at,u1_0.prenom,u1_0.role,u1_0.telephone from utilisateur u1_0 where upper(u1_0.email)=upper(?)
Hibernate: select u1_0.id,u1_0.adresse,u1_0.club_id,u1_0.date_naissance,u1_0.email,u1_0.nom,u1_0.password,u1_0.password_temporaire,u1_0.password_updated_at,u1_0.prenom,u1_0.role,u1_0.telephone from utilisateur u1_0 where upper(u1_0.email)=upper(?)
2026-04-10T10:28:12.476+02:00 DEBUG 31076 --- [nio-8081-exec-7] org.hibernate.SQL                        : select m1_0.id,m1_0.ceinture,m1_0.club_id,cu1_0.id,cu1_0.adresse,c2_0.id,c2_0.adresse,c2_0.email,c2_0.logo,c2_0.name,c2_0.telephone,cu1_0.date_naissance,cu1_0.email,cu1_0.nom,cu1_0.password,cu1_0.password_temporaire,cu1_0.password_updated_at,cu1_0.prenom,cu1_0.role,cu1_0.telephone,m1_0.date_naissance,m1_0.est_adulte,m1_0.nom,m1_0.numero_licence,m1_0.parent_id,m1_0.prenom from membre m1_0 left join utilisateur cu1_0 on cu1_0.id=m1_0.compte_utilisateur_id left join clubs c2_0 on c2_0.id=cu1_0.club_id where m1_0.compte_utilisateur_id=?
Hibernate: select m1_0.id,m1_0.ceinture,m1_0.club_id,cu1_0.id,cu1_0.adresse,c2_0.id,c2_0.adresse,c2_0.email,c2_0.logo,c2_0.name,c2_0.telephone,cu1_0.date_naissance,cu1_0.email,cu1_0.nom,cu1_0.password,cu1_0.password_temporaire,cu1_0.password_updated_at,cu1_0.prenom,cu1_0.role,cu1_0.telephone,m1_0.date_naissance,m1_0.est_adulte,m1_0.nom,m1_0.numero_licence,m1_0.parent_id,m1_0.prenom from membre m1_0 left join utilisateur cu1_0 on cu1_0.id=m1_0.compte_utilisateur_id left join clubs c2_0 on c2_0.id=cu1_0.club_id where m1_0.compte_utilisateur_id=?
[2026-04-10T10:28:12.549716800+02:00][USR-SVC][login] password matches? true for userId=1
[2026-04-10T10:28:12.550776200+02:00][USR-SVC][convertToDTO] in: Entity[id=1, nom=Super, prenom=Admin, email=superadmin@club.local, tel=null, adr='null', dateN=null, role=SUPER_ADMIN]
[2026-04-10T10:28:12.550776200+02:00][USR-SVC][convertToDTO] out: DTO[id=1, nom=Super, prenom=Admin, email=superadmin@club.local, tel=null, adr='null', dateN=null, role=SUPER_ADMIN, pwd=null]
[2026-04-10T10:28:12.550776200+02:00][USR-SVC][login] ? super-admin sans club, connexion autoris�e
[2026-04-10T10:28:12.550776200+02:00][USR-SVC][login] success? true
2026-04-10T10:28:12.551+02:00 DEBUG 31076 --- [nio-8081-exec-7] org.hibernate.SQL                        : select m1_0.id,m1_0.ceinture,m1_0.club_id,m1_0.compte_utilisateur_id,m1_0.date_naissance,m1_0.est_adulte,m1_0.nom,m1_0.numero_licence,m1_0.parent_id,m1_0.prenom from membre m1_0 where m1_0.compte_utilisateur_id=?
Hibernate: select m1_0.id,m1_0.ceinture,m1_0.club_id,m1_0.compte_utilisateur_id,m1_0.date_naissance,m1_0.est_adulte,m1_0.nom,m1_0.numero_licence,m1_0.parent_id,m1_0.prenom from membre m1_0 where m1_0.compte_utilisateur_id=?
[2026-04-10T10:28:12.552873800+02:00][USR-SVC][getUtilisateurEntityById] id=1
[2026-04-10T10:28:12.553399200+02:00][USR-SVC][getUtilisateurEntityById] present? true
2026-04-10T10:28:12.554+02:00 DEBUG 31076 --- [nio-8081-exec-7] o.s.w.s.m.m.a.HttpEntityMethodProcessor  : Using 'application/json', given [*/*] and supported [application/json, application/*+json]
2026-04-10T10:28:12.555+02:00 DEBUG 31076 --- [nio-8081-exec-7] o.s.w.s.m.m.a.HttpEntityMethodProcessor  : Writing [{role=SUPER_ADMIN, utilisateur=club.taekwondo.dto.UtilisateurDTO@45bb66ad, utilisateurId=1, membreId (truncated)...]
2026-04-10T10:28:12.555+02:00 DEBUG 31076 --- [nio-8081-exec-7] o.s.web.servlet.DispatcherServlet        : Completed 200 OK
2026-04-10T10:28:12.617+02:00 DEBUG 31076 --- [nio-8081-exec-9] o.s.security.web.FilterChainProxy        : Securing POST /api/utilisateurs/login
2026-04-10T10:28:12.618+02:00 DEBUG 31076 --- [nio-8081-exec-9] club.taekwondo.config.JwtAuthFilter      : [SEC] Endpoint public ignoré: /api/utilisateurs/login
2026-04-10T10:28:12.618+02:00 DEBUG 31076 --- [nio-8081-exec-9] o.s.s.w.a.AnonymousAuthenticationFilter  : Set SecurityContextHolder to anonymous SecurityContext
2026-04-10T10:28:12.618+02:00 DEBUG 31076 --- [nio-8081-exec-9] o.s.security.web.FilterChainProxy        : Secured POST /api/utilisateurs/login
2026-04-10T10:28:12.619+02:00 DEBUG 31076 --- [nio-8081-exec-9] club.taekwondo.config.JwtAuthFilter      : [SEC] Endpoint public ignoré: /api/utilisateurs/login
2026-04-10T10:28:12.619+02:00 DEBUG 31076 --- [nio-8081-exec-9] o.s.web.servlet.DispatcherServlet        : POST "/api/utilisateurs/login", parameters={}
2026-04-10T10:28:12.619+02:00 DEBUG 31076 --- [nio-8081-exec-9] s.w.s.m.m.a.RequestMappingHandlerMapping : Mapped to club.taekwondo.controller.jpa.UtilisateurController#login(LoginDTO)
2026-04-10T10:28:12.621+02:00 DEBUG 31076 --- [nio-8081-exec-9] m.m.a.RequestResponseBodyMethodProcessor : Read "application/json;charset=UTF-8" to [club.taekwondo.dto.LoginDTO@71a5cf1b]
[2026-04-10T10:28:12.621910100+02:00][USR][LOGIN] ? payload re�u
[2026-04-10T10:28:12.621910100+02:00][USR-SVC][login] email=adminvilleurbanne@gmail.com -> normalized=adminvilleurbanne@gmail.com, password=***(8 chars)
2026-04-10T10:28:12.623+02:00 DEBUG 31076 --- [nio-8081-exec-9] org.hibernate.SQL                        : select u1_0.id,u1_0.adresse,u1_0.club_id,u1_0.date_naissance,u1_0.email,u1_0.nom,u1_0.password,u1_0.password_temporaire,u1_0.password_updated_at,u1_0.prenom,u1_0.role,u1_0.telephone from utilisateur u1_0 where upper(u1_0.email)=upper(?)
Hibernate: select u1_0.id,u1_0.adresse,u1_0.club_id,u1_0.date_naissance,u1_0.email,u1_0.nom,u1_0.password,u1_0.password_temporaire,u1_0.password_updated_at,u1_0.prenom,u1_0.role,u1_0.telephone from utilisateur u1_0 where upper(u1_0.email)=upper(?)
2026-04-10T10:28:12.624+02:00 DEBUG 31076 --- [nio-8081-exec-9] org.hibernate.SQL                        : select c1_0.id,c1_0.adresse,c1_0.email,c1_0.logo,c1_0.name,c1_0.telephone from clubs c1_0 where c1_0.id=?
Hibernate: select c1_0.id,c1_0.adresse,c1_0.email,c1_0.logo,c1_0.name,c1_0.telephone from clubs c1_0 where c1_0.id=?
2026-04-10T10:28:12.625+02:00 DEBUG 31076 --- [nio-8081-exec-9] org.hibernate.SQL                        : select m1_0.id,m1_0.ceinture,m1_0.club_id,cu1_0.id,cu1_0.adresse,c2_0.id,c2_0.adresse,c2_0.email,c2_0.logo,c2_0.name,c2_0.telephone,cu1_0.date_naissance,cu1_0.email,cu1_0.nom,cu1_0.password,cu1_0.password_temporaire,cu1_0.password_updated_at,cu1_0.prenom,cu1_0.role,cu1_0.telephone,m1_0.date_naissance,m1_0.est_adulte,m1_0.nom,m1_0.numero_licence,m1_0.parent_id,m1_0.prenom from membre m1_0 left join utilisateur cu1_0 on cu1_0.id=m1_0.compte_utilisateur_id left join clubs c2_0 on c2_0.id=cu1_0.club_id where m1_0.compte_utilisateur_id=?
Hibernate: select m1_0.id,m1_0.ceinture,m1_0.club_id,cu1_0.id,cu1_0.adresse,c2_0.id,c2_0.adresse,c2_0.email,c2_0.logo,c2_0.name,c2_0.telephone,cu1_0.date_naissance,cu1_0.email,cu1_0.nom,cu1_0.password,cu1_0.password_temporaire,cu1_0.password_updated_at,cu1_0.prenom,cu1_0.role,cu1_0.telephone,m1_0.date_naissance,m1_0.est_adulte,m1_0.nom,m1_0.numero_licence,m1_0.parent_id,m1_0.prenom from membre m1_0 left join utilisateur cu1_0 on cu1_0.id=m1_0.compte_utilisateur_id left join clubs c2_0 on c2_0.id=cu1_0.club_id where m1_0.compte_utilisateur_id=?
[2026-04-10T10:28:12.699266800+02:00][USR-SVC][login] password matches? true for userId=3
[2026-04-10T10:28:12.700315600+02:00][USR-SVC][convertToDTO] in: Entity[id=3, nom=adminVilleurbanne, prenom=adminVilleurbanne, email=adminvilleurbanne@gmail.com, tel=null, adr='null', dateN=null, role=ADMIN]
[2026-04-10T10:28:12.700315600+02:00][USR-SVC][convertToDTO] out: DTO[id=3, nom=adminVilleurbanne, prenom=adminVilleurbanne, email=adminvilleurbanne@gmail.com, tel=null, adr='null', dateN=null, role=ADMIN, pwd=null]
[2026-04-10T10:28:12.700315600+02:00][USR-SVC][login] success? true
2026-04-10T10:28:12.701+02:00 DEBUG 31076 --- [nio-8081-exec-9] org.hibernate.SQL                        : select m1_0.id,m1_0.ceinture,m1_0.club_id,m1_0.compte_utilisateur_id,m1_0.date_naissance,m1_0.est_adulte,m1_0.nom,m1_0.numero_licence,m1_0.parent_id,m1_0.prenom from membre m1_0 where m1_0.compte_utilisateur_id=?
Hibernate: select m1_0.id,m1_0.ceinture,m1_0.club_id,m1_0.compte_utilisateur_id,m1_0.date_naissance,m1_0.est_adulte,m1_0.nom,m1_0.numero_licence,m1_0.parent_id,m1_0.prenom from membre m1_0 where m1_0.compte_utilisateur_id=?
[2026-04-10T10:28:12.702319300+02:00][USR-SVC][getUtilisateurEntityById] id=3
[2026-04-10T10:28:12.703354500+02:00][USR-SVC][getUtilisateurEntityById] present? true
2026-04-10T10:28:12.704+02:00 DEBUG 31076 --- [nio-8081-exec-9] o.s.w.s.m.m.a.HttpEntityMethodProcessor  : Using 'application/json', given [*/*] and supported [application/json, application/*+json]
2026-04-10T10:28:12.704+02:00 DEBUG 31076 --- [nio-8081-exec-9] o.s.w.s.m.m.a.HttpEntityMethodProcessor  : Writing [{role=ADMIN, utilisateur=club.taekwondo.dto.UtilisateurDTO@228e0aa1, utilisateurId=3, membreId=null, (truncated)...]
2026-04-10T10:28:12.704+02:00 DEBUG 31076 --- [nio-8081-exec-9] o.s.web.servlet.DispatcherServlet        : Completed 200 OK
2026-04-10T10:28:12.720+02:00 DEBUG 31076 --- [nio-8081-exec-8] o.s.security.web.FilterChainProxy        : Securing POST /api/utilisateurs/login
2026-04-10T10:28:12.721+02:00 DEBUG 31076 --- [nio-8081-exec-8] club.taekwondo.config.JwtAuthFilter      : [SEC] Endpoint public ignoré: /api/utilisateurs/login
2026-04-10T10:28:12.721+02:00 DEBUG 31076 --- [nio-8081-exec-8] o.s.s.w.a.AnonymousAuthenticationFilter  : Set SecurityContextHolder to anonymous SecurityContext
2026-04-10T10:28:12.721+02:00 DEBUG 31076 --- [nio-8081-exec-8] o.s.security.web.FilterChainProxy        : Secured POST /api/utilisateurs/login
2026-04-10T10:28:12.721+02:00 DEBUG 31076 --- [nio-8081-exec-8] club.taekwondo.config.JwtAuthFilter      : [SEC] Endpoint public ignoré: /api/utilisateurs/login
2026-04-10T10:28:12.721+02:00 DEBUG 31076 --- [nio-8081-exec-8] o.s.web.servlet.DispatcherServlet        : POST "/api/utilisateurs/login", parameters={}
2026-04-10T10:28:12.722+02:00 DEBUG 31076 --- [nio-8081-exec-8] s.w.s.m.m.a.RequestMappingHandlerMapping : Mapped to club.taekwondo.controller.jpa.UtilisateurController#login(LoginDTO)
2026-04-10T10:28:12.722+02:00 DEBUG 31076 --- [nio-8081-exec-8] m.m.a.RequestResponseBodyMethodProcessor : Read "application/json;charset=UTF-8" to [club.taekwondo.dto.LoginDTO@5b8d0854]
[2026-04-10T10:28:12.722781800+02:00][USR][LOGIN] ? payload re�u
[2026-04-10T10:28:12.723305100+02:00][USR-SVC][login] email=agueye1403@gmail.com -> normalized=agueye1403@gmail.com, password=***(8 chars)
2026-04-10T10:28:12.724+02:00 DEBUG 31076 --- [nio-8081-exec-8] org.hibernate.SQL                        : select u1_0.id,u1_0.adresse,u1_0.club_id,u1_0.date_naissance,u1_0.email,u1_0.nom,u1_0.password,u1_0.password_temporaire,u1_0.password_updated_at,u1_0.prenom,u1_0.role,u1_0.telephone from utilisateur u1_0 where upper(u1_0.email)=upper(?)
Hibernate: select u1_0.id,u1_0.adresse,u1_0.club_id,u1_0.date_naissance,u1_0.email,u1_0.nom,u1_0.password,u1_0.password_temporaire,u1_0.password_updated_at,u1_0.prenom,u1_0.role,u1_0.telephone from utilisateur u1_0 where upper(u1_0.email)=upper(?)
2026-04-10T10:28:12.724+02:00 DEBUG 31076 --- [nio-8081-exec-8] org.hibernate.SQL                        : select c1_0.id,c1_0.adresse,c1_0.email,c1_0.logo,c1_0.name,c1_0.telephone from clubs c1_0 where c1_0.id=?
Hibernate: select c1_0.id,c1_0.adresse,c1_0.email,c1_0.logo,c1_0.name,c1_0.telephone from clubs c1_0 where c1_0.id=?
2026-04-10T10:28:12.725+02:00 DEBUG 31076 --- [nio-8081-exec-8] org.hibernate.SQL                        : select m1_0.id,m1_0.ceinture,m1_0.club_id,cu1_0.id,cu1_0.adresse,c2_0.id,c2_0.adresse,c2_0.email,c2_0.logo,c2_0.name,c2_0.telephone,cu1_0.date_naissance,cu1_0.email,cu1_0.nom,cu1_0.password,cu1_0.password_temporaire,cu1_0.password_updated_at,cu1_0.prenom,cu1_0.role,cu1_0.telephone,m1_0.date_naissance,m1_0.est_adulte,m1_0.nom,m1_0.numero_licence,m1_0.parent_id,m1_0.prenom from membre m1_0 left join utilisateur cu1_0 on cu1_0.id=m1_0.compte_utilisateur_id left join clubs c2_0 on c2_0.id=cu1_0.club_id where m1_0.compte_utilisateur_id=?
Hibernate: select m1_0.id,m1_0.ceinture,m1_0.club_id,cu1_0.id,cu1_0.adresse,c2_0.id,c2_0.adresse,c2_0.email,c2_0.logo,c2_0.name,c2_0.telephone,cu1_0.date_naissance,cu1_0.email,cu1_0.nom,cu1_0.password,cu1_0.password_temporaire,cu1_0.password_updated_at,cu1_0.prenom,cu1_0.role,cu1_0.telephone,m1_0.date_naissance,m1_0.est_adulte,m1_0.nom,m1_0.numero_licence,m1_0.parent_id,m1_0.prenom from membre m1_0 left join utilisateur cu1_0 on cu1_0.id=m1_0.compte_utilisateur_id left join clubs c2_0 on c2_0.id=cu1_0.club_id where m1_0.compte_utilisateur_id=?
[2026-04-10T10:28:12.789671500+02:00][USR-SVC][login] password matches? true for userId=10
[2026-04-10T10:28:12.790671400+02:00][USR-SVC][convertToDTO] in: Entity[id=10, nom=Gueye, prenom=ali, email=agueye1403@gmail.com, tel=0682192786, adr='29b rur du professeur roux, 42800 Rive De Gier, France', dateN=1991-07-03, role=PARENT]
2026-04-10T10:28:12.792+02:00 DEBUG 31076 --- [nio-8081-exec-8] org.hibernate.SQL                        : select m1_0.id,m1_0.ceinture,m1_0.club_id,m1_0.compte_utilisateur_id,m1_0.date_naissance,m1_0.est_adulte,m1_0.nom,m1_0.numero_licence,m1_0.parent_id,m1_0.prenom from membre m1_0 where m1_0.parent_id=?
Hibernate: select m1_0.id,m1_0.ceinture,m1_0.club_id,m1_0.compte_utilisateur_id,m1_0.date_naissance,m1_0.est_adulte,m1_0.nom,m1_0.numero_licence,m1_0.parent_id,m1_0.prenom from membre m1_0 where m1_0.parent_id=?
[USR-SVC] Parent enrichi: Loic Gueye
[2026-04-10T10:28:12.793222500+02:00][USR-SVC][convertToDTO] out: DTO[id=10, nom=Gueye, prenom=ali, email=agueye1403@gmail.com, tel=0682192786, adr='29b rur du professeur roux, 42800 Rive De Gier, France', dateN=1991-07-03, role=PARENT, pwd=null]
[2026-04-10T10:28:12.793222500+02:00][USR-SVC][login] success? true
2026-04-10T10:28:12.794+02:00 DEBUG 31076 --- [nio-8081-exec-8] org.hibernate.SQL                        : select m1_0.id,m1_0.ceinture,m1_0.club_id,m1_0.compte_utilisateur_id,m1_0.date_naissance,m1_0.est_adulte,m1_0.nom,m1_0.numero_licence,m1_0.parent_id,m1_0.prenom from membre m1_0 where m1_0.compte_utilisateur_id=?
Hibernate: select m1_0.id,m1_0.ceinture,m1_0.club_id,m1_0.compte_utilisateur_id,m1_0.date_naissance,m1_0.est_adulte,m1_0.nom,m1_0.numero_licence,m1_0.parent_id,m1_0.prenom from membre m1_0 where m1_0.compte_utilisateur_id=?
[2026-04-10T10:28:12.794813400+02:00][USR-SVC][getUtilisateurEntityById] id=10
[2026-04-10T10:28:12.794813400+02:00][USR-SVC][getUtilisateurEntityById] present? true
2026-04-10T10:28:12.795+02:00 DEBUG 31076 --- [nio-8081-exec-8] o.s.w.s.m.m.a.HttpEntityMethodProcessor  : Using 'application/json', given [*/*] and supported [application/json, application/*+json]
2026-04-10T10:28:12.795+02:00 DEBUG 31076 --- [nio-8081-exec-8] o.s.w.s.m.m.a.HttpEntityMethodProcessor  : Writing [{role=PARENT, utilisateur=club.taekwondo.dto.UtilisateurDTO@1f2f17e7, utilisateurId=10, membreId=nul (truncated)...]
2026-04-10T10:28:12.796+02:00 DEBUG 31076 --- [nio-8081-exec-8] o.s.web.servlet.DispatcherServlet        : Completed 200 OK
2026-04-10T10:28:12.810+02:00 DEBUG 31076 --- [io-8081-exec-10] o.s.security.web.FilterChainProxy        : Securing POST /api/utilisateurs/login
2026-04-10T10:28:12.810+02:00 DEBUG 31076 --- [io-8081-exec-10] club.taekwondo.config.JwtAuthFilter      : [SEC] Endpoint public ignoré: /api/utilisateurs/login
2026-04-10T10:28:12.811+02:00 DEBUG 31076 --- [io-8081-exec-10] o.s.s.w.a.AnonymousAuthenticationFilter  : Set SecurityContextHolder to anonymous SecurityContext
2026-04-10T10:28:12.811+02:00 DEBUG 31076 --- [io-8081-exec-10] o.s.security.web.FilterChainProxy        : Secured POST /api/utilisateurs/login
2026-04-10T10:28:12.811+02:00 DEBUG 31076 --- [io-8081-exec-10] club.taekwondo.config.JwtAuthFilter      : [SEC] Endpoint public ignoré: /api/utilisateurs/login
2026-04-10T10:28:12.811+02:00 DEBUG 31076 --- [io-8081-exec-10] o.s.web.servlet.DispatcherServlet        : POST "/api/utilisateurs/login", parameters={}
2026-04-10T10:28:12.811+02:00 DEBUG 31076 --- [io-8081-exec-10] s.w.s.m.m.a.RequestMappingHandlerMapping : Mapped to club.taekwondo.controller.jpa.UtilisateurController#login(LoginDTO)
2026-04-10T10:28:12.812+02:00 DEBUG 31076 --- [io-8081-exec-10] m.m.a.RequestResponseBodyMethodProcessor : Read "application/json;charset=UTF-8" to [club.taekwondo.dto.LoginDTO@745df2c3]
[2026-04-10T10:28:12.812538700+02:00][USR][LOGIN] ? payload re�u
[2026-04-10T10:28:12.812538700+02:00][USR-SVC][login] email=alizee.gueye@gmail.com -> normalized=alizee.gueye@gmail.com, password=***(8 chars)
2026-04-10T10:28:12.814+02:00 DEBUG 31076 --- [io-8081-exec-10] org.hibernate.SQL                        : select u1_0.id,u1_0.adresse,u1_0.club_id,u1_0.date_naissance,u1_0.email,u1_0.nom,u1_0.password,u1_0.password_temporaire,u1_0.password_updated_at,u1_0.prenom,u1_0.role,u1_0.telephone from utilisateur u1_0 where upper(u1_0.email)=upper(?)
Hibernate: select u1_0.id,u1_0.adresse,u1_0.club_id,u1_0.date_naissance,u1_0.email,u1_0.nom,u1_0.password,u1_0.password_temporaire,u1_0.password_updated_at,u1_0.prenom,u1_0.role,u1_0.telephone from utilisateur u1_0 where upper(u1_0.email)=upper(?)
2026-04-10T10:28:12.815+02:00 DEBUG 31076 --- [io-8081-exec-10] org.hibernate.SQL                        : select c1_0.id,c1_0.adresse,c1_0.email,c1_0.logo,c1_0.name,c1_0.telephone from clubs c1_0 where c1_0.id=?
Hibernate: select c1_0.id,c1_0.adresse,c1_0.email,c1_0.logo,c1_0.name,c1_0.telephone from clubs c1_0 where c1_0.id=?
2026-04-10T10:28:12.815+02:00 DEBUG 31076 --- [io-8081-exec-10] org.hibernate.SQL                        : select m1_0.id,m1_0.ceinture,m1_0.club_id,cu1_0.id,cu1_0.adresse,c2_0.id,c2_0.adresse,c2_0.email,c2_0.logo,c2_0.name,c2_0.telephone,cu1_0.date_naissance,cu1_0.email,cu1_0.nom,cu1_0.password,cu1_0.password_temporaire,cu1_0.password_updated_at,cu1_0.prenom,cu1_0.role,cu1_0.telephone,m1_0.date_naissance,m1_0.est_adulte,m1_0.nom,m1_0.numero_licence,m1_0.parent_id,m1_0.prenom from membre m1_0 left join utilisateur cu1_0 on cu1_0.id=m1_0.compte_utilisateur_id left join clubs c2_0 on c2_0.id=cu1_0.club_id where m1_0.compte_utilisateur_id=?
Hibernate: select m1_0.id,m1_0.ceinture,m1_0.club_id,cu1_0.id,cu1_0.adresse,c2_0.id,c2_0.adresse,c2_0.email,c2_0.logo,c2_0.name,c2_0.telephone,cu1_0.date_naissance,cu1_0.email,cu1_0.nom,cu1_0.password,cu1_0.password_temporaire,cu1_0.password_updated_at,cu1_0.prenom,cu1_0.role,cu1_0.telephone,m1_0.date_naissance,m1_0.est_adulte,m1_0.nom,m1_0.numero_licence,m1_0.parent_id,m1_0.prenom from membre m1_0 left join utilisateur cu1_0 on cu1_0.id=m1_0.compte_utilisateur_id left join clubs c2_0 on c2_0.id=cu1_0.club_id where m1_0.compte_utilisateur_id=?
[2026-04-10T10:28:12.882075+02:00][USR-SVC][login] password matches? true for userId=9
[2026-04-10T10:28:12.882603300+02:00][USR-SVC][convertToDTO] in: Entity[id=9, nom=Gueye, prenom=Alizee, email=alizee.gueye@gmail.com, tel=0682192787, adr='29b rue du professeur roux, 42800 Rive De Gier, France', dateN=1991-07-03, role=MEMBRE]
[2026-04-10T10:28:12.882603300+02:00][USR-SVC][convertToDTO] out: DTO[id=9, nom=Gueye, prenom=Alizee, email=alizee.gueye@gmail.com, tel=0682192787, adr='29b rue du professeur roux, 42800 Rive De Gier, France', dateN=1991-07-03, role=MEMBRE, pwd=null]
[2026-04-10T10:28:12.883113100+02:00][USR-SVC][login] success? true
2026-04-10T10:28:12.884+02:00 DEBUG 31076 --- [io-8081-exec-10] org.hibernate.SQL                        : select m1_0.id,m1_0.ceinture,m1_0.club_id,m1_0.compte_utilisateur_id,m1_0.date_naissance,m1_0.est_adulte,m1_0.nom,m1_0.numero_licence,m1_0.parent_id,m1_0.prenom from membre m1_0 where m1_0.compte_utilisateur_id=?
Hibernate: select m1_0.id,m1_0.ceinture,m1_0.club_id,m1_0.compte_utilisateur_id,m1_0.date_naissance,m1_0.est_adulte,m1_0.nom,m1_0.numero_licence,m1_0.parent_id,m1_0.prenom from membre m1_0 where m1_0.compte_utilisateur_id=?
[2026-04-10T10:28:12.884718500+02:00][USR-SVC][getUtilisateurEntityById] id=9
[2026-04-10T10:28:12.885254800+02:00][USR-SVC][getUtilisateurEntityById] present? true
2026-04-10T10:28:12.886+02:00 DEBUG 31076 --- [io-8081-exec-10] o.s.w.s.m.m.a.HttpEntityMethodProcessor  : Using 'application/json', given [*/*] and supported [application/json, application/*+json]
2026-04-10T10:28:12.886+02:00 DEBUG 31076 --- [io-8081-exec-10] o.s.w.s.m.m.a.HttpEntityMethodProcessor  : Writing [{role=MEMBRE, utilisateur=club.taekwondo.dto.UtilisateurDTO@61cd9af0, utilisateurId=9, membreId=5, e (truncated)...]
2026-04-10T10:28:12.887+02:00 DEBUG 31076 --- [io-8081-exec-10] o.s.web.servlet.DispatcherServlet        : Completed 200 OK
2026-04-10T10:28:12.907+02:00 DEBUG 31076 --- [nio-8081-exec-1] o.s.security.web.FilterChainProxy        : Securing GET /api/membres/mes-enfants
2026-04-10T10:28:12.907+02:00 DEBUG 31076 --- [nio-8081-exec-1] club.taekwondo.config.JwtAuthFilter      : [SEC] GET /api/membres/mes-enfants
2026-04-10T10:28:12.907+02:00 DEBUG 31076 --- [nio-8081-exec-1] club.taekwondo.config.JwtAuthFilter      : [SEC] Header Authorization: Bearer eyJhbGciOiJIUzI1NiJ9.eyJzdWIiOiJhZ3VleWUxNDAzQGdtYWlsLmNvbSIsInJvbGUiOiJQQVJFTlQiLCJ1dGlsaXNhdGV1cklkIjoxMCwiaWF0IjoxNzc1ODA5NjkyLCJleHAiOjE3NzU4OTYwOTJ9.RTjirMYp82-Pi1HKaM5vy597Jy-Gc3bywrv5C0_QUCM
2026-04-10T10:28:12.907+02:00 DEBUG 31076 --- [nio-8081-exec-1] club.taekwondo.config.JwtAuthFilter      : [SEC] Bearer présent (len=197)
2026-04-10T10:28:12.909+02:00 DEBUG 31076 --- [nio-8081-exec-1] club.taekwondo.config.JwtAuthFilter      : [SEC] email extrait du JWT = agueye1403@gmail.com
2026-04-10T10:28:12.909+02:00 DEBUG 31076 --- [nio-8081-exec-1] club.taekwondo.config.JwtAuthFilter      : [SEC] rôle extrait du JWT = PARENT
[2026-04-10T10:28:12.911389400+02:00][USR-SVC][getUtilisateurEntityByEmail] in email=agueye1403@gmail.com -> normalized=agueye1403@gmail.com
2026-04-10T10:28:12.912+02:00 DEBUG 31076 --- [nio-8081-exec-1] org.hibernate.SQL                        : select u1_0.id,u1_0.adresse,u1_0.club_id,u1_0.date_naissance,u1_0.email,u1_0.nom,u1_0.password,u1_0.password_temporaire,u1_0.password_updated_at,u1_0.prenom,u1_0.role,u1_0.telephone from utilisateur u1_0 where upper(u1_0.email)=upper(?)
Hibernate: select u1_0.id,u1_0.adresse,u1_0.club_id,u1_0.date_naissance,u1_0.email,u1_0.nom,u1_0.password,u1_0.password_temporaire,u1_0.password_updated_at,u1_0.prenom,u1_0.role,u1_0.telephone from utilisateur u1_0 where upper(u1_0.email)=upper(?)
2026-04-10T10:28:12.912+02:00 DEBUG 31076 --- [nio-8081-exec-1] org.hibernate.SQL                        : select c1_0.id,c1_0.adresse,c1_0.email,c1_0.logo,c1_0.name,c1_0.telephone from clubs c1_0 where c1_0.id=?
Hibernate: select c1_0.id,c1_0.adresse,c1_0.email,c1_0.logo,c1_0.name,c1_0.telephone from clubs c1_0 where c1_0.id=?
2026-04-10T10:28:12.914+02:00 DEBUG 31076 --- [nio-8081-exec-1] org.hibernate.SQL                        : select m1_0.id,m1_0.ceinture,m1_0.club_id,cu1_0.id,cu1_0.adresse,c2_0.id,c2_0.adresse,c2_0.email,c2_0.logo,c2_0.name,c2_0.telephone,cu1_0.date_naissance,cu1_0.email,cu1_0.nom,cu1_0.password,cu1_0.password_temporaire,cu1_0.password_updated_at,cu1_0.prenom,cu1_0.role,cu1_0.telephone,m1_0.date_naissance,m1_0.est_adulte,m1_0.nom,m1_0.numero_licence,m1_0.parent_id,m1_0.prenom from membre m1_0 left join utilisateur cu1_0 on cu1_0.id=m1_0.compte_utilisateur_id left join clubs c2_0 on c2_0.id=cu1_0.club_id where m1_0.compte_utilisateur_id=?
Hibernate: select m1_0.id,m1_0.ceinture,m1_0.club_id,cu1_0.id,cu1_0.adresse,c2_0.id,c2_0.adresse,c2_0.email,c2_0.logo,c2_0.name,c2_0.telephone,cu1_0.date_naissance,cu1_0.email,cu1_0.nom,cu1_0.password,cu1_0.password_temporaire,cu1_0.password_updated_at,cu1_0.prenom,cu1_0.role,cu1_0.telephone,m1_0.date_naissance,m1_0.est_adulte,m1_0.nom,m1_0.numero_licence,m1_0.parent_id,m1_0.prenom from membre m1_0 left join utilisateur cu1_0 on cu1_0.id=m1_0.compte_utilisateur_id left join clubs c2_0 on c2_0.id=cu1_0.club_id where m1_0.compte_utilisateur_id=?
[2026-04-10T10:28:12.915502300+02:00][USR-SVC][getUtilisateurEntityByEmail] present? true
2026-04-10T10:28:12.915+02:00 DEBUG 31076 --- [nio-8081-exec-1] club.taekwondo.config.JwtAuthFilter      : [SEC] Utilisateur trouvé: ali Gueye
2026-04-10T10:28:12.915+02:00 DEBUG 31076 --- [nio-8081-exec-1] club.taekwondo.config.JwtAuthFilter      : [SEC] rôle BDD normalisé = PARENT
2026-04-10T10:28:12.916+02:00 DEBUG 31076 --- [nio-8081-exec-1] club.taekwondo.config.JwtAuthFilter      : [SEC] Auth OK: user=agueye1403@gmail.com authorities=[ROLE_PARENT]
2026-04-10T10:28:12.916+02:00 DEBUG 31076 --- [nio-8081-exec-1] o.s.security.web.FilterChainProxy        : Secured GET /api/membres/mes-enfants
2026-04-10T10:28:12.916+02:00 DEBUG 31076 --- [nio-8081-exec-1] o.s.web.servlet.DispatcherServlet        : GET "/api/membres/mes-enfants", parameters={}
2026-04-10T10:28:12.916+02:00 DEBUG 31076 --- [nio-8081-exec-1] s.w.s.m.m.a.RequestMappingHandlerMapping : Mapped to club.taekwondo.controller.jpa.MembreController#getMembresDuParentConnecte(Authentication)
2026-04-10T10:28:12.918+02:00 DEBUG 31076 --- [nio-8081-exec-1] org.hibernate.SQL                        : select u1_0.id,u1_0.adresse,u1_0.club_id,u1_0.date_naissance,u1_0.email,u1_0.nom,u1_0.password,u1_0.password_temporaire,u1_0.password_updated_at,u1_0.prenom,u1_0.role,u1_0.telephone from utilisateur u1_0 where upper(u1_0.email)=upper(?)
Hibernate: select u1_0.id,u1_0.adresse,u1_0.club_id,u1_0.date_naissance,u1_0.email,u1_0.nom,u1_0.password,u1_0.password_temporaire,u1_0.password_updated_at,u1_0.prenom,u1_0.role,u1_0.telephone from utilisateur u1_0 where upper(u1_0.email)=upper(?)
2026-04-10T10:28:12.919+02:00 DEBUG 31076 --- [nio-8081-exec-1] org.hibernate.SQL                        : select c1_0.id,c1_0.adresse,c1_0.email,c1_0.logo,c1_0.name,c1_0.telephone from clubs c1_0 where c1_0.id=?
Hibernate: select c1_0.id,c1_0.adresse,c1_0.email,c1_0.logo,c1_0.name,c1_0.telephone from clubs c1_0 where c1_0.id=?
2026-04-10T10:28:12.919+02:00 DEBUG 31076 --- [nio-8081-exec-1] org.hibernate.SQL                        : select m1_0.id,m1_0.ceinture,m1_0.club_id,cu1_0.id,cu1_0.adresse,c2_0.id,c2_0.adresse,c2_0.email,c2_0.logo,c2_0.name,c2_0.telephone,cu1_0.date_naissance,cu1_0.email,cu1_0.nom,cu1_0.password,cu1_0.password_temporaire,cu1_0.password_updated_at,cu1_0.prenom,cu1_0.role,cu1_0.telephone,m1_0.date_naissance,m1_0.est_adulte,m1_0.nom,m1_0.numero_licence,m1_0.parent_id,m1_0.prenom from membre m1_0 left join utilisateur cu1_0 on cu1_0.id=m1_0.compte_utilisateur_id left join clubs c2_0 on c2_0.id=cu1_0.club_id where m1_0.compte_utilisateur_id=?
Hibernate: select m1_0.id,m1_0.ceinture,m1_0.club_id,cu1_0.id,cu1_0.adresse,c2_0.id,c2_0.adresse,c2_0.email,c2_0.logo,c2_0.name,c2_0.telephone,cu1_0.date_naissance,cu1_0.email,cu1_0.nom,cu1_0.password,cu1_0.password_temporaire,cu1_0.password_updated_at,cu1_0.prenom,cu1_0.role,cu1_0.telephone,m1_0.date_naissance,m1_0.est_adulte,m1_0.nom,m1_0.numero_licence,m1_0.parent_id,m1_0.prenom from membre m1_0 left join utilisateur cu1_0 on cu1_0.id=m1_0.compte_utilisateur_id left join clubs c2_0 on c2_0.id=cu1_0.club_id where m1_0.compte_utilisateur_id=?
2026-04-10T10:28:12.922+02:00 DEBUG 31076 --- [nio-8081-exec-1] org.hibernate.SQL                        : select m1_0.id,m1_0.ceinture,m1_0.club_id,m1_0.compte_utilisateur_id,m1_0.date_naissance,m1_0.est_adulte,m1_0.nom,m1_0.numero_licence,m1_0.parent_id,m1_0.prenom from membre m1_0 where m1_0.parent_id=?
Hibernate: select m1_0.id,m1_0.ceinture,m1_0.club_id,m1_0.compte_utilisateur_id,m1_0.date_naissance,m1_0.est_adulte,m1_0.nom,m1_0.numero_licence,m1_0.parent_id,m1_0.prenom from membre m1_0 where m1_0.parent_id=?
2026-04-10T10:28:12.923+02:00 DEBUG 31076 --- [nio-8081-exec-1] o.s.w.s.m.m.a.HttpEntityMethodProcessor  : Using 'application/json', given [*/*] and supported [application/json, application/*+json]
2026-04-10T10:28:12.924+02:00 DEBUG 31076 --- [nio-8081-exec-1] o.s.w.s.m.m.a.HttpEntityMethodProcessor  : Writing [[club.taekwondo.dto.MembreDTO@5e735ad7, club.taekwondo.dto.MembreDTO@66a0ba68]]
2026-04-10T10:28:12.924+02:00 DEBUG 31076 --- [nio-8081-exec-1] o.s.web.servlet.DispatcherServlet        : Completed 200 OK
2026-04-10T10:28:12.950+02:00 DEBUG 31076 --- [nio-8081-exec-2] o.s.security.web.FilterChainProxy        : Securing GET /api/paiements/membre/mes-paiements
2026-04-10T10:28:12.950+02:00 DEBUG 31076 --- [nio-8081-exec-2] club.taekwondo.config.JwtAuthFilter      : [SEC] GET /api/paiements/membre/mes-paiements
2026-04-10T10:28:12.950+02:00 DEBUG 31076 --- [nio-8081-exec-2] club.taekwondo.config.JwtAuthFilter      : [SEC] Header Authorization: Bearer eyJhbGciOiJIUzI1NiJ9.eyJzdWIiOiJhbGl6ZWUuZ3VleWVAZ21haWwuY29tIiwicm9sZSI6Ik1FTUJSRSIsInV0aWxpc2F0ZXVySWQiOjksIm1lbWJyZUlkIjo1LCJpYXQiOjE3NzU4MDk2OTIsImV4cCI6MTc3NTg5NjA5Mn0.6I4E-qmR-zH5BFR5M7B4l9yTupJECMt2kMDrHS2IkUc
2026-04-10T10:28:12.951+02:00 DEBUG 31076 --- [nio-8081-exec-2] club.taekwondo.config.JwtAuthFilter      : [SEC] Bearer présent (len=216)
2026-04-10T10:28:12.953+02:00 DEBUG 31076 --- [nio-8081-exec-2] club.taekwondo.config.JwtAuthFilter      : [SEC] email extrait du JWT = alizee.gueye@gmail.com
2026-04-10T10:28:12.953+02:00 DEBUG 31076 --- [nio-8081-exec-2] club.taekwondo.config.JwtAuthFilter      : [SEC] rôle extrait du JWT = MEMBRE
[2026-04-10T10:28:12.955222900+02:00][USR-SVC][getUtilisateurEntityByEmail] in email=alizee.gueye@gmail.com -> normalized=alizee.gueye@gmail.com
2026-04-10T10:28:12.956+02:00 DEBUG 31076 --- [nio-8081-exec-2] org.hibernate.SQL                        : select u1_0.id,u1_0.adresse,u1_0.club_id,u1_0.date_naissance,u1_0.email,u1_0.nom,u1_0.password,u1_0.password_temporaire,u1_0.password_updated_at,u1_0.prenom,u1_0.role,u1_0.telephone from utilisateur u1_0 where upper(u1_0.email)=upper(?)
Hibernate: select u1_0.id,u1_0.adresse,u1_0.club_id,u1_0.date_naissance,u1_0.email,u1_0.nom,u1_0.password,u1_0.password_temporaire,u1_0.password_updated_at,u1_0.prenom,u1_0.role,u1_0.telephone from utilisateur u1_0 where upper(u1_0.email)=upper(?)
2026-04-10T10:28:12.957+02:00 DEBUG 31076 --- [nio-8081-exec-2] org.hibernate.SQL                        : select c1_0.id,c1_0.adresse,c1_0.email,c1_0.logo,c1_0.name,c1_0.telephone from clubs c1_0 where c1_0.id=?
Hibernate: select c1_0.id,c1_0.adresse,c1_0.email,c1_0.logo,c1_0.name,c1_0.telephone from clubs c1_0 where c1_0.id=?
2026-04-10T10:28:12.957+02:00 DEBUG 31076 --- [nio-8081-exec-2] org.hibernate.SQL                        : select m1_0.id,m1_0.ceinture,m1_0.club_id,cu1_0.id,cu1_0.adresse,c2_0.id,c2_0.adresse,c2_0.email,c2_0.logo,c2_0.name,c2_0.telephone,cu1_0.date_naissance,cu1_0.email,cu1_0.nom,cu1_0.password,cu1_0.password_temporaire,cu1_0.password_updated_at,cu1_0.prenom,cu1_0.role,cu1_0.telephone,m1_0.date_naissance,m1_0.est_adulte,m1_0.nom,m1_0.numero_licence,m1_0.parent_id,m1_0.prenom from membre m1_0 left join utilisateur cu1_0 on cu1_0.id=m1_0.compte_utilisateur_id left join clubs c2_0 on c2_0.id=cu1_0.club_id where m1_0.compte_utilisateur_id=?
Hibernate: select m1_0.id,m1_0.ceinture,m1_0.club_id,cu1_0.id,cu1_0.adresse,c2_0.id,c2_0.adresse,c2_0.email,c2_0.logo,c2_0.name,c2_0.telephone,cu1_0.date_naissance,cu1_0.email,cu1_0.nom,cu1_0.password,cu1_0.password_temporaire,cu1_0.password_updated_at,cu1_0.prenom,cu1_0.role,cu1_0.telephone,m1_0.date_naissance,m1_0.est_adulte,m1_0.nom,m1_0.numero_licence,m1_0.parent_id,m1_0.prenom from membre m1_0 left join utilisateur cu1_0 on cu1_0.id=m1_0.compte_utilisateur_id left join clubs c2_0 on c2_0.id=cu1_0.club_id where m1_0.compte_utilisateur_id=?
[2026-04-10T10:28:12.958890400+02:00][USR-SVC][getUtilisateurEntityByEmail] present? true
2026-04-10T10:28:12.958+02:00 DEBUG 31076 --- [nio-8081-exec-2] club.taekwondo.config.JwtAuthFilter      : [SEC] Utilisateur trouvé: Alizee Gueye
2026-04-10T10:28:12.959+02:00 DEBUG 31076 --- [nio-8081-exec-2] club.taekwondo.config.JwtAuthFilter      : [SEC] rôle BDD normalisé = MEMBRE
2026-04-10T10:28:12.959+02:00 DEBUG 31076 --- [nio-8081-exec-2] club.taekwondo.config.JwtAuthFilter      : [SEC] Auth OK: user=alizee.gueye@gmail.com authorities=[ROLE_MEMBRE]
2026-04-10T10:28:12.959+02:00 DEBUG 31076 --- [nio-8081-exec-2] o.s.security.web.FilterChainProxy        : Secured GET /api/paiements/membre/mes-paiements
2026-04-10T10:28:12.959+02:00 DEBUG 31076 --- [nio-8081-exec-2] o.s.web.servlet.DispatcherServlet        : GET "/api/paiements/membre/mes-paiements", parameters={}
2026-04-10T10:28:12.960+02:00 DEBUG 31076 --- [nio-8081-exec-2] s.w.s.m.m.a.RequestMappingHandlerMapping : Mapped to club.taekwondo.controller.jpa.PaiementController#getPaiementsPourMembreConnecte(String)
2026-04-10T10:28:12.961+02:00 DEBUG 31076 --- [nio-8081-exec-2] horizationManagerBeforeMethodInterceptor : Authorizing method invocation ReflectiveMethodInvocation: public org.springframework.http.ResponseEntity club.taekwondo.controller.jpa.PaiementController.getPaiementsPourMembreConnecte(java.lang.String); target is of class [club.taekwondo.controller.jpa.PaiementController]
2026-04-10T10:28:12.962+02:00 DEBUG 31076 --- [nio-8081-exec-2] horizationManagerBeforeMethodInterceptor : Authorized method invocation ReflectiveMethodInvocation: public org.springframework.http.ResponseEntity club.taekwondo.controller.jpa.PaiementController.getPaiementsPourMembreConnecte(java.lang.String); target is of class [club.taekwondo.controller.jpa.PaiementController]
[2026-04-10T10:28:12.963640800+02:00][USR-SVC][findByEmail] in email=alizee.gueye@gmail.com -> normalized=alizee.gueye@gmail.com
2026-04-10T10:28:12.965+02:00 DEBUG 31076 --- [nio-8081-exec-2] org.hibernate.SQL                        : select u1_0.id,u1_0.adresse,u1_0.club_id,u1_0.date_naissance,u1_0.email,u1_0.nom,u1_0.password,u1_0.password_temporaire,u1_0.password_updated_at,u1_0.prenom,u1_0.role,u1_0.telephone from utilisateur u1_0 where upper(u1_0.email)=upper(?)
Hibernate: select u1_0.id,u1_0.adresse,u1_0.club_id,u1_0.date_naissance,u1_0.email,u1_0.nom,u1_0.password,u1_0.password_temporaire,u1_0.password_updated_at,u1_0.prenom,u1_0.role,u1_0.telephone from utilisateur u1_0 where upper(u1_0.email)=upper(?)
2026-04-10T10:28:12.966+02:00 DEBUG 31076 --- [nio-8081-exec-2] org.hibernate.SQL                        : select c1_0.id,c1_0.adresse,c1_0.email,c1_0.logo,c1_0.name,c1_0.telephone from clubs c1_0 where c1_0.id=?
Hibernate: select c1_0.id,c1_0.adresse,c1_0.email,c1_0.logo,c1_0.name,c1_0.telephone from clubs c1_0 where c1_0.id=?
2026-04-10T10:28:12.967+02:00 DEBUG 31076 --- [nio-8081-exec-2] org.hibernate.SQL                        : select m1_0.id,m1_0.ceinture,m1_0.club_id,cu1_0.id,cu1_0.adresse,c2_0.id,c2_0.adresse,c2_0.email,c2_0.logo,c2_0.name,c2_0.telephone,cu1_0.date_naissance,cu1_0.email,cu1_0.nom,cu1_0.password,cu1_0.password_temporaire,cu1_0.password_updated_at,cu1_0.prenom,cu1_0.role,cu1_0.telephone,m1_0.date_naissance,m1_0.est_adulte,m1_0.nom,m1_0.numero_licence,m1_0.parent_id,m1_0.prenom from membre m1_0 left join utilisateur cu1_0 on cu1_0.id=m1_0.compte_utilisateur_id left join clubs c2_0 on c2_0.id=cu1_0.club_id where m1_0.compte_utilisateur_id=?
Hibernate: select m1_0.id,m1_0.ceinture,m1_0.club_id,cu1_0.id,cu1_0.adresse,c2_0.id,c2_0.adresse,c2_0.email,c2_0.logo,c2_0.name,c2_0.telephone,cu1_0.date_naissance,cu1_0.email,cu1_0.nom,cu1_0.password,cu1_0.password_temporaire,cu1_0.password_updated_at,cu1_0.prenom,cu1_0.role,cu1_0.telephone,m1_0.date_naissance,m1_0.est_adulte,m1_0.nom,m1_0.numero_licence,m1_0.parent_id,m1_0.prenom from membre m1_0 left join utilisateur cu1_0 on cu1_0.id=m1_0.compte_utilisateur_id left join clubs c2_0 on c2_0.id=cu1_0.club_id where m1_0.compte_utilisateur_id=?
[2026-04-10T10:28:12.968384200+02:00][USR-SVC][findByEmail] present? true
2026-04-10T10:28:12.969+02:00 DEBUG 31076 --- [nio-8081-exec-2] org.hibernate.SQL                        : select m1_0.id,m1_0.ceinture,m1_0.club_id,m1_0.compte_utilisateur_id,m1_0.date_naissance,m1_0.est_adulte,m1_0.nom,m1_0.numero_licence,m1_0.parent_id,m1_0.prenom from membre m1_0 where m1_0.compte_utilisateur_id=?
Hibernate: select m1_0.id,m1_0.ceinture,m1_0.club_id,m1_0.compte_utilisateur_id,m1_0.date_naissance,m1_0.est_adulte,m1_0.nom,m1_0.numero_licence,m1_0.parent_id,m1_0.prenom from membre m1_0 where m1_0.compte_utilisateur_id=?
2026-04-10T10:28:12.972+02:00 DEBUG 31076 --- [nio-8081-exec-2] org.hibernate.SQL                        : select p1_0.id,p1_0.admin_responsable,p1_0.charge_id,p1_0.club_id,p1_0.commande_id,p1_0.date_annulation,p1_0.date_paiement,p1_0.echeances_restantes,p1_0.echeances_totales,p1_0.membre_id,p1_0.mode_paiement,p1_0.montant_paye,p1_0.montant_restant,p1_0.montant_total,p1_0.motif_annulation,p1_0.payment_intent_id,p1_0.receipt_url,p1_0.statut,p1_0.stripe_status,p1_0.type,p1_0.utilisateur_id from paiement p1_0
Hibernate: select p1_0.id,p1_0.admin_responsable,p1_0.charge_id,p1_0.club_id,p1_0.commande_id,p1_0.date_annulation,p1_0.date_paiement,p1_0.echeances_restantes,p1_0.echeances_totales,p1_0.membre_id,p1_0.mode_paiement,p1_0.montant_paye,p1_0.montant_restant,p1_0.montant_total,p1_0.motif_annulation,p1_0.payment_intent_id,p1_0.receipt_url,p1_0.statut,p1_0.stripe_status,p1_0.type,p1_0.utilisateur_id from paiement p1_0
2026-04-10T10:28:12.980+02:00 DEBUG 31076 --- [nio-8081-exec-2] org.hibernate.SQL                        : select e1_0.paiement_id,e1_0.id,e1_0.date_echeance,e1_0.date_paiement_reel,e1_0.mode_paiement,e1_0.montant,e1_0.numero,e1_0.reference,e1_0.statut from echeance e1_0 where e1_0.paiement_id=? order by e1_0.numero,e1_0.date_echeance
Hibernate: select e1_0.paiement_id,e1_0.id,e1_0.date_echeance,e1_0.date_paiement_reel,e1_0.mode_paiement,e1_0.montant,e1_0.numero,e1_0.reference,e1_0.statut from echeance e1_0 where e1_0.paiement_id=? order by e1_0.numero,e1_0.date_echeance
2026-04-10T10:28:12.985+02:00 DEBUG 31076 --- [nio-8081-exec-2] org.hibernate.SQL                        : select e1_0.paiement_id,e1_0.id,e1_0.date_echeance,e1_0.date_paiement_reel,e1_0.mode_paiement,e1_0.montant,e1_0.numero,e1_0.reference,e1_0.statut from echeance e1_0 where e1_0.paiement_id=? order by e1_0.numero,e1_0.date_echeance
Hibernate: select e1_0.paiement_id,e1_0.id,e1_0.date_echeance,e1_0.date_paiement_reel,e1_0.mode_paiement,e1_0.montant,e1_0.numero,e1_0.reference,e1_0.statut from echeance e1_0 where e1_0.paiement_id=? order by e1_0.numero,e1_0.date_echeance
2026-04-10T10:28:12.988+02:00 DEBUG 31076 --- [nio-8081-exec-2] org.hibernate.SQL                        : select p1_0.id,p1_0.admin_responsable,p1_0.charge_id,p1_0.club_id,p1_0.commande_id,p1_0.date_annulation,p1_0.date_paiement,p1_0.echeances_restantes,p1_0.echeances_totales,p1_0.membre_id,p1_0.mode_paiement,p1_0.montant_paye,p1_0.montant_restant,p1_0.montant_total,p1_0.motif_annulation,p1_0.payment_intent_id,p1_0.receipt_url,p1_0.statut,p1_0.stripe_status,p1_0.type,p1_0.utilisateur_id from paiement p1_0 where p1_0.utilisateur_id=?
Hibernate: select p1_0.id,p1_0.admin_responsable,p1_0.charge_id,p1_0.club_id,p1_0.commande_id,p1_0.date_annulation,p1_0.date_paiement,p1_0.echeances_restantes,p1_0.echeances_totales,p1_0.membre_id,p1_0.mode_paiement,p1_0.montant_paye,p1_0.montant_restant,p1_0.montant_total,p1_0.motif_annulation,p1_0.payment_intent_id,p1_0.receipt_url,p1_0.statut,p1_0.stripe_status,p1_0.type,p1_0.utilisateur_id from paiement p1_0 where p1_0.utilisateur_id=?
2026-04-10T10:28:12.990+02:00  INFO 31076 --- [nio-8081-exec-2] c.t.controller.jpa.PaiementController    : [MEMBRE] mes-paiements membreId=5 (userId=9) → 2 paiements (2 par membre, 2 par user)
2026-04-10T10:28:12.991+02:00 DEBUG 31076 --- [nio-8081-exec-2] o.s.w.s.m.m.a.HttpEntityMethodProcessor  : Using 'application/json', given [*/*] and supported [application/json, application/*+json]
2026-04-10T10:28:12.991+02:00 DEBUG 31076 --- [nio-8081-exec-2] o.s.w.s.m.m.a.HttpEntityMethodProcessor  : Writing [[club.taekwondo.dto.PaiementDTO@2d7b1bce, club.taekwondo.dto.PaiementDTO@34e7de3d]]
2026-04-10T10:28:12.999+02:00 DEBUG 31076 --- [nio-8081-exec-2] o.s.web.servlet.DispatcherServlet        : Completed 200 OK
2026-04-10T10:28:13.016+02:00 DEBUG 31076 --- [nio-8081-exec-5] o.s.security.web.FilterChainProxy        : Securing GET /api/paiements/parent/mes-paiements
2026-04-10T10:28:13.017+02:00 DEBUG 31076 --- [nio-8081-exec-5] club.taekwondo.config.JwtAuthFilter      : [SEC] GET /api/paiements/parent/mes-paiements
2026-04-10T10:28:13.017+02:00 DEBUG 31076 --- [nio-8081-exec-5] club.taekwondo.config.JwtAuthFilter      : [SEC] Header Authorization: Bearer eyJhbGciOiJIUzI1NiJ9.eyJzdWIiOiJhZ3VleWUxNDAzQGdtYWlsLmNvbSIsInJvbGUiOiJQQVJFTlQiLCJ1dGlsaXNhdGV1cklkIjoxMCwiaWF0IjoxNzc1ODA5NjkyLCJleHAiOjE3NzU4OTYwOTJ9.RTjirMYp82-Pi1HKaM5vy597Jy-Gc3bywrv5C0_QUCM
2026-04-10T10:28:13.017+02:00 DEBUG 31076 --- [nio-8081-exec-5] club.taekwondo.config.JwtAuthFilter      : [SEC] Bearer présent (len=197)
2026-04-10T10:28:13.019+02:00 DEBUG 31076 --- [nio-8081-exec-5] club.taekwondo.config.JwtAuthFilter      : [SEC] email extrait du JWT = agueye1403@gmail.com
2026-04-10T10:28:13.019+02:00 DEBUG 31076 --- [nio-8081-exec-5] club.taekwondo.config.JwtAuthFilter      : [SEC] rôle extrait du JWT = PARENT
[2026-04-10T10:28:13.020779300+02:00][USR-SVC][getUtilisateurEntityByEmail] in email=agueye1403@gmail.com -> normalized=agueye1403@gmail.com
2026-04-10T10:28:13.022+02:00 DEBUG 31076 --- [nio-8081-exec-5] org.hibernate.SQL                        : select u1_0.id,u1_0.adresse,u1_0.club_id,u1_0.date_naissance,u1_0.email,u1_0.nom,u1_0.password,u1_0.password_temporaire,u1_0.password_updated_at,u1_0.prenom,u1_0.role,u1_0.telephone from utilisateur u1_0 where upper(u1_0.email)=upper(?)
Hibernate: select u1_0.id,u1_0.adresse,u1_0.club_id,u1_0.date_naissance,u1_0.email,u1_0.nom,u1_0.password,u1_0.password_temporaire,u1_0.password_updated_at,u1_0.prenom,u1_0.role,u1_0.telephone from utilisateur u1_0 where upper(u1_0.email)=upper(?)
2026-04-10T10:28:13.023+02:00 DEBUG 31076 --- [nio-8081-exec-5] org.hibernate.SQL                        : select c1_0.id,c1_0.adresse,c1_0.email,c1_0.logo,c1_0.name,c1_0.telephone from clubs c1_0 where c1_0.id=?
Hibernate: select c1_0.id,c1_0.adresse,c1_0.email,c1_0.logo,c1_0.name,c1_0.telephone from clubs c1_0 where c1_0.id=?
2026-04-10T10:28:13.024+02:00 DEBUG 31076 --- [nio-8081-exec-5] org.hibernate.SQL                        : select m1_0.id,m1_0.ceinture,m1_0.club_id,cu1_0.id,cu1_0.adresse,c2_0.id,c2_0.adresse,c2_0.email,c2_0.logo,c2_0.name,c2_0.telephone,cu1_0.date_naissance,cu1_0.email,cu1_0.nom,cu1_0.password,cu1_0.password_temporaire,cu1_0.password_updated_at,cu1_0.prenom,cu1_0.role,cu1_0.telephone,m1_0.date_naissance,m1_0.est_adulte,m1_0.nom,m1_0.numero_licence,m1_0.parent_id,m1_0.prenom from membre m1_0 left join utilisateur cu1_0 on cu1_0.id=m1_0.compte_utilisateur_id left join clubs c2_0 on c2_0.id=cu1_0.club_id where m1_0.compte_utilisateur_id=?
Hibernate: select m1_0.id,m1_0.ceinture,m1_0.club_id,cu1_0.id,cu1_0.adresse,c2_0.id,c2_0.adresse,c2_0.email,c2_0.logo,c2_0.name,c2_0.telephone,cu1_0.date_naissance,cu1_0.email,cu1_0.nom,cu1_0.password,cu1_0.password_temporaire,cu1_0.password_updated_at,cu1_0.prenom,cu1_0.role,cu1_0.telephone,m1_0.date_naissance,m1_0.est_adulte,m1_0.nom,m1_0.numero_licence,m1_0.parent_id,m1_0.prenom from membre m1_0 left join utilisateur cu1_0 on cu1_0.id=m1_0.compte_utilisateur_id left join clubs c2_0 on c2_0.id=cu1_0.club_id where m1_0.compte_utilisateur_id=?
[2026-04-10T10:28:13.024911200+02:00][USR-SVC][getUtilisateurEntityByEmail] present? true
2026-04-10T10:28:13.024+02:00 DEBUG 31076 --- [nio-8081-exec-5] club.taekwondo.config.JwtAuthFilter      : [SEC] Utilisateur trouvé: ali Gueye
2026-04-10T10:28:13.024+02:00 DEBUG 31076 --- [nio-8081-exec-5] club.taekwondo.config.JwtAuthFilter      : [SEC] rôle BDD normalisé = PARENT
2026-04-10T10:28:13.025+02:00 DEBUG 31076 --- [nio-8081-exec-5] club.taekwondo.config.JwtAuthFilter      : [SEC] Auth OK: user=agueye1403@gmail.com authorities=[ROLE_PARENT]
2026-04-10T10:28:13.025+02:00 DEBUG 31076 --- [nio-8081-exec-5] o.s.security.web.FilterChainProxy        : Secured GET /api/paiements/parent/mes-paiements
2026-04-10T10:28:13.025+02:00 DEBUG 31076 --- [nio-8081-exec-5] o.s.web.servlet.DispatcherServlet        : GET "/api/paiements/parent/mes-paiements", parameters={}
2026-04-10T10:28:13.026+02:00 DEBUG 31076 --- [nio-8081-exec-5] s.w.s.m.m.a.RequestMappingHandlerMapping : Mapped to club.taekwondo.controller.jpa.PaiementController#getPaiementsPourParentConnecte(String)
2026-04-10T10:28:13.026+02:00 DEBUG 31076 --- [nio-8081-exec-5] horizationManagerBeforeMethodInterceptor : Authorizing method invocation ReflectiveMethodInvocation: public org.springframework.http.ResponseEntity club.taekwondo.controller.jpa.PaiementController.getPaiementsPourParentConnecte(java.lang.String); target is of class [club.taekwondo.controller.jpa.PaiementController]
2026-04-10T10:28:13.027+02:00 DEBUG 31076 --- [nio-8081-exec-5] horizationManagerBeforeMethodInterceptor : Authorized method invocation ReflectiveMethodInvocation: public org.springframework.http.ResponseEntity club.taekwondo.controller.jpa.PaiementController.getPaiementsPourParentConnecte(java.lang.String); target is of class [club.taekwondo.controller.jpa.PaiementController]
[2026-04-10T10:28:13.028948500+02:00][USR-SVC][findByEmail] in email=agueye1403@gmail.com -> normalized=agueye1403@gmail.com
2026-04-10T10:28:13.030+02:00 DEBUG 31076 --- [nio-8081-exec-5] org.hibernate.SQL                        : select u1_0.id,u1_0.adresse,u1_0.club_id,u1_0.date_naissance,u1_0.email,u1_0.nom,u1_0.password,u1_0.password_temporaire,u1_0.password_updated_at,u1_0.prenom,u1_0.role,u1_0.telephone from utilisateur u1_0 where upper(u1_0.email)=upper(?)
Hibernate: select u1_0.id,u1_0.adresse,u1_0.club_id,u1_0.date_naissance,u1_0.email,u1_0.nom,u1_0.password,u1_0.password_temporaire,u1_0.password_updated_at,u1_0.prenom,u1_0.role,u1_0.telephone from utilisateur u1_0 where upper(u1_0.email)=upper(?)
2026-04-10T10:28:13.031+02:00 DEBUG 31076 --- [nio-8081-exec-5] org.hibernate.SQL                        : select c1_0.id,c1_0.adresse,c1_0.email,c1_0.logo,c1_0.name,c1_0.telephone from clubs c1_0 where c1_0.id=?
Hibernate: select c1_0.id,c1_0.adresse,c1_0.email,c1_0.logo,c1_0.name,c1_0.telephone from clubs c1_0 where c1_0.id=?
2026-04-10T10:28:13.032+02:00 DEBUG 31076 --- [nio-8081-exec-5] org.hibernate.SQL                        : select m1_0.id,m1_0.ceinture,m1_0.club_id,cu1_0.id,cu1_0.adresse,c2_0.id,c2_0.adresse,c2_0.email,c2_0.logo,c2_0.name,c2_0.telephone,cu1_0.date_naissance,cu1_0.email,cu1_0.nom,cu1_0.password,cu1_0.password_temporaire,cu1_0.password_updated_at,cu1_0.prenom,cu1_0.role,cu1_0.telephone,m1_0.date_naissance,m1_0.est_adulte,m1_0.nom,m1_0.numero_licence,m1_0.parent_id,m1_0.prenom from membre m1_0 left join utilisateur cu1_0 on cu1_0.id=m1_0.compte_utilisateur_id left join clubs c2_0 on c2_0.id=cu1_0.club_id where m1_0.compte_utilisateur_id=?
Hibernate: select m1_0.id,m1_0.ceinture,m1_0.club_id,cu1_0.id,cu1_0.adresse,c2_0.id,c2_0.adresse,c2_0.email,c2_0.logo,c2_0.name,c2_0.telephone,cu1_0.date_naissance,cu1_0.email,cu1_0.nom,cu1_0.password,cu1_0.password_temporaire,cu1_0.password_updated_at,cu1_0.prenom,cu1_0.role,cu1_0.telephone,m1_0.date_naissance,m1_0.est_adulte,m1_0.nom,m1_0.numero_licence,m1_0.parent_id,m1_0.prenom from membre m1_0 left join utilisateur cu1_0 on cu1_0.id=m1_0.compte_utilisateur_id left join clubs c2_0 on c2_0.id=cu1_0.club_id where m1_0.compte_utilisateur_id=?
[2026-04-10T10:28:13.033164800+02:00][USR-SVC][findByEmail] present? true
2026-04-10T10:28:13.034+02:00 DEBUG 31076 --- [nio-8081-exec-5] org.hibernate.SQL                        : select m1_0.id,m1_0.ceinture,m1_0.club_id,m1_0.compte_utilisateur_id,m1_0.date_naissance,m1_0.est_adulte,m1_0.nom,m1_0.numero_licence,m1_0.parent_id,m1_0.prenom from membre m1_0 where m1_0.parent_id=?
Hibernate: select m1_0.id,m1_0.ceinture,m1_0.club_id,m1_0.compte_utilisateur_id,m1_0.date_naissance,m1_0.est_adulte,m1_0.nom,m1_0.numero_licence,m1_0.parent_id,m1_0.prenom from membre m1_0 where m1_0.parent_id=?
2026-04-10T10:28:13.050+02:00 DEBUG 31076 --- [nio-8081-exec-5] org.hibernate.SQL                        : select p1_0.id,p1_0.admin_responsable,p1_0.charge_id,p1_0.club_id,p1_0.commande_id,p1_0.date_annulation,p1_0.date_paiement,e1_0.paiement_id,e1_0.id,e1_0.date_echeance,e1_0.date_paiement_reel,e1_0.mode_paiement,e1_0.montant,e1_0.numero,e1_0.reference,e1_0.statut,p1_0.echeances_restantes,p1_0.echeances_totales,p1_0.membre_id,p1_0.mode_paiement,p1_0.montant_paye,p1_0.montant_restant,p1_0.montant_total,p1_0.motif_annulation,p1_0.payment_intent_id,p1_0.receipt_url,p1_0.statut,p1_0.stripe_status,p1_0.type,p1_0.utilisateur_id from paiement p1_0 left join echeance e1_0 on p1_0.id=e1_0.paiement_id where p1_0.membre_id in (?,?) order by e1_0.numero,e1_0.date_echeance
Hibernate: select p1_0.id,p1_0.admin_responsable,p1_0.charge_id,p1_0.club_id,p1_0.commande_id,p1_0.date_annulation,p1_0.date_paiement,e1_0.paiement_id,e1_0.id,e1_0.date_echeance,e1_0.date_paiement_reel,e1_0.mode_paiement,e1_0.montant,e1_0.numero,e1_0.reference,e1_0.statut,p1_0.echeances_restantes,p1_0.echeances_totales,p1_0.membre_id,p1_0.mode_paiement,p1_0.montant_paye,p1_0.montant_restant,p1_0.montant_total,p1_0.motif_annulation,p1_0.payment_intent_id,p1_0.receipt_url,p1_0.statut,p1_0.stripe_status,p1_0.type,p1_0.utilisateur_id from paiement p1_0 left join echeance e1_0 on p1_0.id=e1_0.paiement_id where p1_0.membre_id in (?,?) order by e1_0.numero,e1_0.date_echeance
2026-04-10T10:28:13.055+02:00 DEBUG 31076 --- [nio-8081-exec-5] org.hibernate.SQL                        : select p1_0.id,p1_0.admin_responsable,p1_0.charge_id,p1_0.club_id,p1_0.commande_id,p1_0.date_annulation,p1_0.date_paiement,p1_0.echeances_restantes,p1_0.echeances_totales,p1_0.membre_id,p1_0.mode_paiement,p1_0.montant_paye,p1_0.montant_restant,p1_0.montant_total,p1_0.motif_annulation,p1_0.payment_intent_id,p1_0.receipt_url,p1_0.statut,p1_0.stripe_status,p1_0.type,p1_0.utilisateur_id from paiement p1_0 where p1_0.utilisateur_id=?
Hibernate: select p1_0.id,p1_0.admin_responsable,p1_0.charge_id,p1_0.club_id,p1_0.commande_id,p1_0.date_annulation,p1_0.date_paiement,p1_0.echeances_restantes,p1_0.echeances_totales,p1_0.membre_id,p1_0.mode_paiement,p1_0.montant_paye,p1_0.montant_restant,p1_0.montant_total,p1_0.motif_annulation,p1_0.payment_intent_id,p1_0.receipt_url,p1_0.statut,p1_0.stripe_status,p1_0.type,p1_0.utilisateur_id from paiement p1_0 where p1_0.utilisateur_id=?
2026-04-10T10:28:13.056+02:00  INFO 31076 --- [nio-8081-exec-5] c.t.controller.jpa.PaiementController    : [PARENT] mes-paiements parentId=10 → 1 paiements (1 via enfants, 1 via user)
2026-04-10T10:28:13.056+02:00 DEBUG 31076 --- [nio-8081-exec-5] o.s.w.s.m.m.a.HttpEntityMethodProcessor  : Using 'application/json', given [*/*] and supported [application/json, application/*+json]
2026-04-10T10:28:13.057+02:00 DEBUG 31076 --- [nio-8081-exec-5] o.s.w.s.m.m.a.HttpEntityMethodProcessor  : Writing [[club.taekwondo.dto.PaiementDTO@7346e5e3]]
2026-04-10T10:28:13.057+02:00 DEBUG 31076 --- [nio-8081-exec-5] o.s.web.servlet.DispatcherServlet        : Completed 200 OK
2026-04-10T10:28:13.074+02:00 DEBUG 31076 --- [nio-8081-exec-6] o.s.security.web.FilterChainProxy        : Securing GET /api/paiements/club/1
2026-04-10T10:28:13.075+02:00 DEBUG 31076 --- [nio-8081-exec-6] club.taekwondo.config.JwtAuthFilter      : [SEC] GET /api/paiements/club/1
2026-04-10T10:28:13.075+02:00 DEBUG 31076 --- [nio-8081-exec-6] club.taekwondo.config.JwtAuthFilter      : [SEC] Header Authorization: Bearer eyJhbGciOiJIUzI1NiJ9.eyJzdWIiOiJhZG1pbnZpbGxldXJiYW5uZUBnbWFpbC5jb20iLCJyb2xlIjoiQURNSU4iLCJ1dGlsaXNhdGV1cklkIjozLCJpYXQiOjE3NzU4MDk2OTIsImV4cCI6MTc3NTg5NjA5Mn0.QUg5rwbjgCyEmaEC9IrENP-lUMcandXg4_8buwk8su0
2026-04-10T10:28:13.075+02:00 DEBUG 31076 --- [nio-8081-exec-6] club.taekwondo.config.JwtAuthFilter      : [SEC] Bearer présent (len=204)
2026-04-10T10:28:13.078+02:00 DEBUG 31076 --- [nio-8081-exec-6] club.taekwondo.config.JwtAuthFilter      : [SEC] email extrait du JWT = adminvilleurbanne@gmail.com
2026-04-10T10:28:13.078+02:00 DEBUG 31076 --- [nio-8081-exec-6] club.taekwondo.config.JwtAuthFilter      : [SEC] rôle extrait du JWT = ADMIN
[2026-04-10T10:28:13.079742+02:00][USR-SVC][getUtilisateurEntityByEmail] in email=adminvilleurbanne@gmail.com -> normalized=adminvilleurbanne@gmail.com
2026-04-10T10:28:13.080+02:00 DEBUG 31076 --- [nio-8081-exec-6] org.hibernate.SQL                        : select u1_0.id,u1_0.adresse,u1_0.club_id,u1_0.date_naissance,u1_0.email,u1_0.nom,u1_0.password,u1_0.password_temporaire,u1_0.password_updated_at,u1_0.prenom,u1_0.role,u1_0.telephone from utilisateur u1_0 where upper(u1_0.email)=upper(?)
Hibernate: select u1_0.id,u1_0.adresse,u1_0.club_id,u1_0.date_naissance,u1_0.email,u1_0.nom,u1_0.password,u1_0.password_temporaire,u1_0.password_updated_at,u1_0.prenom,u1_0.role,u1_0.telephone from utilisateur u1_0 where upper(u1_0.email)=upper(?)
2026-04-10T10:28:13.082+02:00 DEBUG 31076 --- [nio-8081-exec-6] org.hibernate.SQL                        : select c1_0.id,c1_0.adresse,c1_0.email,c1_0.logo,c1_0.name,c1_0.telephone from clubs c1_0 where c1_0.id=?
Hibernate: select c1_0.id,c1_0.adresse,c1_0.email,c1_0.logo,c1_0.name,c1_0.telephone from clubs c1_0 where c1_0.id=?
2026-04-10T10:28:13.083+02:00 DEBUG 31076 --- [nio-8081-exec-6] org.hibernate.SQL                        : select m1_0.id,m1_0.ceinture,m1_0.club_id,cu1_0.id,cu1_0.adresse,c2_0.id,c2_0.adresse,c2_0.email,c2_0.logo,c2_0.name,c2_0.telephone,cu1_0.date_naissance,cu1_0.email,cu1_0.nom,cu1_0.password,cu1_0.password_temporaire,cu1_0.password_updated_at,cu1_0.prenom,cu1_0.role,cu1_0.telephone,m1_0.date_naissance,m1_0.est_adulte,m1_0.nom,m1_0.numero_licence,m1_0.parent_id,m1_0.prenom from membre m1_0 left join utilisateur cu1_0 on cu1_0.id=m1_0.compte_utilisateur_id left join clubs c2_0 on c2_0.id=cu1_0.club_id where m1_0.compte_utilisateur_id=?
Hibernate: select m1_0.id,m1_0.ceinture,m1_0.club_id,cu1_0.id,cu1_0.adresse,c2_0.id,c2_0.adresse,c2_0.email,c2_0.logo,c2_0.name,c2_0.telephone,cu1_0.date_naissance,cu1_0.email,cu1_0.nom,cu1_0.password,cu1_0.password_temporaire,cu1_0.password_updated_at,cu1_0.prenom,cu1_0.role,cu1_0.telephone,m1_0.date_naissance,m1_0.est_adulte,m1_0.nom,m1_0.numero_licence,m1_0.parent_id,m1_0.prenom from membre m1_0 left join utilisateur cu1_0 on cu1_0.id=m1_0.compte_utilisateur_id left join clubs c2_0 on c2_0.id=cu1_0.club_id where m1_0.compte_utilisateur_id=?
[2026-04-10T10:28:13.084482800+02:00][USR-SVC][getUtilisateurEntityByEmail] present? true
2026-04-10T10:28:13.084+02:00 DEBUG 31076 --- [nio-8081-exec-6] club.taekwondo.config.JwtAuthFilter      : [SEC] Utilisateur trouvé: adminVilleurbanne adminVilleurbanne
2026-04-10T10:28:13.084+02:00 DEBUG 31076 --- [nio-8081-exec-6] club.taekwondo.config.JwtAuthFilter      : [SEC] rôle BDD normalisé = ADMIN
2026-04-10T10:28:13.085+02:00 DEBUG 31076 --- [nio-8081-exec-6] club.taekwondo.config.JwtAuthFilter      : [SEC] Auth OK: user=adminvilleurbanne@gmail.com authorities=[ROLE_ADMIN]
2026-04-10T10:28:13.085+02:00 DEBUG 31076 --- [nio-8081-exec-6] o.s.security.web.FilterChainProxy        : Secured GET /api/paiements/club/1
2026-04-10T10:28:13.085+02:00 DEBUG 31076 --- [nio-8081-exec-6] o.s.web.servlet.DispatcherServlet        : GET "/api/paiements/club/1", parameters={}
2026-04-10T10:28:13.086+02:00 DEBUG 31076 --- [nio-8081-exec-6] s.w.s.m.m.a.RequestMappingHandlerMapping : Mapped to club.taekwondo.controller.jpa.PaiementController#getPaiementsByClub(Long)
2026-04-10T10:28:13.091+02:00 DEBUG 31076 --- [nio-8081-exec-6] org.hibernate.SQL                        : select p1_0.id,p1_0.admin_responsable,p1_0.charge_id,p1_0.club_id,p1_0.commande_id,p1_0.date_annulation,p1_0.date_paiement,p1_0.echeances_restantes,p1_0.echeances_totales,p1_0.membre_id,p1_0.mode_paiement,p1_0.montant_paye,p1_0.montant_restant,p1_0.montant_total,p1_0.motif_annulation,p1_0.payment_intent_id,p1_0.receipt_url,p1_0.statut,p1_0.stripe_status,p1_0.type,p1_0.utilisateur_id from paiement p1_0 left join commande c1_0 on c1_0.id=p1_0.commande_id left join membre m1_0 on m1_0.id=p1_0.membre_id left join utilisateur u1_0 on u1_0.id=p1_0.utilisateur_id where (p1_0.commande_id is not null and c1_0.club_id=?) or (p1_0.membre_id is not null and m1_0.club_id=?) or (p1_0.utilisateur_id is not null and u1_0.club_id=?)
Hibernate: select p1_0.id,p1_0.admin_responsable,p1_0.charge_id,p1_0.club_id,p1_0.commande_id,p1_0.date_annulation,p1_0.date_paiement,p1_0.echeances_restantes,p1_0.echeances_totales,p1_0.membre_id,p1_0.mode_paiement,p1_0.montant_paye,p1_0.montant_restant,p1_0.montant_total,p1_0.motif_annulation,p1_0.payment_intent_id,p1_0.receipt_url,p1_0.statut,p1_0.stripe_status,p1_0.type,p1_0.utilisateur_id from paiement p1_0 left join commande c1_0 on c1_0.id=p1_0.commande_id left join membre m1_0 on m1_0.id=p1_0.membre_id left join utilisateur u1_0 on u1_0.id=p1_0.utilisateur_id where (p1_0.commande_id is not null and c1_0.club_id=?) or (p1_0.membre_id is not null and m1_0.club_id=?) or (p1_0.utilisateur_id is not null and u1_0.club_id=?)
2026-04-10T10:28:13.097+02:00 DEBUG 31076 --- [nio-8081-exec-6] org.hibernate.SQL                        : select m1_0.id,m1_0.ceinture,m1_0.club_id,cu1_0.id,cu1_0.adresse,c2_0.id,c2_0.adresse,c2_0.email,c2_0.logo,c2_0.name,c2_0.telephone,cu1_0.date_naissance,cu1_0.email,cu1_0.nom,cu1_0.password,cu1_0.password_temporaire,cu1_0.password_updated_at,cu1_0.prenom,cu1_0.role,cu1_0.telephone,m1_0.date_naissance,m1_0.est_adulte,m1_0.nom,m1_0.numero_licence,m1_0.parent_id,m1_0.prenom from membre m1_0 left join utilisateur cu1_0 on cu1_0.id=m1_0.compte_utilisateur_id left join clubs c2_0 on c2_0.id=cu1_0.club_id where m1_0.id=?
Hibernate: select m1_0.id,m1_0.ceinture,m1_0.club_id,cu1_0.id,cu1_0.adresse,c2_0.id,c2_0.adresse,c2_0.email,c2_0.logo,c2_0.name,c2_0.telephone,cu1_0.date_naissance,cu1_0.email,cu1_0.nom,cu1_0.password,cu1_0.password_temporaire,cu1_0.password_updated_at,cu1_0.prenom,cu1_0.role,cu1_0.telephone,m1_0.date_naissance,m1_0.est_adulte,m1_0.nom,m1_0.numero_licence,m1_0.parent_id,m1_0.prenom from membre m1_0 left join utilisateur cu1_0 on cu1_0.id=m1_0.compte_utilisateur_id left join clubs c2_0 on c2_0.id=cu1_0.club_id where m1_0.id=?
2026-04-10T10:28:13.100+02:00 DEBUG 31076 --- [nio-8081-exec-6] org.hibernate.SQL                        : select u1_0.id,u1_0.adresse,c1_0.id,c1_0.adresse,c1_0.email,c1_0.logo,c1_0.name,c1_0.telephone,u1_0.date_naissance,u1_0.email,m1_0.id,m1_0.ceinture,m1_0.club_id,m1_0.date_naissance,m1_0.est_adulte,m1_0.nom,m1_0.numero_licence,m1_0.parent_id,m1_0.prenom,u1_0.nom,u1_0.password,u1_0.password_temporaire,u1_0.password_updated_at,u1_0.prenom,u1_0.role,u1_0.telephone from utilisateur u1_0 left join clubs c1_0 on c1_0.id=u1_0.club_id left join membre m1_0 on u1_0.id=m1_0.compte_utilisateur_id where u1_0.id=?
Hibernate: select u1_0.id,u1_0.adresse,c1_0.id,c1_0.adresse,c1_0.email,c1_0.logo,c1_0.name,c1_0.telephone,u1_0.date_naissance,u1_0.email,m1_0.id,m1_0.ceinture,m1_0.club_id,m1_0.date_naissance,m1_0.est_adulte,m1_0.nom,m1_0.numero_licence,m1_0.parent_id,m1_0.prenom,u1_0.nom,u1_0.password,u1_0.password_temporaire,u1_0.password_updated_at,u1_0.prenom,u1_0.role,u1_0.telephone from utilisateur u1_0 left join clubs c1_0 on c1_0.id=u1_0.club_id left join membre m1_0 on u1_0.id=m1_0.compte_utilisateur_id where u1_0.id=?
2026-04-10T10:28:13.102+02:00 DEBUG 31076 --- [nio-8081-exec-6] org.hibernate.SQL                        : select e1_0.paiement_id,e1_0.id,e1_0.date_echeance,e1_0.date_paiement_reel,e1_0.mode_paiement,e1_0.montant,e1_0.numero,e1_0.reference,e1_0.statut from echeance e1_0 where e1_0.paiement_id=? order by e1_0.numero,e1_0.date_echeance
Hibernate: select e1_0.paiement_id,e1_0.id,e1_0.date_echeance,e1_0.date_paiement_reel,e1_0.mode_paiement,e1_0.montant,e1_0.numero,e1_0.reference,e1_0.statut from echeance e1_0 where e1_0.paiement_id=? order by e1_0.numero,e1_0.date_echeance
2026-04-10T10:28:13.105+02:00 DEBUG 31076 --- [nio-8081-exec-6] org.hibernate.SQL                        : select m1_0.id,m1_0.ceinture,m1_0.club_id,cu1_0.id,cu1_0.adresse,c2_0.id,c2_0.adresse,c2_0.email,c2_0.logo,c2_0.name,c2_0.telephone,cu1_0.date_naissance,cu1_0.email,cu1_0.nom,cu1_0.password,cu1_0.password_temporaire,cu1_0.password_updated_at,cu1_0.prenom,cu1_0.role,cu1_0.telephone,m1_0.date_naissance,m1_0.est_adulte,m1_0.nom,m1_0.numero_licence,m1_0.parent_id,m1_0.prenom from membre m1_0 left join utilisateur cu1_0 on cu1_0.id=m1_0.compte_utilisateur_id left join clubs c2_0 on c2_0.id=cu1_0.club_id where m1_0.id=?
Hibernate: select m1_0.id,m1_0.ceinture,m1_0.club_id,cu1_0.id,cu1_0.adresse,c2_0.id,c2_0.adresse,c2_0.email,c2_0.logo,c2_0.name,c2_0.telephone,cu1_0.date_naissance,cu1_0.email,cu1_0.nom,cu1_0.password,cu1_0.password_temporaire,cu1_0.password_updated_at,cu1_0.prenom,cu1_0.role,cu1_0.telephone,m1_0.date_naissance,m1_0.est_adulte,m1_0.nom,m1_0.numero_licence,m1_0.parent_id,m1_0.prenom from membre m1_0 left join utilisateur cu1_0 on cu1_0.id=m1_0.compte_utilisateur_id left join clubs c2_0 on c2_0.id=cu1_0.club_id where m1_0.id=?
2026-04-10T10:28:13.108+02:00 DEBUG 31076 --- [nio-8081-exec-6] org.hibernate.SQL                        : select u1_0.id,u1_0.adresse,c1_0.id,c1_0.adresse,c1_0.email,c1_0.logo,c1_0.name,c1_0.telephone,u1_0.date_naissance,u1_0.email,m1_0.id,m1_0.ceinture,m1_0.club_id,m1_0.date_naissance,m1_0.est_adulte,m1_0.nom,m1_0.numero_licence,m1_0.parent_id,m1_0.prenom,u1_0.nom,u1_0.password,u1_0.password_temporaire,u1_0.password_updated_at,u1_0.prenom,u1_0.role,u1_0.telephone from utilisateur u1_0 left join clubs c1_0 on c1_0.id=u1_0.club_id left join membre m1_0 on u1_0.id=m1_0.compte_utilisateur_id where u1_0.id=?
Hibernate: select u1_0.id,u1_0.adresse,c1_0.id,c1_0.adresse,c1_0.email,c1_0.logo,c1_0.name,c1_0.telephone,u1_0.date_naissance,u1_0.email,m1_0.id,m1_0.ceinture,m1_0.club_id,m1_0.date_naissance,m1_0.est_adulte,m1_0.nom,m1_0.numero_licence,m1_0.parent_id,m1_0.prenom,u1_0.nom,u1_0.password,u1_0.password_temporaire,u1_0.password_updated_at,u1_0.prenom,u1_0.role,u1_0.telephone from utilisateur u1_0 left join clubs c1_0 on c1_0.id=u1_0.club_id left join membre m1_0 on u1_0.id=m1_0.compte_utilisateur_id where u1_0.id=?
2026-04-10T10:28:13.109+02:00 DEBUG 31076 --- [nio-8081-exec-6] org.hibernate.SQL                        : select e1_0.paiement_id,e1_0.id,e1_0.date_echeance,e1_0.date_paiement_reel,e1_0.mode_paiement,e1_0.montant,e1_0.numero,e1_0.reference,e1_0.statut from echeance e1_0 where e1_0.paiement_id=? order by e1_0.numero,e1_0.date_echeance
Hibernate: select e1_0.paiement_id,e1_0.id,e1_0.date_echeance,e1_0.date_paiement_reel,e1_0.mode_paiement,e1_0.montant,e1_0.numero,e1_0.reference,e1_0.statut from echeance e1_0 where e1_0.paiement_id=? order by e1_0.numero,e1_0.date_echeance
2026-04-10T10:28:13.112+02:00 DEBUG 31076 --- [nio-8081-exec-6] org.hibernate.SQL                        : select m1_0.id,m1_0.ceinture,m1_0.club_id,cu1_0.id,cu1_0.adresse,c2_0.id,c2_0.adresse,c2_0.email,c2_0.logo,c2_0.name,c2_0.telephone,cu1_0.date_naissance,cu1_0.email,cu1_0.nom,cu1_0.password,cu1_0.password_temporaire,cu1_0.password_updated_at,cu1_0.prenom,cu1_0.role,cu1_0.telephone,m1_0.date_naissance,m1_0.est_adulte,m1_0.nom,m1_0.numero_licence,m1_0.parent_id,m1_0.prenom from membre m1_0 left join utilisateur cu1_0 on cu1_0.id=m1_0.compte_utilisateur_id left join clubs c2_0 on c2_0.id=cu1_0.club_id where m1_0.id=?
Hibernate: select m1_0.id,m1_0.ceinture,m1_0.club_id,cu1_0.id,cu1_0.adresse,c2_0.id,c2_0.adresse,c2_0.email,c2_0.logo,c2_0.name,c2_0.telephone,cu1_0.date_naissance,cu1_0.email,cu1_0.nom,cu1_0.password,cu1_0.password_temporaire,cu1_0.password_updated_at,cu1_0.prenom,cu1_0.role,cu1_0.telephone,m1_0.date_naissance,m1_0.est_adulte,m1_0.nom,m1_0.numero_licence,m1_0.parent_id,m1_0.prenom from membre m1_0 left join utilisateur cu1_0 on cu1_0.id=m1_0.compte_utilisateur_id left join clubs c2_0 on c2_0.id=cu1_0.club_id where m1_0.id=?
2026-04-10T10:28:13.118+02:00 DEBUG 31076 --- [nio-8081-exec-6] org.hibernate.SQL                        : select e1_0.paiement_id,e1_0.id,e1_0.date_echeance,e1_0.date_paiement_reel,e1_0.mode_paiement,e1_0.montant,e1_0.numero,e1_0.reference,e1_0.statut from echeance e1_0 where e1_0.paiement_id=? order by e1_0.numero,e1_0.date_echeance
Hibernate: select e1_0.paiement_id,e1_0.id,e1_0.date_echeance,e1_0.date_paiement_reel,e1_0.mode_paiement,e1_0.montant,e1_0.numero,e1_0.reference,e1_0.statut from echeance e1_0 where e1_0.paiement_id=? order by e1_0.numero,e1_0.date_echeance
2026-04-10T10:28:13.121+02:00 DEBUG 31076 --- [nio-8081-exec-6] org.hibernate.SQL                        : select e1_0.paiement_id,e1_0.id,e1_0.date_echeance,e1_0.date_paiement_reel,e1_0.mode_paiement,e1_0.montant,e1_0.numero,e1_0.reference,e1_0.statut from echeance e1_0 where e1_0.paiement_id=? order by e1_0.numero,e1_0.date_echeance
Hibernate: select e1_0.paiement_id,e1_0.id,e1_0.date_echeance,e1_0.date_paiement_reel,e1_0.mode_paiement,e1_0.montant,e1_0.numero,e1_0.reference,e1_0.statut from echeance e1_0 where e1_0.paiement_id=? order by e1_0.numero,e1_0.date_echeance
2026-04-10T10:28:13.124+02:00 DEBUG 31076 --- [nio-8081-exec-6] o.s.w.s.m.m.a.HttpEntityMethodProcessor  : Using 'application/json', given [*/*] and supported [application/json, application/*+json]
2026-04-10T10:28:13.125+02:00 DEBUG 31076 --- [nio-8081-exec-6] o.s.w.s.m.m.a.HttpEntityMethodProcessor  : Writing [[club.taekwondo.dto.PaiementDTO@128a35a2, club.taekwondo.dto.PaiementDTO@3cfce052, club.taekwondo.dt (truncated)...]
2026-04-10T10:28:13.127+02:00 DEBUG 31076 --- [nio-8081-exec-6] o.s.web.servlet.DispatcherServlet        : Completed 200 OK
2026-04-10T10:28:13.167+02:00 DEBUG 31076 --- [nio-8081-exec-4] o.s.security.web.FilterChainProxy        : Securing GET /api/paiements/club/1
2026-04-10T10:28:13.167+02:00 DEBUG 31076 --- [nio-8081-exec-4] club.taekwondo.config.JwtAuthFilter      : [SEC] GET /api/paiements/club/1
2026-04-10T10:28:13.167+02:00 DEBUG 31076 --- [nio-8081-exec-4] club.taekwondo.config.JwtAuthFilter      : [SEC] Header Authorization: Bearer eyJhbGciOiJIUzI1NiJ9.eyJzdWIiOiJhbGl6ZWUuZ3VleWVAZ21haWwuY29tIiwicm9sZSI6Ik1FTUJSRSIsInV0aWxpc2F0ZXVySWQiOjksIm1lbWJyZUlkIjo1LCJpYXQiOjE3NzU4MDk2OTIsImV4cCI6MTc3NTg5NjA5Mn0.6I4E-qmR-zH5BFR5M7B4l9yTupJECMt2kMDrHS2IkUc
2026-04-10T10:28:13.168+02:00 DEBUG 31076 --- [nio-8081-exec-4] club.taekwondo.config.JwtAuthFilter      : [SEC] Bearer présent (len=216)
2026-04-10T10:28:13.170+02:00 DEBUG 31076 --- [nio-8081-exec-4] club.taekwondo.config.JwtAuthFilter      : [SEC] email extrait du JWT = alizee.gueye@gmail.com
2026-04-10T10:28:13.170+02:00 DEBUG 31076 --- [nio-8081-exec-4] club.taekwondo.config.JwtAuthFilter      : [SEC] rôle extrait du JWT = MEMBRE
[2026-04-10T10:28:13.172053300+02:00][USR-SVC][getUtilisateurEntityByEmail] in email=alizee.gueye@gmail.com -> normalized=alizee.gueye@gmail.com
2026-04-10T10:28:13.174+02:00 DEBUG 31076 --- [nio-8081-exec-4] org.hibernate.SQL                        : select u1_0.id,u1_0.adresse,u1_0.club_id,u1_0.date_naissance,u1_0.email,u1_0.nom,u1_0.password,u1_0.password_temporaire,u1_0.password_updated_at,u1_0.prenom,u1_0.role,u1_0.telephone from utilisateur u1_0 where upper(u1_0.email)=upper(?)
Hibernate: select u1_0.id,u1_0.adresse,u1_0.club_id,u1_0.date_naissance,u1_0.email,u1_0.nom,u1_0.password,u1_0.password_temporaire,u1_0.password_updated_at,u1_0.prenom,u1_0.role,u1_0.telephone from utilisateur u1_0 where upper(u1_0.email)=upper(?)
2026-04-10T10:28:13.176+02:00 DEBUG 31076 --- [nio-8081-exec-4] org.hibernate.SQL                        : select c1_0.id,c1_0.adresse,c1_0.email,c1_0.logo,c1_0.name,c1_0.telephone from clubs c1_0 where c1_0.id=?
Hibernate: select c1_0.id,c1_0.adresse,c1_0.email,c1_0.logo,c1_0.name,c1_0.telephone from clubs c1_0 where c1_0.id=?
2026-04-10T10:28:13.177+02:00 DEBUG 31076 --- [nio-8081-exec-4] org.hibernate.SQL                        : select m1_0.id,m1_0.ceinture,m1_0.club_id,cu1_0.id,cu1_0.adresse,c2_0.id,c2_0.adresse,c2_0.email,c2_0.logo,c2_0.name,c2_0.telephone,cu1_0.date_naissance,cu1_0.email,cu1_0.nom,cu1_0.password,cu1_0.password_temporaire,cu1_0.password_updated_at,cu1_0.prenom,cu1_0.role,cu1_0.telephone,m1_0.date_naissance,m1_0.est_adulte,m1_0.nom,m1_0.numero_licence,m1_0.parent_id,m1_0.prenom from membre m1_0 left join utilisateur cu1_0 on cu1_0.id=m1_0.compte_utilisateur_id left join clubs c2_0 on c2_0.id=cu1_0.club_id where m1_0.compte_utilisateur_id=?
Hibernate: select m1_0.id,m1_0.ceinture,m1_0.club_id,cu1_0.id,cu1_0.adresse,c2_0.id,c2_0.adresse,c2_0.email,c2_0.logo,c2_0.name,c2_0.telephone,cu1_0.date_naissance,cu1_0.email,cu1_0.nom,cu1_0.password,cu1_0.password_temporaire,cu1_0.password_updated_at,cu1_0.prenom,cu1_0.role,cu1_0.telephone,m1_0.date_naissance,m1_0.est_adulte,m1_0.nom,m1_0.numero_licence,m1_0.parent_id,m1_0.prenom from membre m1_0 left join utilisateur cu1_0 on cu1_0.id=m1_0.compte_utilisateur_id left join clubs c2_0 on c2_0.id=cu1_0.club_id where m1_0.compte_utilisateur_id=?
[2026-04-10T10:28:13.179474900+02:00][USR-SVC][getUtilisateurEntityByEmail] present? true
2026-04-10T10:28:13.180+02:00 DEBUG 31076 --- [nio-8081-exec-4] club.taekwondo.config.JwtAuthFilter      : [SEC] Utilisateur trouvé: Alizee Gueye
2026-04-10T10:28:13.180+02:00 DEBUG 31076 --- [nio-8081-exec-4] club.taekwondo.config.JwtAuthFilter      : [SEC] rôle BDD normalisé = MEMBRE
2026-04-10T10:28:13.180+02:00 DEBUG 31076 --- [nio-8081-exec-4] club.taekwondo.config.JwtAuthFilter      : [SEC] Auth OK: user=alizee.gueye@gmail.com authorities=[ROLE_MEMBRE]
2026-04-10T10:28:13.180+02:00 DEBUG 31076 --- [nio-8081-exec-4] o.s.security.web.FilterChainProxy        : Secured GET /api/paiements/club/1
2026-04-10T10:28:13.181+02:00 DEBUG 31076 --- [nio-8081-exec-4] o.s.web.servlet.DispatcherServlet        : GET "/api/paiements/club/1", parameters={}
2026-04-10T10:28:13.181+02:00 DEBUG 31076 --- [nio-8081-exec-4] s.w.s.m.m.a.RequestMappingHandlerMapping : Mapped to club.taekwondo.controller.jpa.PaiementController#getPaiementsByClub(Long)
2026-04-10T10:28:13.183+02:00 DEBUG 31076 --- [nio-8081-exec-4] org.hibernate.SQL                        : select p1_0.id,p1_0.admin_responsable,p1_0.charge_id,p1_0.club_id,p1_0.commande_id,p1_0.date_annulation,p1_0.date_paiement,p1_0.echeances_restantes,p1_0.echeances_totales,p1_0.membre_id,p1_0.mode_paiement,p1_0.montant_paye,p1_0.montant_restant,p1_0.montant_total,p1_0.motif_annulation,p1_0.payment_intent_id,p1_0.receipt_url,p1_0.statut,p1_0.stripe_status,p1_0.type,p1_0.utilisateur_id from paiement p1_0 left join commande c1_0 on c1_0.id=p1_0.commande_id left join membre m1_0 on m1_0.id=p1_0.membre_id left join utilisateur u1_0 on u1_0.id=p1_0.utilisateur_id where (p1_0.commande_id is not null and c1_0.club_id=?) or (p1_0.membre_id is not null and m1_0.club_id=?) or (p1_0.utilisateur_id is not null and u1_0.club_id=?)
Hibernate: select p1_0.id,p1_0.admin_responsable,p1_0.charge_id,p1_0.club_id,p1_0.commande_id,p1_0.date_annulation,p1_0.date_paiement,p1_0.echeances_restantes,p1_0.echeances_totales,p1_0.membre_id,p1_0.mode_paiement,p1_0.montant_paye,p1_0.montant_restant,p1_0.montant_total,p1_0.motif_annulation,p1_0.payment_intent_id,p1_0.receipt_url,p1_0.statut,p1_0.stripe_status,p1_0.type,p1_0.utilisateur_id from paiement p1_0 left join commande c1_0 on c1_0.id=p1_0.commande_id left join membre m1_0 on m1_0.id=p1_0.membre_id left join utilisateur u1_0 on u1_0.id=p1_0.utilisateur_id where (p1_0.commande_id is not null and c1_0.club_id=?) or (p1_0.membre_id is not null and m1_0.club_id=?) or (p1_0.utilisateur_id is not null and u1_0.club_id=?)
2026-04-10T10:28:13.187+02:00 DEBUG 31076 --- [nio-8081-exec-4] org.hibernate.SQL                        : select m1_0.id,m1_0.ceinture,m1_0.club_id,cu1_0.id,cu1_0.adresse,c2_0.id,c2_0.adresse,c2_0.email,c2_0.logo,c2_0.name,c2_0.telephone,cu1_0.date_naissance,cu1_0.email,cu1_0.nom,cu1_0.password,cu1_0.password_temporaire,cu1_0.password_updated_at,cu1_0.prenom,cu1_0.role,cu1_0.telephone,m1_0.date_naissance,m1_0.est_adulte,m1_0.nom,m1_0.numero_licence,m1_0.parent_id,m1_0.prenom from membre m1_0 left join utilisateur cu1_0 on cu1_0.id=m1_0.compte_utilisateur_id left join clubs c2_0 on c2_0.id=cu1_0.club_id where m1_0.id=?
Hibernate: select m1_0.id,m1_0.ceinture,m1_0.club_id,cu1_0.id,cu1_0.adresse,c2_0.id,c2_0.adresse,c2_0.email,c2_0.logo,c2_0.name,c2_0.telephone,cu1_0.date_naissance,cu1_0.email,cu1_0.nom,cu1_0.password,cu1_0.password_temporaire,cu1_0.password_updated_at,cu1_0.prenom,cu1_0.role,cu1_0.telephone,m1_0.date_naissance,m1_0.est_adulte,m1_0.nom,m1_0.numero_licence,m1_0.parent_id,m1_0.prenom from membre m1_0 left join utilisateur cu1_0 on cu1_0.id=m1_0.compte_utilisateur_id left join clubs c2_0 on c2_0.id=cu1_0.club_id where m1_0.id=?
2026-04-10T10:28:13.189+02:00 DEBUG 31076 --- [nio-8081-exec-4] org.hibernate.SQL                        : select u1_0.id,u1_0.adresse,c1_0.id,c1_0.adresse,c1_0.email,c1_0.logo,c1_0.name,c1_0.telephone,u1_0.date_naissance,u1_0.email,m1_0.id,m1_0.ceinture,m1_0.club_id,m1_0.date_naissance,m1_0.est_adulte,m1_0.nom,m1_0.numero_licence,m1_0.parent_id,m1_0.prenom,u1_0.nom,u1_0.password,u1_0.password_temporaire,u1_0.password_updated_at,u1_0.prenom,u1_0.role,u1_0.telephone from utilisateur u1_0 left join clubs c1_0 on c1_0.id=u1_0.club_id left join membre m1_0 on u1_0.id=m1_0.compte_utilisateur_id where u1_0.id=?
Hibernate: select u1_0.id,u1_0.adresse,c1_0.id,c1_0.adresse,c1_0.email,c1_0.logo,c1_0.name,c1_0.telephone,u1_0.date_naissance,u1_0.email,m1_0.id,m1_0.ceinture,m1_0.club_id,m1_0.date_naissance,m1_0.est_adulte,m1_0.nom,m1_0.numero_licence,m1_0.parent_id,m1_0.prenom,u1_0.nom,u1_0.password,u1_0.password_temporaire,u1_0.password_updated_at,u1_0.prenom,u1_0.role,u1_0.telephone from utilisateur u1_0 left join clubs c1_0 on c1_0.id=u1_0.club_id left join membre m1_0 on u1_0.id=m1_0.compte_utilisateur_id where u1_0.id=?
2026-04-10T10:28:13.190+02:00 DEBUG 31076 --- [nio-8081-exec-4] org.hibernate.SQL                        : select e1_0.paiement_id,e1_0.id,e1_0.date_echeance,e1_0.date_paiement_reel,e1_0.mode_paiement,e1_0.montant,e1_0.numero,e1_0.reference,e1_0.statut from echeance e1_0 where e1_0.paiement_id=? order by e1_0.numero,e1_0.date_echeance
Hibernate: select e1_0.paiement_id,e1_0.id,e1_0.date_echeance,e1_0.date_paiement_reel,e1_0.mode_paiement,e1_0.montant,e1_0.numero,e1_0.reference,e1_0.statut from echeance e1_0 where e1_0.paiement_id=? order by e1_0.numero,e1_0.date_echeance
2026-04-10T10:28:13.193+02:00 DEBUG 31076 --- [nio-8081-exec-4] org.hibernate.SQL                        : select m1_0.id,m1_0.ceinture,m1_0.club_id,cu1_0.id,cu1_0.adresse,c2_0.id,c2_0.adresse,c2_0.email,c2_0.logo,c2_0.name,c2_0.telephone,cu1_0.date_naissance,cu1_0.email,cu1_0.nom,cu1_0.password,cu1_0.password_temporaire,cu1_0.password_updated_at,cu1_0.prenom,cu1_0.role,cu1_0.telephone,m1_0.date_naissance,m1_0.est_adulte,m1_0.nom,m1_0.numero_licence,m1_0.parent_id,m1_0.prenom from membre m1_0 left join utilisateur cu1_0 on cu1_0.id=m1_0.compte_utilisateur_id left join clubs c2_0 on c2_0.id=cu1_0.club_id where m1_0.id=?
Hibernate: select m1_0.id,m1_0.ceinture,m1_0.club_id,cu1_0.id,cu1_0.adresse,c2_0.id,c2_0.adresse,c2_0.email,c2_0.logo,c2_0.name,c2_0.telephone,cu1_0.date_naissance,cu1_0.email,cu1_0.nom,cu1_0.password,cu1_0.password_temporaire,cu1_0.password_updated_at,cu1_0.prenom,cu1_0.role,cu1_0.telephone,m1_0.date_naissance,m1_0.est_adulte,m1_0.nom,m1_0.numero_licence,m1_0.parent_id,m1_0.prenom from membre m1_0 left join utilisateur cu1_0 on cu1_0.id=m1_0.compte_utilisateur_id left join clubs c2_0 on c2_0.id=cu1_0.club_id where m1_0.id=?
2026-04-10T10:28:13.194+02:00 DEBUG 31076 --- [nio-8081-exec-4] org.hibernate.SQL                        : select u1_0.id,u1_0.adresse,c1_0.id,c1_0.adresse,c1_0.email,c1_0.logo,c1_0.name,c1_0.telephone,u1_0.date_naissance,u1_0.email,m1_0.id,m1_0.ceinture,m1_0.club_id,m1_0.date_naissance,m1_0.est_adulte,m1_0.nom,m1_0.numero_licence,m1_0.parent_id,m1_0.prenom,u1_0.nom,u1_0.password,u1_0.password_temporaire,u1_0.password_updated_at,u1_0.prenom,u1_0.role,u1_0.telephone from utilisateur u1_0 left join clubs c1_0 on c1_0.id=u1_0.club_id left join membre m1_0 on u1_0.id=m1_0.compte_utilisateur_id where u1_0.id=?
Hibernate: select u1_0.id,u1_0.adresse,c1_0.id,c1_0.adresse,c1_0.email,c1_0.logo,c1_0.name,c1_0.telephone,u1_0.date_naissance,u1_0.email,m1_0.id,m1_0.ceinture,m1_0.club_id,m1_0.date_naissance,m1_0.est_adulte,m1_0.nom,m1_0.numero_licence,m1_0.parent_id,m1_0.prenom,u1_0.nom,u1_0.password,u1_0.password_temporaire,u1_0.password_updated_at,u1_0.prenom,u1_0.role,u1_0.telephone from utilisateur u1_0 left join clubs c1_0 on c1_0.id=u1_0.club_id left join membre m1_0 on u1_0.id=m1_0.compte_utilisateur_id where u1_0.id=?
2026-04-10T10:28:13.195+02:00 DEBUG 31076 --- [nio-8081-exec-4] org.hibernate.SQL                        : select e1_0.paiement_id,e1_0.id,e1_0.date_echeance,e1_0.date_paiement_reel,e1_0.mode_paiement,e1_0.montant,e1_0.numero,e1_0.reference,e1_0.statut from echeance e1_0 where e1_0.paiement_id=? order by e1_0.numero,e1_0.date_echeance
Hibernate: select e1_0.paiement_id,e1_0.id,e1_0.date_echeance,e1_0.date_paiement_reel,e1_0.mode_paiement,e1_0.montant,e1_0.numero,e1_0.reference,e1_0.statut from echeance e1_0 where e1_0.paiement_id=? order by e1_0.numero,e1_0.date_echeance
2026-04-10T10:28:13.196+02:00 DEBUG 31076 --- [nio-8081-exec-4] org.hibernate.SQL                        : select m1_0.id,m1_0.ceinture,m1_0.club_id,cu1_0.id,cu1_0.adresse,c2_0.id,c2_0.adresse,c2_0.email,c2_0.logo,c2_0.name,c2_0.telephone,cu1_0.date_naissance,cu1_0.email,cu1_0.nom,cu1_0.password,cu1_0.password_temporaire,cu1_0.password_updated_at,cu1_0.prenom,cu1_0.role,cu1_0.telephone,m1_0.date_naissance,m1_0.est_adulte,m1_0.nom,m1_0.numero_licence,m1_0.parent_id,m1_0.prenom from membre m1_0 left join utilisateur cu1_0 on cu1_0.id=m1_0.compte_utilisateur_id left join clubs c2_0 on c2_0.id=cu1_0.club_id where m1_0.id=?
Hibernate: select m1_0.id,m1_0.ceinture,m1_0.club_id,cu1_0.id,cu1_0.adresse,c2_0.id,c2_0.adresse,c2_0.email,c2_0.logo,c2_0.name,c2_0.telephone,cu1_0.date_naissance,cu1_0.email,cu1_0.nom,cu1_0.password,cu1_0.password_temporaire,cu1_0.password_updated_at,cu1_0.prenom,cu1_0.role,cu1_0.telephone,m1_0.date_naissance,m1_0.est_adulte,m1_0.nom,m1_0.numero_licence,m1_0.parent_id,m1_0.prenom from membre m1_0 left join utilisateur cu1_0 on cu1_0.id=m1_0.compte_utilisateur_id left join clubs c2_0 on c2_0.id=cu1_0.club_id where m1_0.id=?
2026-04-10T10:28:13.197+02:00 DEBUG 31076 --- [nio-8081-exec-4] org.hibernate.SQL                        : select e1_0.paiement_id,e1_0.id,e1_0.date_echeance,e1_0.date_paiement_reel,e1_0.mode_paiement,e1_0.montant,e1_0.numero,e1_0.reference,e1_0.statut from echeance e1_0 where e1_0.paiement_id=? order by e1_0.numero,e1_0.date_echeance
Hibernate: select e1_0.paiement_id,e1_0.id,e1_0.date_echeance,e1_0.date_paiement_reel,e1_0.mode_paiement,e1_0.montant,e1_0.numero,e1_0.reference,e1_0.statut from echeance e1_0 where e1_0.paiement_id=? order by e1_0.numero,e1_0.date_echeance
2026-04-10T10:28:13.199+02:00 DEBUG 31076 --- [nio-8081-exec-4] org.hibernate.SQL                        : select e1_0.paiement_id,e1_0.id,e1_0.date_echeance,e1_0.date_paiement_reel,e1_0.mode_paiement,e1_0.montant,e1_0.numero,e1_0.reference,e1_0.statut from echeance e1_0 where e1_0.paiement_id=? order by e1_0.numero,e1_0.date_echeance
Hibernate: select e1_0.paiement_id,e1_0.id,e1_0.date_echeance,e1_0.date_paiement_reel,e1_0.mode_paiement,e1_0.montant,e1_0.numero,e1_0.reference,e1_0.statut from echeance e1_0 where e1_0.paiement_id=? order by e1_0.numero,e1_0.date_echeance
2026-04-10T10:28:13.200+02:00 DEBUG 31076 --- [nio-8081-exec-4] o.s.w.s.m.m.a.HttpEntityMethodProcessor  : Using 'application/json', given [*/*] and supported [application/json, application/*+json]
2026-04-10T10:28:13.201+02:00 DEBUG 31076 --- [nio-8081-exec-4] o.s.w.s.m.m.a.HttpEntityMethodProcessor  : Writing [[club.taekwondo.dto.PaiementDTO@79755201, club.taekwondo.dto.PaiementDTO@1ee22aab, club.taekwondo.dt (truncated)...]
2026-04-10T10:28:13.202+02:00 DEBUG 31076 --- [nio-8081-exec-4] o.s.web.servlet.DispatcherServlet        : Completed 200 OK
2026-04-10T10:28:13.219+02:00 DEBUG 31076 --- [nio-8081-exec-3] o.s.security.web.FilterChainProxy        : Securing GET /api/documents/membre/5
2026-04-10T10:28:13.219+02:00 DEBUG 31076 --- [nio-8081-exec-3] club.taekwondo.config.JwtAuthFilter      : [SEC] GET /api/documents/membre/5
2026-04-10T10:28:13.220+02:00 DEBUG 31076 --- [nio-8081-exec-3] club.taekwondo.config.JwtAuthFilter      : [SEC] Header Authorization: Bearer eyJhbGciOiJIUzI1NiJ9.eyJzdWIiOiJhbGl6ZWUuZ3VleWVAZ21haWwuY29tIiwicm9sZSI6Ik1FTUJSRSIsInV0aWxpc2F0ZXVySWQiOjksIm1lbWJyZUlkIjo1LCJpYXQiOjE3NzU4MDk2OTIsImV4cCI6MTc3NTg5NjA5Mn0.6I4E-qmR-zH5BFR5M7B4l9yTupJECMt2kMDrHS2IkUc
2026-04-10T10:28:13.220+02:00 DEBUG 31076 --- [nio-8081-exec-3] club.taekwondo.config.JwtAuthFilter      : [SEC] Bearer présent (len=216)
2026-04-10T10:28:13.222+02:00 DEBUG 31076 --- [nio-8081-exec-3] club.taekwondo.config.JwtAuthFilter      : [SEC] email extrait du JWT = alizee.gueye@gmail.com
2026-04-10T10:28:13.222+02:00 DEBUG 31076 --- [nio-8081-exec-3] club.taekwondo.config.JwtAuthFilter      : [SEC] rôle extrait du JWT = MEMBRE
[2026-04-10T10:28:13.223317100+02:00][USR-SVC][getUtilisateurEntityByEmail] in email=alizee.gueye@gmail.com -> normalized=alizee.gueye@gmail.com
2026-04-10T10:28:13.225+02:00 DEBUG 31076 --- [nio-8081-exec-3] org.hibernate.SQL                        : select u1_0.id,u1_0.adresse,u1_0.club_id,u1_0.date_naissance,u1_0.email,u1_0.nom,u1_0.password,u1_0.password_temporaire,u1_0.password_updated_at,u1_0.prenom,u1_0.role,u1_0.telephone from utilisateur u1_0 where upper(u1_0.email)=upper(?)
Hibernate: select u1_0.id,u1_0.adresse,u1_0.club_id,u1_0.date_naissance,u1_0.email,u1_0.nom,u1_0.password,u1_0.password_temporaire,u1_0.password_updated_at,u1_0.prenom,u1_0.role,u1_0.telephone from utilisateur u1_0 where upper(u1_0.email)=upper(?)
2026-04-10T10:28:13.226+02:00 DEBUG 31076 --- [nio-8081-exec-3] org.hibernate.SQL                        : select c1_0.id,c1_0.adresse,c1_0.email,c1_0.logo,c1_0.name,c1_0.telephone from clubs c1_0 where c1_0.id=?
Hibernate: select c1_0.id,c1_0.adresse,c1_0.email,c1_0.logo,c1_0.name,c1_0.telephone from clubs c1_0 where c1_0.id=?
2026-04-10T10:28:13.227+02:00 DEBUG 31076 --- [nio-8081-exec-3] org.hibernate.SQL                        : select m1_0.id,m1_0.ceinture,m1_0.club_id,cu1_0.id,cu1_0.adresse,c2_0.id,c2_0.adresse,c2_0.email,c2_0.logo,c2_0.name,c2_0.telephone,cu1_0.date_naissance,cu1_0.email,cu1_0.nom,cu1_0.password,cu1_0.password_temporaire,cu1_0.password_updated_at,cu1_0.prenom,cu1_0.role,cu1_0.telephone,m1_0.date_naissance,m1_0.est_adulte,m1_0.nom,m1_0.numero_licence,m1_0.parent_id,m1_0.prenom from membre m1_0 left join utilisateur cu1_0 on cu1_0.id=m1_0.compte_utilisateur_id left join clubs c2_0 on c2_0.id=cu1_0.club_id where m1_0.compte_utilisateur_id=?
Hibernate: select m1_0.id,m1_0.ceinture,m1_0.club_id,cu1_0.id,cu1_0.adresse,c2_0.id,c2_0.adresse,c2_0.email,c2_0.logo,c2_0.name,c2_0.telephone,cu1_0.date_naissance,cu1_0.email,cu1_0.nom,cu1_0.password,cu1_0.password_temporaire,cu1_0.password_updated_at,cu1_0.prenom,cu1_0.role,cu1_0.telephone,m1_0.date_naissance,m1_0.est_adulte,m1_0.nom,m1_0.numero_licence,m1_0.parent_id,m1_0.prenom from membre m1_0 left join utilisateur cu1_0 on cu1_0.id=m1_0.compte_utilisateur_id left join clubs c2_0 on c2_0.id=cu1_0.club_id where m1_0.compte_utilisateur_id=?
[2026-04-10T10:28:13.229004+02:00][USR-SVC][getUtilisateurEntityByEmail] present? true
2026-04-10T10:28:13.229+02:00 DEBUG 31076 --- [nio-8081-exec-3] club.taekwondo.config.JwtAuthFilter      : [SEC] Utilisateur trouvé: Alizee Gueye
2026-04-10T10:28:13.229+02:00 DEBUG 31076 --- [nio-8081-exec-3] club.taekwondo.config.JwtAuthFilter      : [SEC] rôle BDD normalisé = MEMBRE
2026-04-10T10:28:13.229+02:00 DEBUG 31076 --- [nio-8081-exec-3] club.taekwondo.config.JwtAuthFilter      : [SEC] Auth OK: user=alizee.gueye@gmail.com authorities=[ROLE_MEMBRE]
2026-04-10T10:28:13.230+02:00 DEBUG 31076 --- [nio-8081-exec-3] o.s.security.web.FilterChainProxy        : Secured GET /api/documents/membre/5
2026-04-10T10:28:13.230+02:00 DEBUG 31076 --- [nio-8081-exec-3] o.s.web.servlet.DispatcherServlet        : GET "/api/documents/membre/5", parameters={}
2026-04-10T10:28:13.230+02:00 DEBUG 31076 --- [nio-8081-exec-3] s.w.s.m.m.a.RequestMappingHandlerMapping : Mapped to club.taekwondo.controller.jpa.DocumentController#getDocumentsByMembre(Long)
R�cup�ration des documents pour le membre avec ID: 5
R�cup�ration des documents pour le membre ID: 5
2026-04-10T10:28:13.233+02:00 DEBUG 31076 --- [nio-8081-exec-3] org.hibernate.SQL                        : select d1_0.id,d1_0.chemin_fichier,d1_0.date_depot,d1_0.description,d1_0.membre_id,d1_0.nom_document,d1_0.status,d1_0.type_document,d1_0.utilisateur_id from document d1_0 where d1_0.membre_id=?
Hibernate: select d1_0.id,d1_0.chemin_fichier,d1_0.date_depot,d1_0.description,d1_0.membre_id,d1_0.nom_document,d1_0.status,d1_0.type_document,d1_0.utilisateur_id from document d1_0 where d1_0.membre_id=?
Documents trouv�s: 0
Aucun document trouv� pour le membre avec ID: 5
2026-04-10T10:28:13.236+02:00 DEBUG 31076 --- [nio-8081-exec-3] o.s.w.s.m.m.a.HttpEntityMethodProcessor  : Using 'text/plain', given [*/*] and supported [text/plain, */*, application/json, application/*+json]
2026-04-10T10:28:13.237+02:00 DEBUG 31076 --- [nio-8081-exec-3] o.s.w.s.m.m.a.HttpEntityMethodProcessor  : Writing ["Aucun document trouvé pour ce membre."]
2026-04-10T10:28:13.237+02:00 DEBUG 31076 --- [nio-8081-exec-3] o.s.web.servlet.DispatcherServlet        : Completed 204 NO_CONTENT
2026-04-10T10:28:13.247+02:00 DEBUG 31076 --- [nio-8081-exec-7] o.s.security.web.FilterChainProxy        : Securing GET /api/documents/en-attente
2026-04-10T10:28:13.247+02:00 DEBUG 31076 --- [nio-8081-exec-7] club.taekwondo.config.JwtAuthFilter      : [SEC] GET /api/documents/en-attente
2026-04-10T10:28:13.247+02:00 DEBUG 31076 --- [nio-8081-exec-7] club.taekwondo.config.JwtAuthFilter      : [SEC] Header Authorization: Bearer eyJhbGciOiJIUzI1NiJ9.eyJzdWIiOiJhZG1pbnZpbGxldXJiYW5uZUBnbWFpbC5jb20iLCJyb2xlIjoiQURNSU4iLCJ1dGlsaXNhdGV1cklkIjozLCJpYXQiOjE3NzU4MDk2OTIsImV4cCI6MTc3NTg5NjA5Mn0.QUg5rwbjgCyEmaEC9IrENP-lUMcandXg4_8buwk8su0
2026-04-10T10:28:13.247+02:00 DEBUG 31076 --- [nio-8081-exec-7] club.taekwondo.config.JwtAuthFilter      : [SEC] Bearer présent (len=204)
2026-04-10T10:28:13.249+02:00 DEBUG 31076 --- [nio-8081-exec-7] club.taekwondo.config.JwtAuthFilter      : [SEC] email extrait du JWT = adminvilleurbanne@gmail.com
2026-04-10T10:28:13.249+02:00 DEBUG 31076 --- [nio-8081-exec-7] club.taekwondo.config.JwtAuthFilter      : [SEC] rôle extrait du JWT = ADMIN
[2026-04-10T10:28:13.252005400+02:00][USR-SVC][getUtilisateurEntityByEmail] in email=adminvilleurbanne@gmail.com -> normalized=adminvilleurbanne@gmail.com
2026-04-10T10:28:13.253+02:00 DEBUG 31076 --- [nio-8081-exec-7] org.hibernate.SQL                        : select u1_0.id,u1_0.adresse,u1_0.club_id,u1_0.date_naissance,u1_0.email,u1_0.nom,u1_0.password,u1_0.password_temporaire,u1_0.password_updated_at,u1_0.prenom,u1_0.role,u1_0.telephone from utilisateur u1_0 where upper(u1_0.email)=upper(?)
Hibernate: select u1_0.id,u1_0.adresse,u1_0.club_id,u1_0.date_naissance,u1_0.email,u1_0.nom,u1_0.password,u1_0.password_temporaire,u1_0.password_updated_at,u1_0.prenom,u1_0.role,u1_0.telephone from utilisateur u1_0 where upper(u1_0.email)=upper(?)
2026-04-10T10:28:13.254+02:00 DEBUG 31076 --- [nio-8081-exec-7] org.hibernate.SQL                        : select c1_0.id,c1_0.adresse,c1_0.email,c1_0.logo,c1_0.name,c1_0.telephone from clubs c1_0 where c1_0.id=?
Hibernate: select c1_0.id,c1_0.adresse,c1_0.email,c1_0.logo,c1_0.name,c1_0.telephone from clubs c1_0 where c1_0.id=?
2026-04-10T10:28:13.255+02:00 DEBUG 31076 --- [nio-8081-exec-7] org.hibernate.SQL                        : select m1_0.id,m1_0.ceinture,m1_0.club_id,cu1_0.id,cu1_0.adresse,c2_0.id,c2_0.adresse,c2_0.email,c2_0.logo,c2_0.name,c2_0.telephone,cu1_0.date_naissance,cu1_0.email,cu1_0.nom,cu1_0.password,cu1_0.password_temporaire,cu1_0.password_updated_at,cu1_0.prenom,cu1_0.role,cu1_0.telephone,m1_0.date_naissance,m1_0.est_adulte,m1_0.nom,m1_0.numero_licence,m1_0.parent_id,m1_0.prenom from membre m1_0 left join utilisateur cu1_0 on cu1_0.id=m1_0.compte_utilisateur_id left join clubs c2_0 on c2_0.id=cu1_0.club_id where m1_0.compte_utilisateur_id=?
Hibernate: select m1_0.id,m1_0.ceinture,m1_0.club_id,cu1_0.id,cu1_0.adresse,c2_0.id,c2_0.adresse,c2_0.email,c2_0.logo,c2_0.name,c2_0.telephone,cu1_0.date_naissance,cu1_0.email,cu1_0.nom,cu1_0.password,cu1_0.password_temporaire,cu1_0.password_updated_at,cu1_0.prenom,cu1_0.role,cu1_0.telephone,m1_0.date_naissance,m1_0.est_adulte,m1_0.nom,m1_0.numero_licence,m1_0.parent_id,m1_0.prenom from membre m1_0 left join utilisateur cu1_0 on cu1_0.id=m1_0.compte_utilisateur_id left join clubs c2_0 on c2_0.id=cu1_0.club_id where m1_0.compte_utilisateur_id=?
[2026-04-10T10:28:13.256005400+02:00][USR-SVC][getUtilisateurEntityByEmail] present? true
2026-04-10T10:28:13.256+02:00 DEBUG 31076 --- [nio-8081-exec-7] club.taekwondo.config.JwtAuthFilter      : [SEC] Utilisateur trouvé: adminVilleurbanne adminVilleurbanne
2026-04-10T10:28:13.256+02:00 DEBUG 31076 --- [nio-8081-exec-7] club.taekwondo.config.JwtAuthFilter      : [SEC] rôle BDD normalisé = ADMIN
2026-04-10T10:28:13.256+02:00 DEBUG 31076 --- [nio-8081-exec-7] club.taekwondo.config.JwtAuthFilter      : [SEC] Auth OK: user=adminvilleurbanne@gmail.com authorities=[ROLE_ADMIN]
2026-04-10T10:28:13.256+02:00 DEBUG 31076 --- [nio-8081-exec-7] o.s.security.web.FilterChainProxy        : Secured GET /api/documents/en-attente
2026-04-10T10:28:13.256+02:00 DEBUG 31076 --- [nio-8081-exec-7] o.s.web.servlet.DispatcherServlet        : GET "/api/documents/en-attente", parameters={}
2026-04-10T10:28:13.257+02:00 DEBUG 31076 --- [nio-8081-exec-7] s.w.s.m.m.a.RequestMappingHandlerMapping : Mapped to club.taekwondo.controller.jpa.DocumentController#getDocumentsEnAttente()
R�cup�ration des documents en attente...
R�cup�ration des documents avec le statut: en attente
2026-04-10T10:28:13.259+02:00 DEBUG 31076 --- [nio-8081-exec-7] org.hibernate.SQL                        : select d1_0.id,d1_0.chemin_fichier,d1_0.date_depot,d1_0.description,d1_0.membre_id,d1_0.nom_document,d1_0.status,d1_0.type_document,d1_0.utilisateur_id from document d1_0 where d1_0.status=?
Hibernate: select d1_0.id,d1_0.chemin_fichier,d1_0.date_depot,d1_0.description,d1_0.membre_id,d1_0.nom_document,d1_0.status,d1_0.type_document,d1_0.utilisateur_id from document d1_0 where d1_0.status=?
Conversion du document ID: 5 en DTO...
2026-04-10T10:28:13.263+02:00 DEBUG 31076 --- [nio-8081-exec-7] org.hibernate.SQL                        : select u1_0.id,u1_0.adresse,c1_0.id,c1_0.adresse,c1_0.email,c1_0.logo,c1_0.name,c1_0.telephone,u1_0.date_naissance,u1_0.email,m1_0.id,m1_0.ceinture,m1_0.club_id,m1_0.date_naissance,m1_0.est_adulte,m1_0.nom,m1_0.numero_licence,m1_0.parent_id,m1_0.prenom,u1_0.nom,u1_0.password,u1_0.password_temporaire,u1_0.password_updated_at,u1_0.prenom,u1_0.role,u1_0.telephone from utilisateur u1_0 left join clubs c1_0 on c1_0.id=u1_0.club_id left join membre m1_0 on u1_0.id=m1_0.compte_utilisateur_id where u1_0.id=?
Hibernate: select u1_0.id,u1_0.adresse,c1_0.id,c1_0.adresse,c1_0.email,c1_0.logo,c1_0.name,c1_0.telephone,u1_0.date_naissance,u1_0.email,m1_0.id,m1_0.ceinture,m1_0.club_id,m1_0.date_naissance,m1_0.est_adulte,m1_0.nom,m1_0.numero_licence,m1_0.parent_id,m1_0.prenom,u1_0.nom,u1_0.password,u1_0.password_temporaire,u1_0.password_updated_at,u1_0.prenom,u1_0.role,u1_0.telephone from utilisateur u1_0 left join clubs c1_0 on c1_0.id=u1_0.club_id left join membre m1_0 on u1_0.id=m1_0.compte_utilisateur_id where u1_0.id=?
2026-04-10T10:28:13.264+02:00 DEBUG 31076 --- [nio-8081-exec-7] org.hibernate.SQL                        : select m1_0.id,m1_0.ceinture,m1_0.club_id,cu1_0.id,cu1_0.adresse,c2_0.id,c2_0.adresse,c2_0.email,c2_0.logo,c2_0.name,c2_0.telephone,cu1_0.date_naissance,cu1_0.email,cu1_0.nom,cu1_0.password,cu1_0.password_temporaire,cu1_0.password_updated_at,cu1_0.prenom,cu1_0.role,cu1_0.telephone,m1_0.date_naissance,m1_0.est_adulte,m1_0.nom,m1_0.numero_licence,m1_0.parent_id,m1_0.prenom from membre m1_0 left join utilisateur cu1_0 on cu1_0.id=m1_0.compte_utilisateur_id left join clubs c2_0 on c2_0.id=cu1_0.club_id where m1_0.id=?
Hibernate: select m1_0.id,m1_0.ceinture,m1_0.club_id,cu1_0.id,cu1_0.adresse,c2_0.id,c2_0.adresse,c2_0.email,c2_0.logo,c2_0.name,c2_0.telephone,cu1_0.date_naissance,cu1_0.email,cu1_0.nom,cu1_0.password,cu1_0.password_temporaire,cu1_0.password_updated_at,cu1_0.prenom,cu1_0.role,cu1_0.telephone,m1_0.date_naissance,m1_0.est_adulte,m1_0.nom,m1_0.numero_licence,m1_0.parent_id,m1_0.prenom from membre m1_0 left join utilisateur cu1_0 on cu1_0.id=m1_0.compte_utilisateur_id left join clubs c2_0 on c2_0.id=cu1_0.club_id where m1_0.id=?
Documents trouv�s: 1
Documents en attente r�cup�r�s: 1
2026-04-10T10:28:13.266+02:00 DEBUG 31076 --- [nio-8081-exec-7] o.s.w.s.m.m.a.HttpEntityMethodProcessor  : Using 'application/json', given [*/*] and supported [application/json, application/*+json]
2026-04-10T10:28:13.266+02:00 DEBUG 31076 --- [nio-8081-exec-7] o.s.w.s.m.m.a.HttpEntityMethodProcessor  : Writing [[club.taekwondo.dto.DocumentDTO@4cf93971]]
2026-04-10T10:28:13.268+02:00 DEBUG 31076 --- [nio-8081-exec-7] o.s.web.servlet.DispatcherServlet        : Completed 200 OK
2026-04-10T10:28:13.287+02:00 DEBUG 31076 --- [nio-8081-exec-9] o.s.security.web.FilterChainProxy        : Securing GET /api/documents/membre/13
2026-04-10T10:28:13.287+02:00 DEBUG 31076 --- [nio-8081-exec-9] club.taekwondo.config.JwtAuthFilter      : [SEC] GET /api/documents/membre/13
2026-04-10T10:28:13.287+02:00 DEBUG 31076 --- [nio-8081-exec-9] club.taekwondo.config.JwtAuthFilter      : [SEC] Header Authorization: Bearer eyJhbGciOiJIUzI1NiJ9.eyJzdWIiOiJhZ3VleWUxNDAzQGdtYWlsLmNvbSIsInJvbGUiOiJQQVJFTlQiLCJ1dGlsaXNhdGV1cklkIjoxMCwiaWF0IjoxNzc1ODA5NjkyLCJleHAiOjE3NzU4OTYwOTJ9.RTjirMYp82-Pi1HKaM5vy597Jy-Gc3bywrv5C0_QUCM
2026-04-10T10:28:13.288+02:00 DEBUG 31076 --- [nio-8081-exec-9] club.taekwondo.config.JwtAuthFilter      : [SEC] Bearer présent (len=197)
2026-04-10T10:28:13.289+02:00 DEBUG 31076 --- [nio-8081-exec-9] club.taekwondo.config.JwtAuthFilter      : [SEC] email extrait du JWT = agueye1403@gmail.com
2026-04-10T10:28:13.289+02:00 DEBUG 31076 --- [nio-8081-exec-9] club.taekwondo.config.JwtAuthFilter      : [SEC] rôle extrait du JWT = PARENT
[2026-04-10T10:28:13.291176600+02:00][USR-SVC][getUtilisateurEntityByEmail] in email=agueye1403@gmail.com -> normalized=agueye1403@gmail.com
2026-04-10T10:28:13.292+02:00 DEBUG 31076 --- [nio-8081-exec-9] org.hibernate.SQL                        : select u1_0.id,u1_0.adresse,u1_0.club_id,u1_0.date_naissance,u1_0.email,u1_0.nom,u1_0.password,u1_0.password_temporaire,u1_0.password_updated_at,u1_0.prenom,u1_0.role,u1_0.telephone from utilisateur u1_0 where upper(u1_0.email)=upper(?)
Hibernate: select u1_0.id,u1_0.adresse,u1_0.club_id,u1_0.date_naissance,u1_0.email,u1_0.nom,u1_0.password,u1_0.password_temporaire,u1_0.password_updated_at,u1_0.prenom,u1_0.role,u1_0.telephone from utilisateur u1_0 where upper(u1_0.email)=upper(?)
2026-04-10T10:28:13.293+02:00 DEBUG 31076 --- [nio-8081-exec-9] org.hibernate.SQL                        : select c1_0.id,c1_0.adresse,c1_0.email,c1_0.logo,c1_0.name,c1_0.telephone from clubs c1_0 where c1_0.id=?
Hibernate: select c1_0.id,c1_0.adresse,c1_0.email,c1_0.logo,c1_0.name,c1_0.telephone from clubs c1_0 where c1_0.id=?
2026-04-10T10:28:13.294+02:00 DEBUG 31076 --- [nio-8081-exec-9] org.hibernate.SQL                        : select m1_0.id,m1_0.ceinture,m1_0.club_id,cu1_0.id,cu1_0.adresse,c2_0.id,c2_0.adresse,c2_0.email,c2_0.logo,c2_0.name,c2_0.telephone,cu1_0.date_naissance,cu1_0.email,cu1_0.nom,cu1_0.password,cu1_0.password_temporaire,cu1_0.password_updated_at,cu1_0.prenom,cu1_0.role,cu1_0.telephone,m1_0.date_naissance,m1_0.est_adulte,m1_0.nom,m1_0.numero_licence,m1_0.parent_id,m1_0.prenom from membre m1_0 left join utilisateur cu1_0 on cu1_0.id=m1_0.compte_utilisateur_id left join clubs c2_0 on c2_0.id=cu1_0.club_id where m1_0.compte_utilisateur_id=?
Hibernate: select m1_0.id,m1_0.ceinture,m1_0.club_id,cu1_0.id,cu1_0.adresse,c2_0.id,c2_0.adresse,c2_0.email,c2_0.logo,c2_0.name,c2_0.telephone,cu1_0.date_naissance,cu1_0.email,cu1_0.nom,cu1_0.password,cu1_0.password_temporaire,cu1_0.password_updated_at,cu1_0.prenom,cu1_0.role,cu1_0.telephone,m1_0.date_naissance,m1_0.est_adulte,m1_0.nom,m1_0.numero_licence,m1_0.parent_id,m1_0.prenom from membre m1_0 left join utilisateur cu1_0 on cu1_0.id=m1_0.compte_utilisateur_id left join clubs c2_0 on c2_0.id=cu1_0.club_id where m1_0.compte_utilisateur_id=?
[2026-04-10T10:28:13.295175900+02:00][USR-SVC][getUtilisateurEntityByEmail] present? true
2026-04-10T10:28:13.295+02:00 DEBUG 31076 --- [nio-8081-exec-9] club.taekwondo.config.JwtAuthFilter      : [SEC] Utilisateur trouvé: ali Gueye
2026-04-10T10:28:13.295+02:00 DEBUG 31076 --- [nio-8081-exec-9] club.taekwondo.config.JwtAuthFilter      : [SEC] rôle BDD normalisé = PARENT
2026-04-10T10:28:13.295+02:00 DEBUG 31076 --- [nio-8081-exec-9] club.taekwondo.config.JwtAuthFilter      : [SEC] Auth OK: user=agueye1403@gmail.com authorities=[ROLE_PARENT]
2026-04-10T10:28:13.295+02:00 DEBUG 31076 --- [nio-8081-exec-9] o.s.security.web.FilterChainProxy        : Secured GET /api/documents/membre/13
2026-04-10T10:28:13.295+02:00 DEBUG 31076 --- [nio-8081-exec-9] o.s.web.servlet.DispatcherServlet        : GET "/api/documents/membre/13", parameters={}
2026-04-10T10:28:13.296+02:00 DEBUG 31076 --- [nio-8081-exec-9] s.w.s.m.m.a.RequestMappingHandlerMapping : Mapped to club.taekwondo.controller.jpa.DocumentController#getDocumentsByMembre(Long)
R�cup�ration des documents pour le membre avec ID: 13
R�cup�ration des documents pour le membre ID: 13
2026-04-10T10:28:13.298+02:00 DEBUG 31076 --- [nio-8081-exec-9] org.hibernate.SQL                        : select d1_0.id,d1_0.chemin_fichier,d1_0.date_depot,d1_0.description,d1_0.membre_id,d1_0.nom_document,d1_0.status,d1_0.type_document,d1_0.utilisateur_id from document d1_0 where d1_0.membre_id=?
Hibernate: select d1_0.id,d1_0.chemin_fichier,d1_0.date_depot,d1_0.description,d1_0.membre_id,d1_0.nom_document,d1_0.status,d1_0.type_document,d1_0.utilisateur_id from document d1_0 where d1_0.membre_id=?
Documents trouv�s: 0
Aucun document trouv� pour le membre avec ID: 13
2026-04-10T10:28:13.299+02:00 DEBUG 31076 --- [nio-8081-exec-9] o.s.w.s.m.m.a.HttpEntityMethodProcessor  : Using 'text/plain', given [*/*] and supported [text/plain, */*, application/json, application/*+json]
2026-04-10T10:28:13.299+02:00 DEBUG 31076 --- [nio-8081-exec-9] o.s.w.s.m.m.a.HttpEntityMethodProcessor  : Writing ["Aucun document trouvé pour ce membre."]
2026-04-10T10:28:13.300+02:00 DEBUG 31076 --- [nio-8081-exec-9] o.s.web.servlet.DispatcherServlet        : Completed 204 NO_CONTENT
2026-04-10T10:28:13.310+02:00 DEBUG 31076 --- [nio-8081-exec-8] o.s.security.web.FilterChainProxy        : Securing GET /api/documents/membre/1
2026-04-10T10:28:13.310+02:00 DEBUG 31076 --- [nio-8081-exec-8] club.taekwondo.config.JwtAuthFilter      : [SEC] GET /api/documents/membre/1
2026-04-10T10:28:13.311+02:00 DEBUG 31076 --- [nio-8081-exec-8] club.taekwondo.config.JwtAuthFilter      : [SEC] Header Authorization: Bearer eyJhbGciOiJIUzI1NiJ9.eyJzdWIiOiJhZ3VleWUxNDAzQGdtYWlsLmNvbSIsInJvbGUiOiJQQVJFTlQiLCJ1dGlsaXNhdGV1cklkIjoxMCwiaWF0IjoxNzc1ODA5NjkyLCJleHAiOjE3NzU4OTYwOTJ9.RTjirMYp82-Pi1HKaM5vy597Jy-Gc3bywrv5C0_QUCM
2026-04-10T10:28:13.311+02:00 DEBUG 31076 --- [nio-8081-exec-8] club.taekwondo.config.JwtAuthFilter      : [SEC] Bearer présent (len=197)
2026-04-10T10:28:13.312+02:00 DEBUG 31076 --- [nio-8081-exec-8] club.taekwondo.config.JwtAuthFilter      : [SEC] email extrait du JWT = agueye1403@gmail.com
2026-04-10T10:28:13.312+02:00 DEBUG 31076 --- [nio-8081-exec-8] club.taekwondo.config.JwtAuthFilter      : [SEC] rôle extrait du JWT = PARENT
[2026-04-10T10:28:13.314256500+02:00][USR-SVC][getUtilisateurEntityByEmail] in email=agueye1403@gmail.com -> normalized=agueye1403@gmail.com
2026-04-10T10:28:13.315+02:00 DEBUG 31076 --- [nio-8081-exec-8] org.hibernate.SQL                        : select u1_0.id,u1_0.adresse,u1_0.club_id,u1_0.date_naissance,u1_0.email,u1_0.nom,u1_0.password,u1_0.password_temporaire,u1_0.password_updated_at,u1_0.prenom,u1_0.role,u1_0.telephone from utilisateur u1_0 where upper(u1_0.email)=upper(?)
Hibernate: select u1_0.id,u1_0.adresse,u1_0.club_id,u1_0.date_naissance,u1_0.email,u1_0.nom,u1_0.password,u1_0.password_temporaire,u1_0.password_updated_at,u1_0.prenom,u1_0.role,u1_0.telephone from utilisateur u1_0 where upper(u1_0.email)=upper(?)
2026-04-10T10:28:13.316+02:00 DEBUG 31076 --- [nio-8081-exec-8] org.hibernate.SQL                        : select c1_0.id,c1_0.adresse,c1_0.email,c1_0.logo,c1_0.name,c1_0.telephone from clubs c1_0 where c1_0.id=?
Hibernate: select c1_0.id,c1_0.adresse,c1_0.email,c1_0.logo,c1_0.name,c1_0.telephone from clubs c1_0 where c1_0.id=?
2026-04-10T10:28:13.317+02:00 DEBUG 31076 --- [nio-8081-exec-8] org.hibernate.SQL                        : select m1_0.id,m1_0.ceinture,m1_0.club_id,cu1_0.id,cu1_0.adresse,c2_0.id,c2_0.adresse,c2_0.email,c2_0.logo,c2_0.name,c2_0.telephone,cu1_0.date_naissance,cu1_0.email,cu1_0.nom,cu1_0.password,cu1_0.password_temporaire,cu1_0.password_updated_at,cu1_0.prenom,cu1_0.role,cu1_0.telephone,m1_0.date_naissance,m1_0.est_adulte,m1_0.nom,m1_0.numero_licence,m1_0.parent_id,m1_0.prenom from membre m1_0 left join utilisateur cu1_0 on cu1_0.id=m1_0.compte_utilisateur_id left join clubs c2_0 on c2_0.id=cu1_0.club_id where m1_0.compte_utilisateur_id=?
Hibernate: select m1_0.id,m1_0.ceinture,m1_0.club_id,cu1_0.id,cu1_0.adresse,c2_0.id,c2_0.adresse,c2_0.email,c2_0.logo,c2_0.name,c2_0.telephone,cu1_0.date_naissance,cu1_0.email,cu1_0.nom,cu1_0.password,cu1_0.password_temporaire,cu1_0.password_updated_at,cu1_0.prenom,cu1_0.role,cu1_0.telephone,m1_0.date_naissance,m1_0.est_adulte,m1_0.nom,m1_0.numero_licence,m1_0.parent_id,m1_0.prenom from membre m1_0 left join utilisateur cu1_0 on cu1_0.id=m1_0.compte_utilisateur_id left join clubs c2_0 on c2_0.id=cu1_0.club_id where m1_0.compte_utilisateur_id=?
[2026-04-10T10:28:13.317928900+02:00][USR-SVC][getUtilisateurEntityByEmail] present? true
2026-04-10T10:28:13.317+02:00 DEBUG 31076 --- [nio-8081-exec-8] club.taekwondo.config.JwtAuthFilter      : [SEC] Utilisateur trouvé: ali Gueye
2026-04-10T10:28:13.318+02:00 DEBUG 31076 --- [nio-8081-exec-8] club.taekwondo.config.JwtAuthFilter      : [SEC] rôle BDD normalisé = PARENT
2026-04-10T10:28:13.318+02:00 DEBUG 31076 --- [nio-8081-exec-8] club.taekwondo.config.JwtAuthFilter      : [SEC] Auth OK: user=agueye1403@gmail.com authorities=[ROLE_PARENT]
2026-04-10T10:28:13.318+02:00 DEBUG 31076 --- [nio-8081-exec-8] o.s.security.web.FilterChainProxy        : Secured GET /api/documents/membre/1
2026-04-10T10:28:13.318+02:00 DEBUG 31076 --- [nio-8081-exec-8] o.s.web.servlet.DispatcherServlet        : GET "/api/documents/membre/1", parameters={}
2026-04-10T10:28:13.319+02:00 DEBUG 31076 --- [nio-8081-exec-8] s.w.s.m.m.a.RequestMappingHandlerMapping : Mapped to club.taekwondo.controller.jpa.DocumentController#getDocumentsByMembre(Long)
R�cup�ration des documents pour le membre avec ID: 1
R�cup�ration des documents pour le membre ID: 1
2026-04-10T10:28:13.321+02:00 DEBUG 31076 --- [nio-8081-exec-8] org.hibernate.SQL                        : select d1_0.id,d1_0.chemin_fichier,d1_0.date_depot,d1_0.description,d1_0.membre_id,d1_0.nom_document,d1_0.status,d1_0.type_document,d1_0.utilisateur_id from document d1_0 where d1_0.membre_id=?
Hibernate: select d1_0.id,d1_0.chemin_fichier,d1_0.date_depot,d1_0.description,d1_0.membre_id,d1_0.nom_document,d1_0.status,d1_0.type_document,d1_0.utilisateur_id from document d1_0 where d1_0.membre_id=?
Conversion du document ID: 1 en DTO...
2026-04-10T10:28:13.322+02:00 DEBUG 31076 --- [nio-8081-exec-8] org.hibernate.SQL                        : select u1_0.id,u1_0.adresse,c1_0.id,c1_0.adresse,c1_0.email,c1_0.logo,c1_0.name,c1_0.telephone,u1_0.date_naissance,u1_0.email,m1_0.id,m1_0.ceinture,m1_0.club_id,m1_0.date_naissance,m1_0.est_adulte,m1_0.nom,m1_0.numero_licence,m1_0.parent_id,m1_0.prenom,u1_0.nom,u1_0.password,u1_0.password_temporaire,u1_0.password_updated_at,u1_0.prenom,u1_0.role,u1_0.telephone from utilisateur u1_0 left join clubs c1_0 on c1_0.id=u1_0.club_id left join membre m1_0 on u1_0.id=m1_0.compte_utilisateur_id where u1_0.id=?
Hibernate: select u1_0.id,u1_0.adresse,c1_0.id,c1_0.adresse,c1_0.email,c1_0.logo,c1_0.name,c1_0.telephone,u1_0.date_naissance,u1_0.email,m1_0.id,m1_0.ceinture,m1_0.club_id,m1_0.date_naissance,m1_0.est_adulte,m1_0.nom,m1_0.numero_licence,m1_0.parent_id,m1_0.prenom,u1_0.nom,u1_0.password,u1_0.password_temporaire,u1_0.password_updated_at,u1_0.prenom,u1_0.role,u1_0.telephone from utilisateur u1_0 left join clubs c1_0 on c1_0.id=u1_0.club_id left join membre m1_0 on u1_0.id=m1_0.compte_utilisateur_id where u1_0.id=?
2026-04-10T10:28:13.323+02:00 DEBUG 31076 --- [nio-8081-exec-8] org.hibernate.SQL                        : select m1_0.id,m1_0.ceinture,m1_0.club_id,cu1_0.id,cu1_0.adresse,c2_0.id,c2_0.adresse,c2_0.email,c2_0.logo,c2_0.name,c2_0.telephone,cu1_0.date_naissance,cu1_0.email,cu1_0.nom,cu1_0.password,cu1_0.password_temporaire,cu1_0.password_updated_at,cu1_0.prenom,cu1_0.role,cu1_0.telephone,m1_0.date_naissance,m1_0.est_adulte,m1_0.nom,m1_0.numero_licence,m1_0.parent_id,m1_0.prenom from membre m1_0 left join utilisateur cu1_0 on cu1_0.id=m1_0.compte_utilisateur_id left join clubs c2_0 on c2_0.id=cu1_0.club_id where m1_0.id=?
Hibernate: select m1_0.id,m1_0.ceinture,m1_0.club_id,cu1_0.id,cu1_0.adresse,c2_0.id,c2_0.adresse,c2_0.email,c2_0.logo,c2_0.name,c2_0.telephone,cu1_0.date_naissance,cu1_0.email,cu1_0.nom,cu1_0.password,cu1_0.password_temporaire,cu1_0.password_updated_at,cu1_0.prenom,cu1_0.role,cu1_0.telephone,m1_0.date_naissance,m1_0.est_adulte,m1_0.nom,m1_0.numero_licence,m1_0.parent_id,m1_0.prenom from membre m1_0 left join utilisateur cu1_0 on cu1_0.id=m1_0.compte_utilisateur_id left join clubs c2_0 on c2_0.id=cu1_0.club_id where m1_0.id=?
Conversion du document ID: 5 en DTO...
Documents trouv�s: 2
Documents trouv�s pour le membre: 2
2026-04-10T10:28:13.324+02:00 DEBUG 31076 --- [nio-8081-exec-8] o.s.w.s.m.m.a.HttpEntityMethodProcessor  : Using 'application/json', given [*/*] and supported [application/json, application/*+json]
2026-04-10T10:28:13.325+02:00 DEBUG 31076 --- [nio-8081-exec-8] o.s.w.s.m.m.a.HttpEntityMethodProcessor  : Writing [[club.taekwondo.dto.DocumentDTO@5446803a, club.taekwondo.dto.DocumentDTO@44879ef2]]
2026-04-10T10:28:13.326+02:00 DEBUG 31076 --- [nio-8081-exec-8] o.s.web.servlet.DispatcherServlet        : Completed 200 OK
2026-04-10T10:28:13.343+02:00 DEBUG 31076 --- [io-8081-exec-10] o.s.security.web.FilterChainProxy        : Securing GET /api/evenements
2026-04-10T10:28:13.344+02:00 DEBUG 31076 --- [io-8081-exec-10] club.taekwondo.config.JwtAuthFilter      : [SEC] GET /api/evenements
2026-04-10T10:28:13.344+02:00 DEBUG 31076 --- [io-8081-exec-10] club.taekwondo.config.JwtAuthFilter      : [SEC] Header Authorization: null
2026-04-10T10:28:13.344+02:00 DEBUG 31076 --- [io-8081-exec-10] club.taekwondo.config.JwtAuthFilter      : [SEC] Pas de Bearer → anonyme
2026-04-10T10:28:13.344+02:00 DEBUG 31076 --- [io-8081-exec-10] o.s.s.w.a.AnonymousAuthenticationFilter  : Set SecurityContextHolder to anonymous SecurityContext
2026-04-10T10:28:13.344+02:00  WARN 31076 --- [io-8081-exec-10] club.taekwondo.config.SecurityConfig     : [SEC] 401 GET /api/evenements
2026-04-10T10:28:13.360+02:00 DEBUG 31076 --- [nio-8081-exec-1] o.s.security.web.FilterChainProxy        : Securing GET /api/evenements/actifs
2026-04-10T10:28:13.361+02:00 DEBUG 31076 --- [nio-8081-exec-1] club.taekwondo.config.JwtAuthFilter      : [SEC] GET /api/evenements/actifs
2026-04-10T10:28:13.361+02:00 DEBUG 31076 --- [nio-8081-exec-1] club.taekwondo.config.JwtAuthFilter      : [SEC] Header Authorization: null
2026-04-10T10:28:13.361+02:00 DEBUG 31076 --- [nio-8081-exec-1] club.taekwondo.config.JwtAuthFilter      : [SEC] Pas de Bearer → anonyme
2026-04-10T10:28:13.361+02:00 DEBUG 31076 --- [nio-8081-exec-1] o.s.s.w.a.AnonymousAuthenticationFilter  : Set SecurityContextHolder to anonymous SecurityContext
2026-04-10T10:28:13.361+02:00  WARN 31076 --- [nio-8081-exec-1] club.taekwondo.config.SecurityConfig     : [SEC] 401 GET /api/evenements/actifs
2026-04-10T10:28:13.364+02:00 DEBUG 31076 --- [nio-8081-exec-2] o.s.security.web.FilterChainProxy        : Securing GET /api/evenements/club/1
2026-04-10T10:28:13.364+02:00 DEBUG 31076 --- [nio-8081-exec-2] club.taekwondo.config.JwtAuthFilter      : [SEC] GET /api/evenements/club/1
2026-04-10T10:28:13.364+02:00 DEBUG 31076 --- [nio-8081-exec-2] club.taekwondo.config.JwtAuthFilter      : [SEC] Header Authorization: Bearer eyJhbGciOiJIUzI1NiJ9.eyJzdWIiOiJhZG1pbnZpbGxldXJiYW5uZUBnbWFpbC5jb20iLCJyb2xlIjoiQURNSU4iLCJ1dGlsaXNhdGV1cklkIjozLCJpYXQiOjE3NzU4MDk2OTIsImV4cCI6MTc3NTg5NjA5Mn0.QUg5rwbjgCyEmaEC9IrENP-lUMcandXg4_8buwk8su0
2026-04-10T10:28:13.364+02:00 DEBUG 31076 --- [nio-8081-exec-2] club.taekwondo.config.JwtAuthFilter      : [SEC] Bearer présent (len=204)
2026-04-10T10:28:13.366+02:00 DEBUG 31076 --- [nio-8081-exec-2] club.taekwondo.config.JwtAuthFilter      : [SEC] email extrait du JWT = adminvilleurbanne@gmail.com
2026-04-10T10:28:13.366+02:00 DEBUG 31076 --- [nio-8081-exec-2] club.taekwondo.config.JwtAuthFilter      : [SEC] rôle extrait du JWT = ADMIN
[2026-04-10T10:28:13.369034100+02:00][USR-SVC][getUtilisateurEntityByEmail] in email=adminvilleurbanne@gmail.com -> normalized=adminvilleurbanne@gmail.com
2026-04-10T10:28:13.370+02:00 DEBUG 31076 --- [nio-8081-exec-2] org.hibernate.SQL                        : select u1_0.id,u1_0.adresse,u1_0.club_id,u1_0.date_naissance,u1_0.email,u1_0.nom,u1_0.password,u1_0.password_temporaire,u1_0.password_updated_at,u1_0.prenom,u1_0.role,u1_0.telephone from utilisateur u1_0 where upper(u1_0.email)=upper(?)
Hibernate: select u1_0.id,u1_0.adresse,u1_0.club_id,u1_0.date_naissance,u1_0.email,u1_0.nom,u1_0.password,u1_0.password_temporaire,u1_0.password_updated_at,u1_0.prenom,u1_0.role,u1_0.telephone from utilisateur u1_0 where upper(u1_0.email)=upper(?)
2026-04-10T10:28:13.371+02:00 DEBUG 31076 --- [nio-8081-exec-2] org.hibernate.SQL                        : select c1_0.id,c1_0.adresse,c1_0.email,c1_0.logo,c1_0.name,c1_0.telephone from clubs c1_0 where c1_0.id=?
Hibernate: select c1_0.id,c1_0.adresse,c1_0.email,c1_0.logo,c1_0.name,c1_0.telephone from clubs c1_0 where c1_0.id=?
2026-04-10T10:28:13.372+02:00 DEBUG 31076 --- [nio-8081-exec-2] org.hibernate.SQL                        : select m1_0.id,m1_0.ceinture,m1_0.club_id,cu1_0.id,cu1_0.adresse,c2_0.id,c2_0.adresse,c2_0.email,c2_0.logo,c2_0.name,c2_0.telephone,cu1_0.date_naissance,cu1_0.email,cu1_0.nom,cu1_0.password,cu1_0.password_temporaire,cu1_0.password_updated_at,cu1_0.prenom,cu1_0.role,cu1_0.telephone,m1_0.date_naissance,m1_0.est_adulte,m1_0.nom,m1_0.numero_licence,m1_0.parent_id,m1_0.prenom from membre m1_0 left join utilisateur cu1_0 on cu1_0.id=m1_0.compte_utilisateur_id left join clubs c2_0 on c2_0.id=cu1_0.club_id where m1_0.compte_utilisateur_id=?
Hibernate: select m1_0.id,m1_0.ceinture,m1_0.club_id,cu1_0.id,cu1_0.adresse,c2_0.id,c2_0.adresse,c2_0.email,c2_0.logo,c2_0.name,c2_0.telephone,cu1_0.date_naissance,cu1_0.email,cu1_0.nom,cu1_0.password,cu1_0.password_temporaire,cu1_0.password_updated_at,cu1_0.prenom,cu1_0.role,cu1_0.telephone,m1_0.date_naissance,m1_0.est_adulte,m1_0.nom,m1_0.numero_licence,m1_0.parent_id,m1_0.prenom from membre m1_0 left join utilisateur cu1_0 on cu1_0.id=m1_0.compte_utilisateur_id left join clubs c2_0 on c2_0.id=cu1_0.club_id where m1_0.compte_utilisateur_id=?
[2026-04-10T10:28:13.372040700+02:00][USR-SVC][getUtilisateurEntityByEmail] present? true
2026-04-10T10:28:13.373+02:00 DEBUG 31076 --- [nio-8081-exec-2] club.taekwondo.config.JwtAuthFilter      : [SEC] Utilisateur trouvé: adminVilleurbanne adminVilleurbanne
2026-04-10T10:28:13.373+02:00 DEBUG 31076 --- [nio-8081-exec-2] club.taekwondo.config.JwtAuthFilter      : [SEC] rôle BDD normalisé = ADMIN
2026-04-10T10:28:13.373+02:00 DEBUG 31076 --- [nio-8081-exec-2] club.taekwondo.config.JwtAuthFilter      : [SEC] Auth OK: user=adminvilleurbanne@gmail.com authorities=[ROLE_ADMIN]
2026-04-10T10:28:13.373+02:00 DEBUG 31076 --- [nio-8081-exec-2] o.s.security.web.FilterChainProxy        : Secured GET /api/evenements/club/1
2026-04-10T10:28:13.374+02:00 DEBUG 31076 --- [nio-8081-exec-2] o.s.web.servlet.DispatcherServlet        : GET "/api/evenements/club/1", parameters={}
2026-04-10T10:28:13.374+02:00 DEBUG 31076 --- [nio-8081-exec-2] s.w.s.m.m.a.RequestMappingHandlerMapping : Mapped to club.taekwondo.controller.jpa.EvenementController#getEvenementsByClub(Long)
2026-04-10T10:28:13.376+02:00 DEBUG 31076 --- [nio-8081-exec-2] org.hibernate.SQL                        : select e1_0.id,e1_0.actif,e1_0.capacite,e1_0.club_id,e1_0.date_debut,e1_0.date_fin,e1_0.description,e1_0.image_filename,e1_0.lieu,e1_0.titre from evenement e1_0 where e1_0.club_id=?
Hibernate: select e1_0.id,e1_0.actif,e1_0.capacite,e1_0.club_id,e1_0.date_debut,e1_0.date_fin,e1_0.description,e1_0.image_filename,e1_0.lieu,e1_0.titre from evenement e1_0 where e1_0.club_id=?
2026-04-10T10:28:13.377+02:00 DEBUG 31076 --- [nio-8081-exec-2] o.s.w.s.m.m.a.HttpEntityMethodProcessor  : Using 'application/json', given [*/*] and supported [application/json, application/*+json]
2026-04-10T10:28:13.378+02:00 DEBUG 31076 --- [nio-8081-exec-2] o.s.w.s.m.m.a.HttpEntityMethodProcessor  : Writing [[]]
2026-04-10T10:28:13.379+02:00 DEBUG 31076 --- [nio-8081-exec-2] o.s.web.servlet.DispatcherServlet        : Completed 200 OK
2026-04-10T10:28:13.396+02:00 DEBUG 31076 --- [nio-8081-exec-5] o.s.security.web.FilterChainProxy        : Securing GET /api/galeries/club/1
2026-04-10T10:28:13.396+02:00 DEBUG 31076 --- [nio-8081-exec-5] club.taekwondo.config.JwtAuthFilter      : [SEC] GET /api/galeries/club/1
2026-04-10T10:28:13.396+02:00 DEBUG 31076 --- [nio-8081-exec-5] club.taekwondo.config.JwtAuthFilter      : [SEC] Header Authorization: null
2026-04-10T10:28:13.397+02:00 DEBUG 31076 --- [nio-8081-exec-5] club.taekwondo.config.JwtAuthFilter      : [SEC] Pas de Bearer → anonyme
2026-04-10T10:28:13.397+02:00 DEBUG 31076 --- [nio-8081-exec-5] o.s.s.w.a.AnonymousAuthenticationFilter  : Set SecurityContextHolder to anonymous SecurityContext
2026-04-10T10:28:13.397+02:00 DEBUG 31076 --- [nio-8081-exec-5] o.s.security.web.FilterChainProxy        : Secured GET /api/galeries/club/1
2026-04-10T10:28:13.397+02:00 DEBUG 31076 --- [nio-8081-exec-5] o.s.web.servlet.DispatcherServlet        : GET "/api/galeries/club/1", parameters={}
2026-04-10T10:28:13.398+02:00 DEBUG 31076 --- [nio-8081-exec-5] s.w.s.m.m.a.RequestMappingHandlerMapping : Mapped to club.taekwondo.controller.mongo.GalerieController#getByClubId(Long)
2026-04-10T10:28:13.486+02:00 DEBUG 31076 --- [nio-8081-exec-5] m.m.a.RequestResponseBodyMethodProcessor : Using 'application/json', given [*/*] and supported [application/json, application/*+json]
2026-04-10T10:28:13.486+02:00 DEBUG 31076 --- [nio-8081-exec-5] m.m.a.RequestResponseBodyMethodProcessor : Writing [[]]
2026-04-10T10:28:13.487+02:00 DEBUG 31076 --- [nio-8081-exec-5] o.s.web.servlet.DispatcherServlet        : Completed 200 OK
2026-04-10T10:28:13.504+02:00 DEBUG 31076 --- [nio-8081-exec-6] o.s.security.web.FilterChainProxy        : Securing GET /api/produits/club/1
2026-04-10T10:28:13.505+02:00 DEBUG 31076 --- [nio-8081-exec-6] club.taekwondo.config.JwtAuthFilter      : [SEC] GET /api/produits/club/1
2026-04-10T10:28:13.505+02:00 DEBUG 31076 --- [nio-8081-exec-6] club.taekwondo.config.JwtAuthFilter      : [SEC] Header Authorization: null
2026-04-10T10:28:13.505+02:00 DEBUG 31076 --- [nio-8081-exec-6] club.taekwondo.config.JwtAuthFilter      : [SEC] Pas de Bearer → anonyme
2026-04-10T10:28:13.505+02:00 DEBUG 31076 --- [nio-8081-exec-6] o.s.s.w.a.AnonymousAuthenticationFilter  : Set SecurityContextHolder to anonymous SecurityContext
2026-04-10T10:28:13.505+02:00 DEBUG 31076 --- [nio-8081-exec-6] o.s.security.web.FilterChainProxy        : Secured GET /api/produits/club/1
2026-04-10T10:28:13.506+02:00 DEBUG 31076 --- [nio-8081-exec-6] o.s.web.servlet.DispatcherServlet        : GET "/api/produits/club/1", parameters={}
2026-04-10T10:28:13.506+02:00 DEBUG 31076 --- [nio-8081-exec-6] s.w.s.m.m.a.RequestMappingHandlerMapping : Mapped to club.taekwondo.controller.jpa.ProduitController#getProduitsByClub(Long)
2026-04-10T10:28:13.508+02:00 DEBUG 31076 --- [nio-8081-exec-6] org.hibernate.SQL                        : select p1_0.id,p1_0.categorie,p1_0.club_id,p1_0.description,p1_0.image_url,p1_0.nom,p1_0.prix,p1_0.stock from produit p1_0 where p1_0.club_id=?
Hibernate: select p1_0.id,p1_0.categorie,p1_0.club_id,p1_0.description,p1_0.image_url,p1_0.nom,p1_0.prix,p1_0.stock from produit p1_0 where p1_0.club_id=?
2026-04-10T10:28:13.510+02:00 DEBUG 31076 --- [nio-8081-exec-6] o.s.w.s.m.m.a.HttpEntityMethodProcessor  : Using 'application/json', given [*/*] and supported [application/json, application/*+json]
2026-04-10T10:28:13.511+02:00 DEBUG 31076 --- [nio-8081-exec-6] o.s.w.s.m.m.a.HttpEntityMethodProcessor  : Writing [[]]
2026-04-10T10:28:13.512+02:00 DEBUG 31076 --- [nio-8081-exec-6] o.s.web.servlet.DispatcherServlet        : Completed 200 OK
2026-04-10T10:28:13.528+02:00 DEBUG 31076 --- [nio-8081-exec-4] o.s.security.web.FilterChainProxy        : Securing GET /api/commandes/membre/5
2026-04-10T10:28:13.529+02:00 DEBUG 31076 --- [nio-8081-exec-4] club.taekwondo.config.JwtAuthFilter      : [SEC] GET /api/commandes/membre/5
2026-04-10T10:28:13.529+02:00 DEBUG 31076 --- [nio-8081-exec-4] club.taekwondo.config.JwtAuthFilter      : [SEC] Header Authorization: Bearer eyJhbGciOiJIUzI1NiJ9.eyJzdWIiOiJhbGl6ZWUuZ3VleWVAZ21haWwuY29tIiwicm9sZSI6Ik1FTUJSRSIsInV0aWxpc2F0ZXVySWQiOjksIm1lbWJyZUlkIjo1LCJpYXQiOjE3NzU4MDk2OTIsImV4cCI6MTc3NTg5NjA5Mn0.6I4E-qmR-zH5BFR5M7B4l9yTupJECMt2kMDrHS2IkUc
2026-04-10T10:28:13.529+02:00 DEBUG 31076 --- [nio-8081-exec-4] club.taekwondo.config.JwtAuthFilter      : [SEC] Bearer présent (len=216)
2026-04-10T10:28:13.530+02:00 DEBUG 31076 --- [nio-8081-exec-4] club.taekwondo.config.JwtAuthFilter      : [SEC] email extrait du JWT = alizee.gueye@gmail.com
2026-04-10T10:28:13.531+02:00 DEBUG 31076 --- [nio-8081-exec-4] club.taekwondo.config.JwtAuthFilter      : [SEC] rôle extrait du JWT = MEMBRE
[2026-04-10T10:28:13.532245100+02:00][USR-SVC][getUtilisateurEntityByEmail] in email=alizee.gueye@gmail.com -> normalized=alizee.gueye@gmail.com
2026-04-10T10:28:13.534+02:00 DEBUG 31076 --- [nio-8081-exec-4] org.hibernate.SQL                        : select u1_0.id,u1_0.adresse,u1_0.club_id,u1_0.date_naissance,u1_0.email,u1_0.nom,u1_0.password,u1_0.password_temporaire,u1_0.password_updated_at,u1_0.prenom,u1_0.role,u1_0.telephone from utilisateur u1_0 where upper(u1_0.email)=upper(?)
Hibernate: select u1_0.id,u1_0.adresse,u1_0.club_id,u1_0.date_naissance,u1_0.email,u1_0.nom,u1_0.password,u1_0.password_temporaire,u1_0.password_updated_at,u1_0.prenom,u1_0.role,u1_0.telephone from utilisateur u1_0 where upper(u1_0.email)=upper(?)
2026-04-10T10:28:13.536+02:00 DEBUG 31076 --- [nio-8081-exec-4] org.hibernate.SQL                        : select c1_0.id,c1_0.adresse,c1_0.email,c1_0.logo,c1_0.name,c1_0.telephone from clubs c1_0 where c1_0.id=?
Hibernate: select c1_0.id,c1_0.adresse,c1_0.email,c1_0.logo,c1_0.name,c1_0.telephone from clubs c1_0 where c1_0.id=?
2026-04-10T10:28:13.537+02:00 DEBUG 31076 --- [nio-8081-exec-4] org.hibernate.SQL                        : select m1_0.id,m1_0.ceinture,m1_0.club_id,cu1_0.id,cu1_0.adresse,c2_0.id,c2_0.adresse,c2_0.email,c2_0.logo,c2_0.name,c2_0.telephone,cu1_0.date_naissance,cu1_0.email,cu1_0.nom,cu1_0.password,cu1_0.password_temporaire,cu1_0.password_updated_at,cu1_0.prenom,cu1_0.role,cu1_0.telephone,m1_0.date_naissance,m1_0.est_adulte,m1_0.nom,m1_0.numero_licence,m1_0.parent_id,m1_0.prenom from membre m1_0 left join utilisateur cu1_0 on cu1_0.id=m1_0.compte_utilisateur_id left join clubs c2_0 on c2_0.id=cu1_0.club_id where m1_0.compte_utilisateur_id=?
Hibernate: select m1_0.id,m1_0.ceinture,m1_0.club_id,cu1_0.id,cu1_0.adresse,c2_0.id,c2_0.adresse,c2_0.email,c2_0.logo,c2_0.name,c2_0.telephone,cu1_0.date_naissance,cu1_0.email,cu1_0.nom,cu1_0.password,cu1_0.password_temporaire,cu1_0.password_updated_at,cu1_0.prenom,cu1_0.role,cu1_0.telephone,m1_0.date_naissance,m1_0.est_adulte,m1_0.nom,m1_0.numero_licence,m1_0.parent_id,m1_0.prenom from membre m1_0 left join utilisateur cu1_0 on cu1_0.id=m1_0.compte_utilisateur_id left join clubs c2_0 on c2_0.id=cu1_0.club_id where m1_0.compte_utilisateur_id=?
[2026-04-10T10:28:13.537867100+02:00][USR-SVC][getUtilisateurEntityByEmail] present? true
2026-04-10T10:28:13.538+02:00 DEBUG 31076 --- [nio-8081-exec-4] club.taekwondo.config.JwtAuthFilter      : [SEC] Utilisateur trouvé: Alizee Gueye
2026-04-10T10:28:13.538+02:00 DEBUG 31076 --- [nio-8081-exec-4] club.taekwondo.config.JwtAuthFilter      : [SEC] rôle BDD normalisé = MEMBRE
2026-04-10T10:28:13.538+02:00 DEBUG 31076 --- [nio-8081-exec-4] club.taekwondo.config.JwtAuthFilter      : [SEC] Auth OK: user=alizee.gueye@gmail.com authorities=[ROLE_MEMBRE]
2026-04-10T10:28:13.538+02:00 DEBUG 31076 --- [nio-8081-exec-4] o.s.security.web.FilterChainProxy        : Secured GET /api/commandes/membre/5
2026-04-10T10:28:13.539+02:00 DEBUG 31076 --- [nio-8081-exec-4] o.s.web.servlet.DispatcherServlet        : GET "/api/commandes/membre/5", parameters={}
2026-04-10T10:28:13.539+02:00 DEBUG 31076 --- [nio-8081-exec-4] s.w.s.m.m.a.RequestMappingHandlerMapping : Mapped to club.taekwondo.controller.jpa.CommandeController#getCommandesParMembre(Long)
2026-04-10T10:28:13.540+02:00  INFO 31076 --- [nio-8081-exec-4] c.t.controller.jpa.CommandeController    : 👤 Récupération commandes du membre 5
2026-04-10T10:28:13.544+02:00 DEBUG 31076 --- [nio-8081-exec-4] org.hibernate.SQL                        : select c1_0.id,c1_0.club_id,c1_0.date_commande,c1_0.date_paiement,c1_0.mode_paiement,c1_0.montant_total,c1_0.statut,c1_0.utilisateur_id from commande c1_0
Hibernate: select c1_0.id,c1_0.club_id,c1_0.date_commande,c1_0.date_paiement,c1_0.mode_paiement,c1_0.montant_total,c1_0.statut,c1_0.utilisateur_id from commande c1_0
2026-04-10T10:28:13.547+02:00 DEBUG 31076 --- [nio-8081-exec-4] o.s.w.s.m.m.a.HttpEntityMethodProcessor  : Using 'application/json', given [*/*] and supported [application/json, application/*+json]
2026-04-10T10:28:13.547+02:00 DEBUG 31076 --- [nio-8081-exec-4] o.s.w.s.m.m.a.HttpEntityMethodProcessor  : Writing [[]]
2026-04-10T10:28:13.548+02:00 DEBUG 31076 --- [nio-8081-exec-4] o.s.web.servlet.DispatcherServlet        : Completed 200 OK
2026-04-10T10:28:13.569+02:00 DEBUG 31076 --- [nio-8081-exec-3] o.s.security.web.FilterChainProxy        : Securing GET /api/commandes/parent/10
2026-04-10T10:28:13.570+02:00 DEBUG 31076 --- [nio-8081-exec-3] club.taekwondo.config.JwtAuthFilter      : [SEC] GET /api/commandes/parent/10
2026-04-10T10:28:13.570+02:00 DEBUG 31076 --- [nio-8081-exec-3] club.taekwondo.config.JwtAuthFilter      : [SEC] Header Authorization: Bearer eyJhbGciOiJIUzI1NiJ9.eyJzdWIiOiJhZ3VleWUxNDAzQGdtYWlsLmNvbSIsInJvbGUiOiJQQVJFTlQiLCJ1dGlsaXNhdGV1cklkIjoxMCwiaWF0IjoxNzc1ODA5NjkyLCJleHAiOjE3NzU4OTYwOTJ9.RTjirMYp82-Pi1HKaM5vy597Jy-Gc3bywrv5C0_QUCM
2026-04-10T10:28:13.570+02:00 DEBUG 31076 --- [nio-8081-exec-3] club.taekwondo.config.JwtAuthFilter      : [SEC] Bearer présent (len=197)
2026-04-10T10:28:13.572+02:00 DEBUG 31076 --- [nio-8081-exec-3] club.taekwondo.config.JwtAuthFilter      : [SEC] email extrait du JWT = agueye1403@gmail.com
2026-04-10T10:28:13.573+02:00 DEBUG 31076 --- [nio-8081-exec-3] club.taekwondo.config.JwtAuthFilter      : [SEC] rôle extrait du JWT = PARENT
[2026-04-10T10:28:13.574613900+02:00][USR-SVC][getUtilisateurEntityByEmail] in email=agueye1403@gmail.com -> normalized=agueye1403@gmail.com
2026-04-10T10:28:13.576+02:00 DEBUG 31076 --- [nio-8081-exec-3] org.hibernate.SQL                        : select u1_0.id,u1_0.adresse,u1_0.club_id,u1_0.date_naissance,u1_0.email,u1_0.nom,u1_0.password,u1_0.password_temporaire,u1_0.password_updated_at,u1_0.prenom,u1_0.role,u1_0.telephone from utilisateur u1_0 where upper(u1_0.email)=upper(?)
Hibernate: select u1_0.id,u1_0.adresse,u1_0.club_id,u1_0.date_naissance,u1_0.email,u1_0.nom,u1_0.password,u1_0.password_temporaire,u1_0.password_updated_at,u1_0.prenom,u1_0.role,u1_0.telephone from utilisateur u1_0 where upper(u1_0.email)=upper(?)
2026-04-10T10:28:13.577+02:00 DEBUG 31076 --- [nio-8081-exec-3] org.hibernate.SQL                        : select c1_0.id,c1_0.adresse,c1_0.email,c1_0.logo,c1_0.name,c1_0.telephone from clubs c1_0 where c1_0.id=?
Hibernate: select c1_0.id,c1_0.adresse,c1_0.email,c1_0.logo,c1_0.name,c1_0.telephone from clubs c1_0 where c1_0.id=?
2026-04-10T10:28:13.578+02:00 DEBUG 31076 --- [nio-8081-exec-3] org.hibernate.SQL                        : select m1_0.id,m1_0.ceinture,m1_0.club_id,cu1_0.id,cu1_0.adresse,c2_0.id,c2_0.adresse,c2_0.email,c2_0.logo,c2_0.name,c2_0.telephone,cu1_0.date_naissance,cu1_0.email,cu1_0.nom,cu1_0.password,cu1_0.password_temporaire,cu1_0.password_updated_at,cu1_0.prenom,cu1_0.role,cu1_0.telephone,m1_0.date_naissance,m1_0.est_adulte,m1_0.nom,m1_0.numero_licence,m1_0.parent_id,m1_0.prenom from membre m1_0 left join utilisateur cu1_0 on cu1_0.id=m1_0.compte_utilisateur_id left join clubs c2_0 on c2_0.id=cu1_0.club_id where m1_0.compte_utilisateur_id=?
Hibernate: select m1_0.id,m1_0.ceinture,m1_0.club_id,cu1_0.id,cu1_0.adresse,c2_0.id,c2_0.adresse,c2_0.email,c2_0.logo,c2_0.name,c2_0.telephone,cu1_0.date_naissance,cu1_0.email,cu1_0.nom,cu1_0.password,cu1_0.password_temporaire,cu1_0.password_updated_at,cu1_0.prenom,cu1_0.role,cu1_0.telephone,m1_0.date_naissance,m1_0.est_adulte,m1_0.nom,m1_0.numero_licence,m1_0.parent_id,m1_0.prenom from membre m1_0 left join utilisateur cu1_0 on cu1_0.id=m1_0.compte_utilisateur_id left join clubs c2_0 on c2_0.id=cu1_0.club_id where m1_0.compte_utilisateur_id=?
[2026-04-10T10:28:13.579965200+02:00][USR-SVC][getUtilisateurEntityByEmail] present? true
2026-04-10T10:28:13.580+02:00 DEBUG 31076 --- [nio-8081-exec-3] club.taekwondo.config.JwtAuthFilter      : [SEC] Utilisateur trouvé: ali Gueye
2026-04-10T10:28:13.580+02:00 DEBUG 31076 --- [nio-8081-exec-3] club.taekwondo.config.JwtAuthFilter      : [SEC] rôle BDD normalisé = PARENT
2026-04-10T10:28:13.581+02:00 DEBUG 31076 --- [nio-8081-exec-3] club.taekwondo.config.JwtAuthFilter      : [SEC] Auth OK: user=agueye1403@gmail.com authorities=[ROLE_PARENT]
2026-04-10T10:28:13.581+02:00 DEBUG 31076 --- [nio-8081-exec-3] o.s.security.web.FilterChainProxy        : Secured GET /api/commandes/parent/10
2026-04-10T10:28:13.581+02:00 DEBUG 31076 --- [nio-8081-exec-3] o.s.web.servlet.DispatcherServlet        : GET "/api/commandes/parent/10", parameters={}
2026-04-10T10:28:13.581+02:00 DEBUG 31076 --- [nio-8081-exec-3] s.w.s.m.m.a.RequestMappingHandlerMapping : Mapped to club.taekwondo.controller.jpa.CommandeController#getCommandesParParent(Long)
2026-04-10T10:28:13.582+02:00  INFO 31076 --- [nio-8081-exec-3] c.t.controller.jpa.CommandeController    : 👨‍👩‍👧 Récupération commandes du parent 10
2026-04-10T10:28:13.583+02:00 DEBUG 31076 --- [nio-8081-exec-3] org.hibernate.SQL                        : select c1_0.id,c1_0.club_id,c1_0.date_commande,c1_0.date_paiement,c1_0.mode_paiement,c1_0.montant_total,c1_0.statut,c1_0.utilisateur_id from commande c1_0
Hibernate: select c1_0.id,c1_0.club_id,c1_0.date_commande,c1_0.date_paiement,c1_0.mode_paiement,c1_0.montant_total,c1_0.statut,c1_0.utilisateur_id from commande c1_0
2026-04-10T10:28:13.585+02:00 DEBUG 31076 --- [nio-8081-exec-3] o.s.w.s.m.m.a.HttpEntityMethodProcessor  : Using 'application/json', given [*/*] and supported [application/json, application/*+json]
2026-04-10T10:28:13.585+02:00 DEBUG 31076 --- [nio-8081-exec-3] o.s.w.s.m.m.a.HttpEntityMethodProcessor  : Writing [[]]
2026-04-10T10:28:13.586+02:00 DEBUG 31076 --- [nio-8081-exec-3] o.s.web.servlet.DispatcherServlet        : Completed 200 OK
2026-04-10T10:28:13.604+02:00 DEBUG 31076 --- [nio-8081-exec-7] o.s.security.web.FilterChainProxy        : Securing GET /api/commandes/parent/6
2026-04-10T10:28:13.604+02:00 DEBUG 31076 --- [nio-8081-exec-7] club.taekwondo.config.JwtAuthFilter      : [SEC] GET /api/commandes/parent/6
2026-04-10T10:28:13.604+02:00 DEBUG 31076 --- [nio-8081-exec-7] club.taekwondo.config.JwtAuthFilter      : [SEC] Header Authorization: Bearer eyJhbGciOiJIUzI1NiJ9.eyJzdWIiOiJhZ3VleWUxNDAzQGdtYWlsLmNvbSIsInJvbGUiOiJQQVJFTlQiLCJ1dGlsaXNhdGV1cklkIjoxMCwiaWF0IjoxNzc1ODA5NjkyLCJleHAiOjE3NzU4OTYwOTJ9.RTjirMYp82-Pi1HKaM5vy597Jy-Gc3bywrv5C0_QUCM
2026-04-10T10:28:13.605+02:00 DEBUG 31076 --- [nio-8081-exec-7] club.taekwondo.config.JwtAuthFilter      : [SEC] Bearer présent (len=197)
2026-04-10T10:28:13.606+02:00 DEBUG 31076 --- [nio-8081-exec-7] club.taekwondo.config.JwtAuthFilter      : [SEC] email extrait du JWT = agueye1403@gmail.com
2026-04-10T10:28:13.606+02:00 DEBUG 31076 --- [nio-8081-exec-7] club.taekwondo.config.JwtAuthFilter      : [SEC] rôle extrait du JWT = PARENT
[2026-04-10T10:28:13.608467400+02:00][USR-SVC][getUtilisateurEntityByEmail] in email=agueye1403@gmail.com -> normalized=agueye1403@gmail.com
2026-04-10T10:28:13.609+02:00 DEBUG 31076 --- [nio-8081-exec-7] org.hibernate.SQL                        : select u1_0.id,u1_0.adresse,u1_0.club_id,u1_0.date_naissance,u1_0.email,u1_0.nom,u1_0.password,u1_0.password_temporaire,u1_0.password_updated_at,u1_0.prenom,u1_0.role,u1_0.telephone from utilisateur u1_0 where upper(u1_0.email)=upper(?)
Hibernate: select u1_0.id,u1_0.adresse,u1_0.club_id,u1_0.date_naissance,u1_0.email,u1_0.nom,u1_0.password,u1_0.password_temporaire,u1_0.password_updated_at,u1_0.prenom,u1_0.role,u1_0.telephone from utilisateur u1_0 where upper(u1_0.email)=upper(?)
2026-04-10T10:28:13.610+02:00 DEBUG 31076 --- [nio-8081-exec-7] org.hibernate.SQL                        : select c1_0.id,c1_0.adresse,c1_0.email,c1_0.logo,c1_0.name,c1_0.telephone from clubs c1_0 where c1_0.id=?
Hibernate: select c1_0.id,c1_0.adresse,c1_0.email,c1_0.logo,c1_0.name,c1_0.telephone from clubs c1_0 where c1_0.id=?
2026-04-10T10:28:13.611+02:00 DEBUG 31076 --- [nio-8081-exec-7] org.hibernate.SQL                        : select m1_0.id,m1_0.ceinture,m1_0.club_id,cu1_0.id,cu1_0.adresse,c2_0.id,c2_0.adresse,c2_0.email,c2_0.logo,c2_0.name,c2_0.telephone,cu1_0.date_naissance,cu1_0.email,cu1_0.nom,cu1_0.password,cu1_0.password_temporaire,cu1_0.password_updated_at,cu1_0.prenom,cu1_0.role,cu1_0.telephone,m1_0.date_naissance,m1_0.est_adulte,m1_0.nom,m1_0.numero_licence,m1_0.parent_id,m1_0.prenom from membre m1_0 left join utilisateur cu1_0 on cu1_0.id=m1_0.compte_utilisateur_id left join clubs c2_0 on c2_0.id=cu1_0.club_id where m1_0.compte_utilisateur_id=?
Hibernate: select m1_0.id,m1_0.ceinture,m1_0.club_id,cu1_0.id,cu1_0.adresse,c2_0.id,c2_0.adresse,c2_0.email,c2_0.logo,c2_0.name,c2_0.telephone,cu1_0.date_naissance,cu1_0.email,cu1_0.nom,cu1_0.password,cu1_0.password_temporaire,cu1_0.password_updated_at,cu1_0.prenom,cu1_0.role,cu1_0.telephone,m1_0.date_naissance,m1_0.est_adulte,m1_0.nom,m1_0.numero_licence,m1_0.parent_id,m1_0.prenom from membre m1_0 left join utilisateur cu1_0 on cu1_0.id=m1_0.compte_utilisateur_id left join clubs c2_0 on c2_0.id=cu1_0.club_id where m1_0.compte_utilisateur_id=?
[2026-04-10T10:28:13.612219900+02:00][USR-SVC][getUtilisateurEntityByEmail] present? true
2026-04-10T10:28:13.612+02:00 DEBUG 31076 --- [nio-8081-exec-7] club.taekwondo.config.JwtAuthFilter      : [SEC] Utilisateur trouvé: ali Gueye
2026-04-10T10:28:13.612+02:00 DEBUG 31076 --- [nio-8081-exec-7] club.taekwondo.config.JwtAuthFilter      : [SEC] rôle BDD normalisé = PARENT
2026-04-10T10:28:13.612+02:00 DEBUG 31076 --- [nio-8081-exec-7] club.taekwondo.config.JwtAuthFilter      : [SEC] Auth OK: user=agueye1403@gmail.com authorities=[ROLE_PARENT]
2026-04-10T10:28:13.613+02:00 DEBUG 31076 --- [nio-8081-exec-7] o.s.security.web.FilterChainProxy        : Secured GET /api/commandes/parent/6
2026-04-10T10:28:13.613+02:00 DEBUG 31076 --- [nio-8081-exec-7] o.s.web.servlet.DispatcherServlet        : GET "/api/commandes/parent/6", parameters={}
2026-04-10T10:28:13.613+02:00 DEBUG 31076 --- [nio-8081-exec-7] s.w.s.m.m.a.RequestMappingHandlerMapping : Mapped to club.taekwondo.controller.jpa.CommandeController#getCommandesParParent(Long)
2026-04-10T10:28:13.614+02:00  INFO 31076 --- [nio-8081-exec-7] c.t.controller.jpa.CommandeController    : 👨‍👩‍👧 Récupération commandes du parent 6
2026-04-10T10:28:13.615+02:00 DEBUG 31076 --- [nio-8081-exec-7] org.hibernate.SQL                        : select c1_0.id,c1_0.club_id,c1_0.date_commande,c1_0.date_paiement,c1_0.mode_paiement,c1_0.montant_total,c1_0.statut,c1_0.utilisateur_id from commande c1_0
Hibernate: select c1_0.id,c1_0.club_id,c1_0.date_commande,c1_0.date_paiement,c1_0.mode_paiement,c1_0.montant_total,c1_0.statut,c1_0.utilisateur_id from commande c1_0
2026-04-10T10:28:13.616+02:00 DEBUG 31076 --- [nio-8081-exec-7] o.s.w.s.m.m.a.HttpEntityMethodProcessor  : Using 'application/json', given [*/*] and supported [application/json, application/*+json]
2026-04-10T10:28:13.616+02:00 DEBUG 31076 --- [nio-8081-exec-7] o.s.w.s.m.m.a.HttpEntityMethodProcessor  : Writing [[]]
2026-04-10T10:28:13.617+02:00 DEBUG 31076 --- [nio-8081-exec-7] o.s.web.servlet.DispatcherServlet        : Completed 200 OK
2026-04-10T10:28:13.634+02:00 DEBUG 31076 --- [nio-8081-exec-9] o.s.security.web.FilterChainProxy        : Securing GET /api/dashboard/admin
2026-04-10T10:28:13.635+02:00 DEBUG 31076 --- [nio-8081-exec-9] club.taekwondo.config.JwtAuthFilter      : [SEC] GET /api/dashboard/admin
2026-04-10T10:28:13.635+02:00 DEBUG 31076 --- [nio-8081-exec-9] club.taekwondo.config.JwtAuthFilter      : [SEC] Header Authorization: Bearer eyJhbGciOiJIUzI1NiJ9.eyJzdWIiOiJhZG1pbnZpbGxldXJiYW5uZUBnbWFpbC5jb20iLCJyb2xlIjoiQURNSU4iLCJ1dGlsaXNhdGV1cklkIjozLCJpYXQiOjE3NzU4MDk2OTIsImV4cCI6MTc3NTg5NjA5Mn0.QUg5rwbjgCyEmaEC9IrENP-lUMcandXg4_8buwk8su0
2026-04-10T10:28:13.635+02:00 DEBUG 31076 --- [nio-8081-exec-9] club.taekwondo.config.JwtAuthFilter      : [SEC] Bearer présent (len=204)
2026-04-10T10:28:13.637+02:00 DEBUG 31076 --- [nio-8081-exec-9] club.taekwondo.config.JwtAuthFilter      : [SEC] email extrait du JWT = adminvilleurbanne@gmail.com
2026-04-10T10:28:13.637+02:00 DEBUG 31076 --- [nio-8081-exec-9] club.taekwondo.config.JwtAuthFilter      : [SEC] rôle extrait du JWT = ADMIN
[2026-04-10T10:28:13.639339700+02:00][USR-SVC][getUtilisateurEntityByEmail] in email=adminvilleurbanne@gmail.com -> normalized=adminvilleurbanne@gmail.com
2026-04-10T10:28:13.640+02:00 DEBUG 31076 --- [nio-8081-exec-9] org.hibernate.SQL                        : select u1_0.id,u1_0.adresse,u1_0.club_id,u1_0.date_naissance,u1_0.email,u1_0.nom,u1_0.password,u1_0.password_temporaire,u1_0.password_updated_at,u1_0.prenom,u1_0.role,u1_0.telephone from utilisateur u1_0 where upper(u1_0.email)=upper(?)
Hibernate: select u1_0.id,u1_0.adresse,u1_0.club_id,u1_0.date_naissance,u1_0.email,u1_0.nom,u1_0.password,u1_0.password_temporaire,u1_0.password_updated_at,u1_0.prenom,u1_0.role,u1_0.telephone from utilisateur u1_0 where upper(u1_0.email)=upper(?)
2026-04-10T10:28:13.641+02:00 DEBUG 31076 --- [nio-8081-exec-9] org.hibernate.SQL                        : select c1_0.id,c1_0.adresse,c1_0.email,c1_0.logo,c1_0.name,c1_0.telephone from clubs c1_0 where c1_0.id=?
Hibernate: select c1_0.id,c1_0.adresse,c1_0.email,c1_0.logo,c1_0.name,c1_0.telephone from clubs c1_0 where c1_0.id=?
2026-04-10T10:28:13.642+02:00 DEBUG 31076 --- [nio-8081-exec-9] org.hibernate.SQL                        : select m1_0.id,m1_0.ceinture,m1_0.club_id,cu1_0.id,cu1_0.adresse,c2_0.id,c2_0.adresse,c2_0.email,c2_0.logo,c2_0.name,c2_0.telephone,cu1_0.date_naissance,cu1_0.email,cu1_0.nom,cu1_0.password,cu1_0.password_temporaire,cu1_0.password_updated_at,cu1_0.prenom,cu1_0.role,cu1_0.telephone,m1_0.date_naissance,m1_0.est_adulte,m1_0.nom,m1_0.numero_licence,m1_0.parent_id,m1_0.prenom from membre m1_0 left join utilisateur cu1_0 on cu1_0.id=m1_0.compte_utilisateur_id left join clubs c2_0 on c2_0.id=cu1_0.club_id where m1_0.compte_utilisateur_id=?
Hibernate: select m1_0.id,m1_0.ceinture,m1_0.club_id,cu1_0.id,cu1_0.adresse,c2_0.id,c2_0.adresse,c2_0.email,c2_0.logo,c2_0.name,c2_0.telephone,cu1_0.date_naissance,cu1_0.email,cu1_0.nom,cu1_0.password,cu1_0.password_temporaire,cu1_0.password_updated_at,cu1_0.prenom,cu1_0.role,cu1_0.telephone,m1_0.date_naissance,m1_0.est_adulte,m1_0.nom,m1_0.numero_licence,m1_0.parent_id,m1_0.prenom from membre m1_0 left join utilisateur cu1_0 on cu1_0.id=m1_0.compte_utilisateur_id left join clubs c2_0 on c2_0.id=cu1_0.club_id where m1_0.compte_utilisateur_id=?
[2026-04-10T10:28:13.643733900+02:00][USR-SVC][getUtilisateurEntityByEmail] present? true
2026-04-10T10:28:13.643+02:00 DEBUG 31076 --- [nio-8081-exec-9] club.taekwondo.config.JwtAuthFilter      : [SEC] Utilisateur trouvé: adminVilleurbanne adminVilleurbanne
2026-04-10T10:28:13.644+02:00 DEBUG 31076 --- [nio-8081-exec-9] club.taekwondo.config.JwtAuthFilter      : [SEC] rôle BDD normalisé = ADMIN
2026-04-10T10:28:13.644+02:00 DEBUG 31076 --- [nio-8081-exec-9] club.taekwondo.config.JwtAuthFilter      : [SEC] Auth OK: user=adminvilleurbanne@gmail.com authorities=[ROLE_ADMIN]
2026-04-10T10:28:13.644+02:00 DEBUG 31076 --- [nio-8081-exec-9] o.s.security.web.FilterChainProxy        : Secured GET /api/dashboard/admin
2026-04-10T10:28:13.644+02:00 DEBUG 31076 --- [nio-8081-exec-9] o.s.web.servlet.DispatcherServlet        : GET "/api/dashboard/admin", parameters={}
2026-04-10T10:28:13.645+02:00 DEBUG 31076 --- [nio-8081-exec-9] s.w.s.m.m.a.RequestMappingHandlerMapping : Mapped to club.taekwondo.controller.DashboardAdminController#getAdminStats()
2026-04-10T10:28:13.645+02:00 DEBUG 31076 --- [nio-8081-exec-9] horizationManagerBeforeMethodInterceptor : Authorizing method invocation ReflectiveMethodInvocation: public java.util.Map club.taekwondo.controller.DashboardAdminController.getAdminStats(); target is of class [club.taekwondo.controller.DashboardAdminController]
2026-04-10T10:28:13.646+02:00 DEBUG 31076 --- [nio-8081-exec-9] horizationManagerBeforeMethodInterceptor : Authorized method invocation ReflectiveMethodInvocation: public java.util.Map club.taekwondo.controller.DashboardAdminController.getAdminStats(); target is of class [club.taekwondo.controller.DashboardAdminController]
2026-04-10T10:28:13.651+02:00 DEBUG 31076 --- [nio-8081-exec-9] org.hibernate.SQL                        : select count(*) from membre m1_0
Hibernate: select count(*) from membre m1_0
2026-04-10T10:28:13.659+02:00 DEBUG 31076 --- [nio-8081-exec-9] org.hibernate.SQL                        : select coalesce(sum(p1_0.montant_total),0) from paiement p1_0 where lower(p1_0.statut)=lower(?)
Hibernate: select coalesce(sum(p1_0.montant_total),0) from paiement p1_0 where lower(p1_0.statut)=lower(?)
2026-04-10T10:28:13.662+02:00 DEBUG 31076 --- [nio-8081-exec-9] org.hibernate.SQL                        : select count(p1_0.id) from paiement p1_0 where upper(p1_0.statut)=upper(?)
Hibernate: select count(p1_0.id) from paiement p1_0 where upper(p1_0.statut)=upper(?)
2026-04-10T10:28:13.664+02:00 DEBUG 31076 --- [nio-8081-exec-9] org.hibernate.SQL                        : select count(e1_0.id) from evenement e1_0 where e1_0.date_debut>?
Hibernate: select count(e1_0.id) from evenement e1_0 where e1_0.date_debut>?
2026-04-10T10:28:13.667+02:00 DEBUG 31076 --- [nio-8081-exec-9] m.m.a.RequestResponseBodyMethodProcessor : Using 'application/json', given [*/*] and supported [application/json, application/*+json]
2026-04-10T10:28:13.667+02:00 DEBUG 31076 --- [nio-8081-exec-9] m.m.a.RequestResponseBodyMethodProcessor : Writing [{totalPaiements=200.0, nbMembres=12, paiementsAttente=2, evenementsAVenir=0}]
2026-04-10T10:28:13.668+02:00 DEBUG 31076 --- [nio-8081-exec-9] o.s.web.servlet.DispatcherServlet        : Completed 200 OK
2026-04-10T10:28:13.686+02:00 DEBUG 31076 --- [nio-8081-exec-8] o.s.security.web.FilterChainProxy        : Securing GET /api/utilisateurs
2026-04-10T10:28:13.686+02:00 DEBUG 31076 --- [nio-8081-exec-8] club.taekwondo.config.JwtAuthFilter      : [SEC] GET /api/utilisateurs
2026-04-10T10:28:13.687+02:00 DEBUG 31076 --- [nio-8081-exec-8] club.taekwondo.config.JwtAuthFilter      : [SEC] Header Authorization: Bearer eyJhbGciOiJIUzI1NiJ9.eyJzdWIiOiJzdXBlcmFkbWluQGNsdWIubG9jYWwiLCJyb2xlIjoiU1VQRVJfQURNSU4iLCJ1dGlsaXNhdGV1cklkIjoxLCJpYXQiOjE3NzU4MDk2OTIsImV4cCI6MTc3NTg5NjA5Mn0.Q_z058g0V409y80XWcuYLrp_rlPqbkBqHiwfYQOcmyM
2026-04-10T10:28:13.687+02:00 DEBUG 31076 --- [nio-8081-exec-8] club.taekwondo.config.JwtAuthFilter      : [SEC] Bearer présent (len=204)
2026-04-10T10:28:13.689+02:00 DEBUG 31076 --- [nio-8081-exec-8] club.taekwondo.config.JwtAuthFilter      : [SEC] email extrait du JWT = superadmin@club.local
2026-04-10T10:28:13.689+02:00 DEBUG 31076 --- [nio-8081-exec-8] club.taekwondo.config.JwtAuthFilter      : [SEC] rôle extrait du JWT = SUPER_ADMIN
[2026-04-10T10:28:13.690788600+02:00][USR-SVC][getUtilisateurEntityByEmail] in email=superadmin@club.local -> normalized=superadmin@club.local
2026-04-10T10:28:13.692+02:00 DEBUG 31076 --- [nio-8081-exec-8] org.hibernate.SQL                        : select u1_0.id,u1_0.adresse,u1_0.club_id,u1_0.date_naissance,u1_0.email,u1_0.nom,u1_0.password,u1_0.password_temporaire,u1_0.password_updated_at,u1_0.prenom,u1_0.role,u1_0.telephone from utilisateur u1_0 where upper(u1_0.email)=upper(?)
Hibernate: select u1_0.id,u1_0.adresse,u1_0.club_id,u1_0.date_naissance,u1_0.email,u1_0.nom,u1_0.password,u1_0.password_temporaire,u1_0.password_updated_at,u1_0.prenom,u1_0.role,u1_0.telephone from utilisateur u1_0 where upper(u1_0.email)=upper(?)
2026-04-10T10:28:13.692+02:00 DEBUG 31076 --- [nio-8081-exec-8] org.hibernate.SQL                        : select m1_0.id,m1_0.ceinture,m1_0.club_id,cu1_0.id,cu1_0.adresse,c2_0.id,c2_0.adresse,c2_0.email,c2_0.logo,c2_0.name,c2_0.telephone,cu1_0.date_naissance,cu1_0.email,cu1_0.nom,cu1_0.password,cu1_0.password_temporaire,cu1_0.password_updated_at,cu1_0.prenom,cu1_0.role,cu1_0.telephone,m1_0.date_naissance,m1_0.est_adulte,m1_0.nom,m1_0.numero_licence,m1_0.parent_id,m1_0.prenom from membre m1_0 left join utilisateur cu1_0 on cu1_0.id=m1_0.compte_utilisateur_id left join clubs c2_0 on c2_0.id=cu1_0.club_id where m1_0.compte_utilisateur_id=?
Hibernate: select m1_0.id,m1_0.ceinture,m1_0.club_id,cu1_0.id,cu1_0.adresse,c2_0.id,c2_0.adresse,c2_0.email,c2_0.logo,c2_0.name,c2_0.telephone,cu1_0.date_naissance,cu1_0.email,cu1_0.nom,cu1_0.password,cu1_0.password_temporaire,cu1_0.password_updated_at,cu1_0.prenom,cu1_0.role,cu1_0.telephone,m1_0.date_naissance,m1_0.est_adulte,m1_0.nom,m1_0.numero_licence,m1_0.parent_id,m1_0.prenom from membre m1_0 left join utilisateur cu1_0 on cu1_0.id=m1_0.compte_utilisateur_id left join clubs c2_0 on c2_0.id=cu1_0.club_id where m1_0.compte_utilisateur_id=?
[2026-04-10T10:28:13.693955600+02:00][USR-SVC][getUtilisateurEntityByEmail] present? true
2026-04-10T10:28:13.693+02:00 DEBUG 31076 --- [nio-8081-exec-8] club.taekwondo.config.JwtAuthFilter      : [SEC] Utilisateur trouvé: Admin Super
2026-04-10T10:28:13.693+02:00 DEBUG 31076 --- [nio-8081-exec-8] club.taekwondo.config.JwtAuthFilter      : [SEC] rôle BDD normalisé = SUPER_ADMIN
2026-04-10T10:28:13.694+02:00 DEBUG 31076 --- [nio-8081-exec-8] club.taekwondo.config.JwtAuthFilter      : [SEC] Auth OK: user=superadmin@club.local authorities=[ROLE_SUPER_ADMIN]
2026-04-10T10:28:13.695+02:00 DEBUG 31076 --- [nio-8081-exec-8] o.s.security.web.FilterChainProxy        : Secured GET /api/utilisateurs
2026-04-10T10:28:13.695+02:00 DEBUG 31076 --- [nio-8081-exec-8] o.s.web.servlet.DispatcherServlet        : GET "/api/utilisateurs", parameters={}
2026-04-10T10:28:13.695+02:00 DEBUG 31076 --- [nio-8081-exec-8] s.w.s.m.m.a.RequestMappingHandlerMapping : Mapped to club.taekwondo.controller.jpa.UtilisateurController#listUtilisateurs(String, Long, String)
2026-04-10T10:28:13.696+02:00 DEBUG 31076 --- [nio-8081-exec-8] horizationManagerBeforeMethodInterceptor : Authorizing method invocation ReflectiveMethodInvocation: public org.springframework.http.ResponseEntity club.taekwondo.controller.jpa.UtilisateurController.listUtilisateurs(java.lang.String,java.lang.Long,java.lang.String); target is of class [club.taekwondo.controller.jpa.UtilisateurController]
2026-04-10T10:28:13.696+02:00 DEBUG 31076 --- [nio-8081-exec-8] horizationManagerBeforeMethodInterceptor : Authorized method invocation ReflectiveMethodInvocation: public org.springframework.http.ResponseEntity club.taekwondo.controller.jpa.UtilisateurController.listUtilisateurs(java.lang.String,java.lang.Long,java.lang.String); target is of class [club.taekwondo.controller.jpa.UtilisateurController]
[2026-04-10T10:28:13.696586300+02:00][USR][LIST] params role=null, q=null
2026-04-10T10:28:13.697+02:00 DEBUG 31076 --- [nio-8081-exec-8] org.hibernate.SQL                        : select u1_0.id,u1_0.adresse,u1_0.club_id,u1_0.date_naissance,u1_0.email,u1_0.nom,u1_0.password,u1_0.password_temporaire,u1_0.password_updated_at,u1_0.prenom,u1_0.role,u1_0.telephone from utilisateur u1_0
Hibernate: select u1_0.id,u1_0.adresse,u1_0.club_id,u1_0.date_naissance,u1_0.email,u1_0.nom,u1_0.password,u1_0.password_temporaire,u1_0.password_updated_at,u1_0.prenom,u1_0.role,u1_0.telephone from utilisateur u1_0
2026-04-10T10:28:13.698+02:00 DEBUG 31076 --- [nio-8081-exec-8] org.hibernate.SQL                        : select m1_0.id,m1_0.ceinture,m1_0.club_id,cu1_0.id,cu1_0.adresse,c2_0.id,c2_0.adresse,c2_0.email,c2_0.logo,c2_0.name,c2_0.telephone,cu1_0.date_naissance,cu1_0.email,cu1_0.nom,cu1_0.password,cu1_0.password_temporaire,cu1_0.password_updated_at,cu1_0.prenom,cu1_0.role,cu1_0.telephone,m1_0.date_naissance,m1_0.est_adulte,m1_0.nom,m1_0.numero_licence,m1_0.parent_id,m1_0.prenom from membre m1_0 left join utilisateur cu1_0 on cu1_0.id=m1_0.compte_utilisateur_id left join clubs c2_0 on c2_0.id=cu1_0.club_id where m1_0.compte_utilisateur_id=?
Hibernate: select m1_0.id,m1_0.ceinture,m1_0.club_id,cu1_0.id,cu1_0.adresse,c2_0.id,c2_0.adresse,c2_0.email,c2_0.logo,c2_0.name,c2_0.telephone,cu1_0.date_naissance,cu1_0.email,cu1_0.nom,cu1_0.password,cu1_0.password_temporaire,cu1_0.password_updated_at,cu1_0.prenom,cu1_0.role,cu1_0.telephone,m1_0.date_naissance,m1_0.est_adulte,m1_0.nom,m1_0.numero_licence,m1_0.parent_id,m1_0.prenom from membre m1_0 left join utilisateur cu1_0 on cu1_0.id=m1_0.compte_utilisateur_id left join clubs c2_0 on c2_0.id=cu1_0.club_id where m1_0.compte_utilisateur_id=?
2026-04-10T10:28:13.699+02:00 DEBUG 31076 --- [nio-8081-exec-8] org.hibernate.SQL                        : select c1_0.id,c1_0.adresse,c1_0.email,c1_0.logo,c1_0.name,c1_0.telephone from clubs c1_0 where c1_0.id=?
Hibernate: select c1_0.id,c1_0.adresse,c1_0.email,c1_0.logo,c1_0.name,c1_0.telephone from clubs c1_0 where c1_0.id=?
2026-04-10T10:28:13.700+02:00 DEBUG 31076 --- [nio-8081-exec-8] org.hibernate.SQL                        : select m1_0.id,m1_0.ceinture,m1_0.club_id,cu1_0.id,cu1_0.adresse,c2_0.id,c2_0.adresse,c2_0.email,c2_0.logo,c2_0.name,c2_0.telephone,cu1_0.date_naissance,cu1_0.email,cu1_0.nom,cu1_0.password,cu1_0.password_temporaire,cu1_0.password_updated_at,cu1_0.prenom,cu1_0.role,cu1_0.telephone,m1_0.date_naissance,m1_0.est_adulte,m1_0.nom,m1_0.numero_licence,m1_0.parent_id,m1_0.prenom from membre m1_0 left join utilisateur cu1_0 on cu1_0.id=m1_0.compte_utilisateur_id left join clubs c2_0 on c2_0.id=cu1_0.club_id where m1_0.compte_utilisateur_id=?
Hibernate: select m1_0.id,m1_0.ceinture,m1_0.club_id,cu1_0.id,cu1_0.adresse,c2_0.id,c2_0.adresse,c2_0.email,c2_0.logo,c2_0.name,c2_0.telephone,cu1_0.date_naissance,cu1_0.email,cu1_0.nom,cu1_0.password,cu1_0.password_temporaire,cu1_0.password_updated_at,cu1_0.prenom,cu1_0.role,cu1_0.telephone,m1_0.date_naissance,m1_0.est_adulte,m1_0.nom,m1_0.numero_licence,m1_0.parent_id,m1_0.prenom from membre m1_0 left join utilisateur cu1_0 on cu1_0.id=m1_0.compte_utilisateur_id left join clubs c2_0 on c2_0.id=cu1_0.club_id where m1_0.compte_utilisateur_id=?
2026-04-10T10:28:13.700+02:00 DEBUG 31076 --- [nio-8081-exec-8] org.hibernate.SQL                        : select m1_0.id,m1_0.ceinture,m1_0.club_id,cu1_0.id,cu1_0.adresse,c2_0.id,c2_0.adresse,c2_0.email,c2_0.logo,c2_0.name,c2_0.telephone,cu1_0.date_naissance,cu1_0.email,cu1_0.nom,cu1_0.password,cu1_0.password_temporaire,cu1_0.password_updated_at,cu1_0.prenom,cu1_0.role,cu1_0.telephone,m1_0.date_naissance,m1_0.est_adulte,m1_0.nom,m1_0.numero_licence,m1_0.parent_id,m1_0.prenom from membre m1_0 left join utilisateur cu1_0 on cu1_0.id=m1_0.compte_utilisateur_id left join clubs c2_0 on c2_0.id=cu1_0.club_id where m1_0.compte_utilisateur_id=?
Hibernate: select m1_0.id,m1_0.ceinture,m1_0.club_id,cu1_0.id,cu1_0.adresse,c2_0.id,c2_0.adresse,c2_0.email,c2_0.logo,c2_0.name,c2_0.telephone,cu1_0.date_naissance,cu1_0.email,cu1_0.nom,cu1_0.password,cu1_0.password_temporaire,cu1_0.password_updated_at,cu1_0.prenom,cu1_0.role,cu1_0.telephone,m1_0.date_naissance,m1_0.est_adulte,m1_0.nom,m1_0.numero_licence,m1_0.parent_id,m1_0.prenom from membre m1_0 left join utilisateur cu1_0 on cu1_0.id=m1_0.compte_utilisateur_id left join clubs c2_0 on c2_0.id=cu1_0.club_id where m1_0.compte_utilisateur_id=?
2026-04-10T10:28:13.701+02:00 DEBUG 31076 --- [nio-8081-exec-8] org.hibernate.SQL                        : select c1_0.id,c1_0.adresse,c1_0.email,c1_0.logo,c1_0.name,c1_0.telephone from clubs c1_0 where c1_0.id=?
Hibernate: select c1_0.id,c1_0.adresse,c1_0.email,c1_0.logo,c1_0.name,c1_0.telephone from clubs c1_0 where c1_0.id=?
2026-04-10T10:28:13.701+02:00 DEBUG 31076 --- [nio-8081-exec-8] org.hibernate.SQL                        : select m1_0.id,m1_0.ceinture,m1_0.club_id,cu1_0.id,cu1_0.adresse,c2_0.id,c2_0.adresse,c2_0.email,c2_0.logo,c2_0.name,c2_0.telephone,cu1_0.date_naissance,cu1_0.email,cu1_0.nom,cu1_0.password,cu1_0.password_temporaire,cu1_0.password_updated_at,cu1_0.prenom,cu1_0.role,cu1_0.telephone,m1_0.date_naissance,m1_0.est_adulte,m1_0.nom,m1_0.numero_licence,m1_0.parent_id,m1_0.prenom from membre m1_0 left join utilisateur cu1_0 on cu1_0.id=m1_0.compte_utilisateur_id left join clubs c2_0 on c2_0.id=cu1_0.club_id where m1_0.compte_utilisateur_id=?
Hibernate: select m1_0.id,m1_0.ceinture,m1_0.club_id,cu1_0.id,cu1_0.adresse,c2_0.id,c2_0.adresse,c2_0.email,c2_0.logo,c2_0.name,c2_0.telephone,cu1_0.date_naissance,cu1_0.email,cu1_0.nom,cu1_0.password,cu1_0.password_temporaire,cu1_0.password_updated_at,cu1_0.prenom,cu1_0.role,cu1_0.telephone,m1_0.date_naissance,m1_0.est_adulte,m1_0.nom,m1_0.numero_licence,m1_0.parent_id,m1_0.prenom from membre m1_0 left join utilisateur cu1_0 on cu1_0.id=m1_0.compte_utilisateur_id left join clubs c2_0 on c2_0.id=cu1_0.club_id where m1_0.compte_utilisateur_id=?
2026-04-10T10:28:13.702+02:00 DEBUG 31076 --- [nio-8081-exec-8] org.hibernate.SQL                        : select m1_0.id,m1_0.ceinture,m1_0.club_id,cu1_0.id,cu1_0.adresse,c2_0.id,c2_0.adresse,c2_0.email,c2_0.logo,c2_0.name,c2_0.telephone,cu1_0.date_naissance,cu1_0.email,cu1_0.nom,cu1_0.password,cu1_0.password_temporaire,cu1_0.password_updated_at,cu1_0.prenom,cu1_0.role,cu1_0.telephone,m1_0.date_naissance,m1_0.est_adulte,m1_0.nom,m1_0.numero_licence,m1_0.parent_id,m1_0.prenom from membre m1_0 left join utilisateur cu1_0 on cu1_0.id=m1_0.compte_utilisateur_id left join clubs c2_0 on c2_0.id=cu1_0.club_id where m1_0.compte_utilisateur_id=?
Hibernate: select m1_0.id,m1_0.ceinture,m1_0.club_id,cu1_0.id,cu1_0.adresse,c2_0.id,c2_0.adresse,c2_0.email,c2_0.logo,c2_0.name,c2_0.telephone,cu1_0.date_naissance,cu1_0.email,cu1_0.nom,cu1_0.password,cu1_0.password_temporaire,cu1_0.password_updated_at,cu1_0.prenom,cu1_0.role,cu1_0.telephone,m1_0.date_naissance,m1_0.est_adulte,m1_0.nom,m1_0.numero_licence,m1_0.parent_id,m1_0.prenom from membre m1_0 left join utilisateur cu1_0 on cu1_0.id=m1_0.compte_utilisateur_id left join clubs c2_0 on c2_0.id=cu1_0.club_id where m1_0.compte_utilisateur_id=?
2026-04-10T10:28:13.703+02:00 DEBUG 31076 --- [nio-8081-exec-8] org.hibernate.SQL                        : select m1_0.id,m1_0.ceinture,m1_0.club_id,cu1_0.id,cu1_0.adresse,c2_0.id,c2_0.adresse,c2_0.email,c2_0.logo,c2_0.name,c2_0.telephone,cu1_0.date_naissance,cu1_0.email,cu1_0.nom,cu1_0.password,cu1_0.password_temporaire,cu1_0.password_updated_at,cu1_0.prenom,cu1_0.role,cu1_0.telephone,m1_0.date_naissance,m1_0.est_adulte,m1_0.nom,m1_0.numero_licence,m1_0.parent_id,m1_0.prenom from membre m1_0 left join utilisateur cu1_0 on cu1_0.id=m1_0.compte_utilisateur_id left join clubs c2_0 on c2_0.id=cu1_0.club_id where m1_0.compte_utilisateur_id=?
Hibernate: select m1_0.id,m1_0.ceinture,m1_0.club_id,cu1_0.id,cu1_0.adresse,c2_0.id,c2_0.adresse,c2_0.email,c2_0.logo,c2_0.name,c2_0.telephone,cu1_0.date_naissance,cu1_0.email,cu1_0.nom,cu1_0.password,cu1_0.password_temporaire,cu1_0.password_updated_at,cu1_0.prenom,cu1_0.role,cu1_0.telephone,m1_0.date_naissance,m1_0.est_adulte,m1_0.nom,m1_0.numero_licence,m1_0.parent_id,m1_0.prenom from membre m1_0 left join utilisateur cu1_0 on cu1_0.id=m1_0.compte_utilisateur_id left join clubs c2_0 on c2_0.id=cu1_0.club_id where m1_0.compte_utilisateur_id=?
2026-04-10T10:28:13.704+02:00 DEBUG 31076 --- [nio-8081-exec-8] org.hibernate.SQL                        : select m1_0.id,m1_0.ceinture,m1_0.club_id,cu1_0.id,cu1_0.adresse,c2_0.id,c2_0.adresse,c2_0.email,c2_0.logo,c2_0.name,c2_0.telephone,cu1_0.date_naissance,cu1_0.email,cu1_0.nom,cu1_0.password,cu1_0.password_temporaire,cu1_0.password_updated_at,cu1_0.prenom,cu1_0.role,cu1_0.telephone,m1_0.date_naissance,m1_0.est_adulte,m1_0.nom,m1_0.numero_licence,m1_0.parent_id,m1_0.prenom from membre m1_0 left join utilisateur cu1_0 on cu1_0.id=m1_0.compte_utilisateur_id left join clubs c2_0 on c2_0.id=cu1_0.club_id where m1_0.compte_utilisateur_id=?
Hibernate: select m1_0.id,m1_0.ceinture,m1_0.club_id,cu1_0.id,cu1_0.adresse,c2_0.id,c2_0.adresse,c2_0.email,c2_0.logo,c2_0.name,c2_0.telephone,cu1_0.date_naissance,cu1_0.email,cu1_0.nom,cu1_0.password,cu1_0.password_temporaire,cu1_0.password_updated_at,cu1_0.prenom,cu1_0.role,cu1_0.telephone,m1_0.date_naissance,m1_0.est_adulte,m1_0.nom,m1_0.numero_licence,m1_0.parent_id,m1_0.prenom from membre m1_0 left join utilisateur cu1_0 on cu1_0.id=m1_0.compte_utilisateur_id left join clubs c2_0 on c2_0.id=cu1_0.club_id where m1_0.compte_utilisateur_id=?
2026-04-10T10:28:13.705+02:00 DEBUG 31076 --- [nio-8081-exec-8] org.hibernate.SQL                        : select m1_0.id,m1_0.ceinture,m1_0.club_id,cu1_0.id,cu1_0.adresse,c2_0.id,c2_0.adresse,c2_0.email,c2_0.logo,c2_0.name,c2_0.telephone,cu1_0.date_naissance,cu1_0.email,cu1_0.nom,cu1_0.password,cu1_0.password_temporaire,cu1_0.password_updated_at,cu1_0.prenom,cu1_0.role,cu1_0.telephone,m1_0.date_naissance,m1_0.est_adulte,m1_0.nom,m1_0.numero_licence,m1_0.parent_id,m1_0.prenom from membre m1_0 left join utilisateur cu1_0 on cu1_0.id=m1_0.compte_utilisateur_id left join clubs c2_0 on c2_0.id=cu1_0.club_id where m1_0.compte_utilisateur_id=?
Hibernate: select m1_0.id,m1_0.ceinture,m1_0.club_id,cu1_0.id,cu1_0.adresse,c2_0.id,c2_0.adresse,c2_0.email,c2_0.logo,c2_0.name,c2_0.telephone,cu1_0.date_naissance,cu1_0.email,cu1_0.nom,cu1_0.password,cu1_0.password_temporaire,cu1_0.password_updated_at,cu1_0.prenom,cu1_0.role,cu1_0.telephone,m1_0.date_naissance,m1_0.est_adulte,m1_0.nom,m1_0.numero_licence,m1_0.parent_id,m1_0.prenom from membre m1_0 left join utilisateur cu1_0 on cu1_0.id=m1_0.compte_utilisateur_id left join clubs c2_0 on c2_0.id=cu1_0.club_id where m1_0.compte_utilisateur_id=?
[2026-04-10T10:28:13.706627200+02:00][USR-SVC][convertToDTO] in: Entity[id=2, nom=Admin, prenom=System, email=admin@club.local, tel=null, adr='null', dateN=null, role=ADMIN]
[2026-04-10T10:28:13.706627200+02:00][USR-SVC][convertToDTO] out: DTO[id=2, nom=Admin, prenom=System, email=admin@club.local, tel=null, adr='null', dateN=null, role=ADMIN, pwd=null]
[2026-04-10T10:28:13.707153500+02:00][USR-SVC][convertToDTO] in: Entity[id=4, nom=adminBourg, prenom=adminBourg, email=adminbourg@gmail.com, tel=null, adr='null', dateN=null, role=ADMIN]
[2026-04-10T10:28:13.707153500+02:00][USR-SVC][convertToDTO] out: DTO[id=4, nom=adminBourg, prenom=adminBourg, email=adminbourg@gmail.com, tel=null, adr='null', dateN=null, role=ADMIN, pwd=null]
[2026-04-10T10:28:13.707153500+02:00][USR-SVC][convertToDTO] in: Entity[id=1, nom=Super, prenom=Admin, email=superadmin@club.local, tel=null, adr='null', dateN=null, role=SUPER_ADMIN]
[2026-04-10T10:28:13.707667700+02:00][USR-SVC][convertToDTO] out: DTO[id=1, nom=Super, prenom=Admin, email=superadmin@club.local, tel=null, adr='null', dateN=null, role=SUPER_ADMIN, pwd=null]
[2026-04-10T10:28:13.707667700+02:00][USR-SVC][convertToDTO] in: Entity[id=3, nom=adminVilleurbanne, prenom=adminVilleurbanne, email=adminvilleurbanne@gmail.com, tel=null, adr='null', dateN=null, role=ADMIN]
[2026-04-10T10:28:13.707667700+02:00][USR-SVC][convertToDTO] out: DTO[id=3, nom=adminVilleurbanne, prenom=adminVilleurbanne, email=adminvilleurbanne@gmail.com, tel=null, adr='null', dateN=null, role=ADMIN, pwd=null]
[2026-04-10T10:28:13.708201100+02:00][USR-SVC][convertToDTO] in: Entity[id=5, nom=gueye, prenom=Oce, email=oce.gueye@gmail.com, tel=null, adr='null', dateN=null, role=PARENT]
2026-04-10T10:28:13.709+02:00 DEBUG 31076 --- [nio-8081-exec-8] org.hibernate.SQL                        : select m1_0.id,m1_0.ceinture,m1_0.club_id,m1_0.compte_utilisateur_id,m1_0.date_naissance,m1_0.est_adulte,m1_0.nom,m1_0.numero_licence,m1_0.parent_id,m1_0.prenom from membre m1_0 where m1_0.parent_id=?
Hibernate: select m1_0.id,m1_0.ceinture,m1_0.club_id,m1_0.compte_utilisateur_id,m1_0.date_naissance,m1_0.est_adulte,m1_0.nom,m1_0.numero_licence,m1_0.parent_id,m1_0.prenom from membre m1_0 where m1_0.parent_id=?
[2026-04-10T10:28:13.709780400+02:00][USR-SVC][convertToDTO] out: DTO[id=5, nom=gueye, prenom=Oce, email=oce.gueye@gmail.com, tel=null, adr='null', dateN=null, role=PARENT, pwd=null]
[2026-04-10T10:28:13.709780400+02:00][USR-SVC][convertToDTO] in: Entity[id=9, nom=Gueye, prenom=Alizee, email=alizee.gueye@gmail.com, tel=0682192787, adr='29b rue du professeur roux, 42800 Rive De Gier, France', dateN=1991-07-03, role=MEMBRE]
[2026-04-10T10:28:13.709780400+02:00][USR-SVC][convertToDTO] out: DTO[id=9, nom=Gueye, prenom=Alizee, email=alizee.gueye@gmail.com, tel=0682192787, adr='29b rue du professeur roux, 42800 Rive De Gier, France', dateN=1991-07-03, role=MEMBRE, pwd=null]
[2026-04-10T10:28:13.710310900+02:00][USR-SVC][convertToDTO] in: Entity[id=6, nom=Nenet, prenom=Gina, email=gina.nenet@hotmail.fr, tel=067524643, adr='29b rue du professeur roux , 42800 Rive De Gier, France', dateN=1962-08-31, role=PARENT]
2026-04-10T10:28:13.711+02:00 DEBUG 31076 --- [nio-8081-exec-8] org.hibernate.SQL                        : select m1_0.id,m1_0.ceinture,m1_0.club_id,m1_0.compte_utilisateur_id,m1_0.date_naissance,m1_0.est_adulte,m1_0.nom,m1_0.numero_licence,m1_0.parent_id,m1_0.prenom from membre m1_0 where m1_0.parent_id=?
Hibernate: select m1_0.id,m1_0.ceinture,m1_0.club_id,m1_0.compte_utilisateur_id,m1_0.date_naissance,m1_0.est_adulte,m1_0.nom,m1_0.numero_licence,m1_0.parent_id,m1_0.prenom from membre m1_0 where m1_0.parent_id=?
[USR-SVC] Parent enrichi: L�o Nenet
[2026-04-10T10:28:13.711881300+02:00][USR-SVC][convertToDTO] out: DTO[id=6, nom=Nenet, prenom=Gina, email=gina.nenet@hotmail.fr, tel=067524643, adr='29b rue du professeur roux , 42800 Rive De Gier, France', dateN=1962-08-31, role=PARENT, pwd=null]
[2026-04-10T10:28:13.712403200+02:00][USR-SVC][convertToDTO] in: Entity[id=10, nom=Gueye, prenom=ali, email=agueye1403@gmail.com, tel=0682192786, adr='29b rur du professeur roux, 42800 Rive De Gier, France', dateN=1991-07-03, role=PARENT]
2026-04-10T10:28:13.712+02:00 DEBUG 31076 --- [nio-8081-exec-8] org.hibernate.SQL                        : select m1_0.id,m1_0.ceinture,m1_0.club_id,m1_0.compte_utilisateur_id,m1_0.date_naissance,m1_0.est_adulte,m1_0.nom,m1_0.numero_licence,m1_0.parent_id,m1_0.prenom from membre m1_0 where m1_0.parent_id=?
Hibernate: select m1_0.id,m1_0.ceinture,m1_0.club_id,m1_0.compte_utilisateur_id,m1_0.date_naissance,m1_0.est_adulte,m1_0.nom,m1_0.numero_licence,m1_0.parent_id,m1_0.prenom from membre m1_0 where m1_0.parent_id=?
[USR-SVC] Parent enrichi: Loic Gueye
[2026-04-10T10:28:13.713966700+02:00][USR-SVC][convertToDTO] out: DTO[id=10, nom=Gueye, prenom=ali, email=agueye1403@gmail.com, tel=0682192786, adr='29b rur du professeur roux, 42800 Rive De Gier, France', dateN=1991-07-03, role=PARENT, pwd=null]
2026-04-10T10:28:13.714+02:00 DEBUG 31076 --- [nio-8081-exec-8] o.s.w.s.m.m.a.HttpEntityMethodProcessor  : Using 'application/json', given [*/*] and supported [application/json, application/*+json]
2026-04-10T10:28:13.715+02:00 DEBUG 31076 --- [nio-8081-exec-8] o.s.w.s.m.m.a.HttpEntityMethodProcessor  : Writing [[club.taekwondo.dto.UtilisateurDTO@2867ec1, club.taekwondo.dto.UtilisateurDTO@2a3ac3f5, club.taekwon (truncated)...]
2026-04-10T10:28:13.715+02:00 DEBUG 31076 --- [nio-8081-exec-8] o.s.web.servlet.DispatcherServlet        : Completed 200 OK
2026-04-10T10:28:13.733+02:00 DEBUG 31076 --- [io-8081-exec-10] o.s.security.web.FilterChainProxy        : Securing GET /api/actualites
2026-04-10T10:28:13.733+02:00 DEBUG 31076 --- [io-8081-exec-10] club.taekwondo.config.JwtAuthFilter      : [SEC] Endpoint public ignoré: /api/actualites
2026-04-10T10:28:13.734+02:00 DEBUG 31076 --- [io-8081-exec-10] o.s.s.w.a.AnonymousAuthenticationFilter  : Set SecurityContextHolder to anonymous SecurityContext
2026-04-10T10:28:13.734+02:00 DEBUG 31076 --- [io-8081-exec-10] o.s.security.web.FilterChainProxy        : Secured GET /api/actualites
2026-04-10T10:28:13.734+02:00 DEBUG 31076 --- [io-8081-exec-10] club.taekwondo.config.JwtAuthFilter      : [SEC] Endpoint public ignoré: /api/actualites
2026-04-10T10:28:13.734+02:00 DEBUG 31076 --- [io-8081-exec-10] o.s.web.servlet.DispatcherServlet        : GET "/api/actualites", parameters={}
2026-04-10T10:28:13.735+02:00 DEBUG 31076 --- [io-8081-exec-10] s.w.s.m.m.a.RequestMappingHandlerMapping : Mapped to club.taekwondo.controller.mongo.ActualiteController#getAll()
2026-04-10T10:28:13.735+02:00 DEBUG 31076 --- [io-8081-exec-10] c.t.c.mongo.ActualiteController          : [CTRL] GET /api/actualites
2026-04-10T10:28:13.735+02:00  INFO 31076 --- [io-8081-exec-10] c.t.service.mongo.ActualiteService       : Récupération de toutes les actualités.
2026-04-10T10:28:13.761+02:00  INFO 31076 --- [io-8081-exec-10] c.t.c.mongo.ActualiteController          : [CTRL] Actualités récupérées: 1
2026-04-10T10:28:13.762+02:00 DEBUG 31076 --- [io-8081-exec-10] o.s.w.s.m.m.a.HttpEntityMethodProcessor  : Using 'application/json', given [*/*] and supported [application/json]
2026-04-10T10:28:13.762+02:00 DEBUG 31076 --- [io-8081-exec-10] o.s.w.s.m.m.a.HttpEntityMethodProcessor  : Writing [[club.taekwondo.dto.ActualiteDTO@3b1f7e82]]
2026-04-10T10:28:13.766+02:00 DEBUG 31076 --- [io-8081-exec-10] o.s.web.servlet.DispatcherServlet        : Completed 200 OK
2026-04-10T10:28:13.783+02:00 DEBUG 31076 --- [nio-8081-exec-1] o.s.security.web.FilterChainProxy        : Securing GET /api/avis/club/1
2026-04-10T10:28:13.784+02:00 DEBUG 31076 --- [nio-8081-exec-1] club.taekwondo.config.JwtAuthFilter      : [SEC] Endpoint public ignoré: /api/avis/club/1
2026-04-10T10:28:13.784+02:00 DEBUG 31076 --- [nio-8081-exec-1] o.s.s.w.a.AnonymousAuthenticationFilter  : Set SecurityContextHolder to anonymous SecurityContext
2026-04-10T10:28:13.784+02:00 DEBUG 31076 --- [nio-8081-exec-1] o.s.security.web.FilterChainProxy        : Secured GET /api/avis/club/1
2026-04-10T10:28:13.784+02:00 DEBUG 31076 --- [nio-8081-exec-1] club.taekwondo.config.JwtAuthFilter      : [SEC] Endpoint public ignoré: /api/avis/club/1
2026-04-10T10:28:13.785+02:00 DEBUG 31076 --- [nio-8081-exec-1] o.s.web.servlet.DispatcherServlet        : GET "/api/avis/club/1", parameters={}
2026-04-10T10:28:13.785+02:00 DEBUG 31076 --- [nio-8081-exec-1] s.w.s.m.m.a.RequestMappingHandlerMapping : Mapped to club.taekwondo.controller.jpa.AvisController#getAvisByClub(Long)
2026-04-10T10:28:13.787+02:00 DEBUG 31076 --- [nio-8081-exec-1] org.hibernate.SQL                        : select a1_0.id,a1_0.approuve,a1_0.club_id,a1_0.contenu,a1_0.date_pub,a1_0.note,a1_0.photo,a1_0.pseudo_visiteur,a1_0.type_avis,a1_0.utilisateur_id from avis a1_0 where a1_0.club_id=?
Hibernate: select a1_0.id,a1_0.approuve,a1_0.club_id,a1_0.contenu,a1_0.date_pub,a1_0.note,a1_0.photo,a1_0.pseudo_visiteur,a1_0.type_avis,a1_0.utilisateur_id from avis a1_0 where a1_0.club_id=?
2026-04-10T10:28:13.790+02:00 DEBUG 31076 --- [nio-8081-exec-1] o.s.w.s.m.m.a.HttpEntityMethodProcessor  : Using 'application/json', given [*/*] and supported [application/json]
2026-04-10T10:28:13.790+02:00 DEBUG 31076 --- [nio-8081-exec-1] o.s.w.s.m.m.a.HttpEntityMethodProcessor  : Writing [[club.taekwondo.dto.AvisDTO@2ee4f53a, club.taekwondo.dto.AvisDTO@4d08d2fd]]
2026-04-10T10:28:13.792+02:00 DEBUG 31076 --- [nio-8081-exec-1] o.s.web.servlet.DispatcherServlet        : Completed 200 OK
2026-04-10T10:28:13.809+02:00 DEBUG 31076 --- [nio-8081-exec-2] o.s.security.web.FilterChainProxy        : Securing GET /api/notifications
2026-04-10T10:28:13.809+02:00 DEBUG 31076 --- [nio-8081-exec-2] club.taekwondo.config.JwtAuthFilter      : [SEC] GET /api/notifications
2026-04-10T10:28:13.810+02:00 DEBUG 31076 --- [nio-8081-exec-2] club.taekwondo.config.JwtAuthFilter      : [SEC] Header Authorization: Bearer eyJhbGciOiJIUzI1NiJ9.eyJzdWIiOiJhbGl6ZWUuZ3VleWVAZ21haWwuY29tIiwicm9sZSI6Ik1FTUJSRSIsInV0aWxpc2F0ZXVySWQiOjksIm1lbWJyZUlkIjo1LCJpYXQiOjE3NzU4MDk2OTIsImV4cCI6MTc3NTg5NjA5Mn0.6I4E-qmR-zH5BFR5M7B4l9yTupJECMt2kMDrHS2IkUc
2026-04-10T10:28:13.810+02:00 DEBUG 31076 --- [nio-8081-exec-2] club.taekwondo.config.JwtAuthFilter      : [SEC] Bearer présent (len=216)
2026-04-10T10:28:13.811+02:00 DEBUG 31076 --- [nio-8081-exec-2] club.taekwondo.config.JwtAuthFilter      : [SEC] email extrait du JWT = alizee.gueye@gmail.com
2026-04-10T10:28:13.811+02:00 DEBUG 31076 --- [nio-8081-exec-2] club.taekwondo.config.JwtAuthFilter      : [SEC] rôle extrait du JWT = MEMBRE
[2026-04-10T10:28:13.813350200+02:00][USR-SVC][getUtilisateurEntityByEmail] in email=alizee.gueye@gmail.com -> normalized=alizee.gueye@gmail.com
2026-04-10T10:28:13.814+02:00 DEBUG 31076 --- [nio-8081-exec-2] org.hibernate.SQL                        : select u1_0.id,u1_0.adresse,u1_0.club_id,u1_0.date_naissance,u1_0.email,u1_0.nom,u1_0.password,u1_0.password_temporaire,u1_0.password_updated_at,u1_0.prenom,u1_0.role,u1_0.telephone from utilisateur u1_0 where upper(u1_0.email)=upper(?)
Hibernate: select u1_0.id,u1_0.adresse,u1_0.club_id,u1_0.date_naissance,u1_0.email,u1_0.nom,u1_0.password,u1_0.password_temporaire,u1_0.password_updated_at,u1_0.prenom,u1_0.role,u1_0.telephone from utilisateur u1_0 where upper(u1_0.email)=upper(?)
2026-04-10T10:28:13.815+02:00 DEBUG 31076 --- [nio-8081-exec-2] org.hibernate.SQL                        : select c1_0.id,c1_0.adresse,c1_0.email,c1_0.logo,c1_0.name,c1_0.telephone from clubs c1_0 where c1_0.id=?
Hibernate: select c1_0.id,c1_0.adresse,c1_0.email,c1_0.logo,c1_0.name,c1_0.telephone from clubs c1_0 where c1_0.id=?
2026-04-10T10:28:13.815+02:00 DEBUG 31076 --- [nio-8081-exec-2] org.hibernate.SQL                        : select m1_0.id,m1_0.ceinture,m1_0.club_id,cu1_0.id,cu1_0.adresse,c2_0.id,c2_0.adresse,c2_0.email,c2_0.logo,c2_0.name,c2_0.telephone,cu1_0.date_naissance,cu1_0.email,cu1_0.nom,cu1_0.password,cu1_0.password_temporaire,cu1_0.password_updated_at,cu1_0.prenom,cu1_0.role,cu1_0.telephone,m1_0.date_naissance,m1_0.est_adulte,m1_0.nom,m1_0.numero_licence,m1_0.parent_id,m1_0.prenom from membre m1_0 left join utilisateur cu1_0 on cu1_0.id=m1_0.compte_utilisateur_id left join clubs c2_0 on c2_0.id=cu1_0.club_id where m1_0.compte_utilisateur_id=?
Hibernate: select m1_0.id,m1_0.ceinture,m1_0.club_id,cu1_0.id,cu1_0.adresse,c2_0.id,c2_0.adresse,c2_0.email,c2_0.logo,c2_0.name,c2_0.telephone,cu1_0.date_naissance,cu1_0.email,cu1_0.nom,cu1_0.password,cu1_0.password_temporaire,cu1_0.password_updated_at,cu1_0.prenom,cu1_0.role,cu1_0.telephone,m1_0.date_naissance,m1_0.est_adulte,m1_0.nom,m1_0.numero_licence,m1_0.parent_id,m1_0.prenom from membre m1_0 left join utilisateur cu1_0 on cu1_0.id=m1_0.compte_utilisateur_id left join clubs c2_0 on c2_0.id=cu1_0.club_id where m1_0.compte_utilisateur_id=?
[2026-04-10T10:28:13.817037800+02:00][USR-SVC][getUtilisateurEntityByEmail] present? true
2026-04-10T10:28:13.817+02:00 DEBUG 31076 --- [nio-8081-exec-2] club.taekwondo.config.JwtAuthFilter      : [SEC] Utilisateur trouvé: Alizee Gueye
2026-04-10T10:28:13.817+02:00 DEBUG 31076 --- [nio-8081-exec-2] club.taekwondo.config.JwtAuthFilter      : [SEC] rôle BDD normalisé = MEMBRE
2026-04-10T10:28:13.817+02:00 DEBUG 31076 --- [nio-8081-exec-2] club.taekwondo.config.JwtAuthFilter      : [SEC] Auth OK: user=alizee.gueye@gmail.com authorities=[ROLE_MEMBRE]
2026-04-10T10:28:13.818+02:00 DEBUG 31076 --- [nio-8081-exec-2] o.s.security.web.FilterChainProxy        : Secured GET /api/notifications
2026-04-10T10:28:13.818+02:00 DEBUG 31076 --- [nio-8081-exec-2] o.s.web.servlet.DispatcherServlet        : GET "/api/notifications", parameters={}
2026-04-10T10:28:13.818+02:00 DEBUG 31076 --- [nio-8081-exec-2] s.w.s.m.m.a.RequestMappingHandlerMapping : Mapped to club.taekwondo.controller.jpa.NotificationController#getNotifications(Authentication)
2026-04-10T10:28:13.820+02:00 DEBUG 31076 --- [nio-8081-exec-2] org.hibernate.SQL                        : select u1_0.id,u1_0.adresse,u1_0.club_id,u1_0.date_naissance,u1_0.email,u1_0.nom,u1_0.password,u1_0.password_temporaire,u1_0.password_updated_at,u1_0.prenom,u1_0.role,u1_0.telephone from utilisateur u1_0 where u1_0.email=?
Hibernate: select u1_0.id,u1_0.adresse,u1_0.club_id,u1_0.date_naissance,u1_0.email,u1_0.nom,u1_0.password,u1_0.password_temporaire,u1_0.password_updated_at,u1_0.prenom,u1_0.role,u1_0.telephone from utilisateur u1_0 where u1_0.email=?
2026-04-10T10:28:13.821+02:00 DEBUG 31076 --- [nio-8081-exec-2] org.hibernate.SQL                        : select c1_0.id,c1_0.adresse,c1_0.email,c1_0.logo,c1_0.name,c1_0.telephone from clubs c1_0 where c1_0.id=?
Hibernate: select c1_0.id,c1_0.adresse,c1_0.email,c1_0.logo,c1_0.name,c1_0.telephone from clubs c1_0 where c1_0.id=?
2026-04-10T10:28:13.822+02:00 DEBUG 31076 --- [nio-8081-exec-2] org.hibernate.SQL                        : select m1_0.id,m1_0.ceinture,m1_0.club_id,cu1_0.id,cu1_0.adresse,c2_0.id,c2_0.adresse,c2_0.email,c2_0.logo,c2_0.name,c2_0.telephone,cu1_0.date_naissance,cu1_0.email,cu1_0.nom,cu1_0.password,cu1_0.password_temporaire,cu1_0.password_updated_at,cu1_0.prenom,cu1_0.role,cu1_0.telephone,m1_0.date_naissance,m1_0.est_adulte,m1_0.nom,m1_0.numero_licence,m1_0.parent_id,m1_0.prenom from membre m1_0 left join utilisateur cu1_0 on cu1_0.id=m1_0.compte_utilisateur_id left join clubs c2_0 on c2_0.id=cu1_0.club_id where m1_0.compte_utilisateur_id=?
Hibernate: select m1_0.id,m1_0.ceinture,m1_0.club_id,cu1_0.id,cu1_0.adresse,c2_0.id,c2_0.adresse,c2_0.email,c2_0.logo,c2_0.name,c2_0.telephone,cu1_0.date_naissance,cu1_0.email,cu1_0.nom,cu1_0.password,cu1_0.password_temporaire,cu1_0.password_updated_at,cu1_0.prenom,cu1_0.role,cu1_0.telephone,m1_0.date_naissance,m1_0.est_adulte,m1_0.nom,m1_0.numero_licence,m1_0.parent_id,m1_0.prenom from membre m1_0 left join utilisateur cu1_0 on cu1_0.id=m1_0.compte_utilisateur_id left join clubs c2_0 on c2_0.id=cu1_0.club_id where m1_0.compte_utilisateur_id=?
2026-04-10T10:28:13.826+02:00 DEBUG 31076 --- [nio-8081-exec-2] org.hibernate.SQL                        : select n1_0.id,n1_0.date_envoi,n1_0.lu,n1_0.message,n1_0.titre,n1_0.type,n1_0.utilisateur_id from notification n1_0 where n1_0.utilisateur_id=? order by n1_0.date_envoi desc
Hibernate: select n1_0.id,n1_0.date_envoi,n1_0.lu,n1_0.message,n1_0.titre,n1_0.type,n1_0.utilisateur_id from notification n1_0 where n1_0.utilisateur_id=? order by n1_0.date_envoi desc
2026-04-10T10:28:13.829+02:00 DEBUG 31076 --- [nio-8081-exec-2] o.s.w.s.m.m.a.HttpEntityMethodProcessor  : Using 'application/json', given [*/*] and supported [application/json, application/*+json]
2026-04-10T10:28:13.830+02:00 DEBUG 31076 --- [nio-8081-exec-2] o.s.w.s.m.m.a.HttpEntityMethodProcessor  : Writing [[]]
2026-04-10T10:28:13.830+02:00 DEBUG 31076 --- [nio-8081-exec-2] o.s.web.servlet.DispatcherServlet        : Completed 200 OK
2026-04-10T10:29:41.849+02:00 DEBUG 31076 --- [nio-8081-exec-6] o.s.security.web.FilterChainProxy        : Securing POST /api/utilisateurs/login
2026-04-10T10:29:41.849+02:00 DEBUG 31076 --- [nio-8081-exec-6] club.taekwondo.config.JwtAuthFilter      : [SEC] Endpoint public ignoré: /api/utilisateurs/login
2026-04-10T10:29:41.849+02:00 DEBUG 31076 --- [nio-8081-exec-6] o.s.s.w.a.AnonymousAuthenticationFilter  : Set SecurityContextHolder to anonymous SecurityContext
2026-04-10T10:29:41.849+02:00 DEBUG 31076 --- [nio-8081-exec-6] o.s.security.web.FilterChainProxy        : Secured POST /api/utilisateurs/login
2026-04-10T10:29:41.850+02:00 DEBUG 31076 --- [nio-8081-exec-6] club.taekwondo.config.JwtAuthFilter      : [SEC] Endpoint public ignoré: /api/utilisateurs/login
2026-04-10T10:29:41.850+02:00 DEBUG 31076 --- [nio-8081-exec-6] o.s.web.servlet.DispatcherServlet        : POST "/api/utilisateurs/login", parameters={}
2026-04-10T10:29:41.850+02:00 DEBUG 31076 --- [nio-8081-exec-6] s.w.s.m.m.a.RequestMappingHandlerMapping : Mapped to club.taekwondo.controller.jpa.UtilisateurController#login(LoginDTO)
2026-04-10T10:29:41.851+02:00 DEBUG 31076 --- [nio-8081-exec-6] m.m.a.RequestResponseBodyMethodProcessor : Read "application/json;charset=UTF-8" to [club.taekwondo.dto.LoginDTO@1c3f0610]
[2026-04-10T10:29:41.851751500+02:00][USR][LOGIN] ? payload re�u
[2026-04-10T10:29:41.851751500+02:00][USR-SVC][login] email=adminvilleurbanne@gmail.com -> normalized=adminvilleurbanne@gmail.com, password=***(8 chars)
2026-04-10T10:29:41.853+02:00 DEBUG 31076 --- [nio-8081-exec-6] org.hibernate.SQL                        : select u1_0.id,u1_0.adresse,u1_0.club_id,u1_0.date_naissance,u1_0.email,u1_0.nom,u1_0.password,u1_0.password_temporaire,u1_0.password_updated_at,u1_0.prenom,u1_0.role,u1_0.telephone from utilisateur u1_0 where upper(u1_0.email)=upper(?)
Hibernate: select u1_0.id,u1_0.adresse,u1_0.club_id,u1_0.date_naissance,u1_0.email,u1_0.nom,u1_0.password,u1_0.password_temporaire,u1_0.password_updated_at,u1_0.prenom,u1_0.role,u1_0.telephone from utilisateur u1_0 where upper(u1_0.email)=upper(?)
2026-04-10T10:29:41.854+02:00 DEBUG 31076 --- [nio-8081-exec-6] org.hibernate.SQL                        : select c1_0.id,c1_0.adresse,c1_0.email,c1_0.logo,c1_0.name,c1_0.telephone from clubs c1_0 where c1_0.id=?
Hibernate: select c1_0.id,c1_0.adresse,c1_0.email,c1_0.logo,c1_0.name,c1_0.telephone from clubs c1_0 where c1_0.id=?
2026-04-10T10:29:41.855+02:00 DEBUG 31076 --- [nio-8081-exec-6] org.hibernate.SQL                        : select m1_0.id,m1_0.ceinture,m1_0.club_id,cu1_0.id,cu1_0.adresse,c2_0.id,c2_0.adresse,c2_0.email,c2_0.logo,c2_0.name,c2_0.telephone,cu1_0.date_naissance,cu1_0.email,cu1_0.nom,cu1_0.password,cu1_0.password_temporaire,cu1_0.password_updated_at,cu1_0.prenom,cu1_0.role,cu1_0.telephone,m1_0.date_naissance,m1_0.est_adulte,m1_0.nom,m1_0.numero_licence,m1_0.parent_id,m1_0.prenom from membre m1_0 left join utilisateur cu1_0 on cu1_0.id=m1_0.compte_utilisateur_id left join clubs c2_0 on c2_0.id=cu1_0.club_id where m1_0.compte_utilisateur_id=?
Hibernate: select m1_0.id,m1_0.ceinture,m1_0.club_id,cu1_0.id,cu1_0.adresse,c2_0.id,c2_0.adresse,c2_0.email,c2_0.logo,c2_0.name,c2_0.telephone,cu1_0.date_naissance,cu1_0.email,cu1_0.nom,cu1_0.password,cu1_0.password_temporaire,cu1_0.password_updated_at,cu1_0.prenom,cu1_0.role,cu1_0.telephone,m1_0.date_naissance,m1_0.est_adulte,m1_0.nom,m1_0.numero_licence,m1_0.parent_id,m1_0.prenom from membre m1_0 left join utilisateur cu1_0 on cu1_0.id=m1_0.compte_utilisateur_id left join clubs c2_0 on c2_0.id=cu1_0.club_id where m1_0.compte_utilisateur_id=?
[2026-04-10T10:29:41.926692700+02:00][USR-SVC][login] password matches? true for userId=3
[2026-04-10T10:29:41.927695900+02:00][USR-SVC][convertToDTO] in: Entity[id=3, nom=adminVilleurbanne, prenom=adminVilleurbanne, email=adminvilleurbanne@gmail.com, tel=null, adr='null', dateN=null, role=ADMIN]
[2026-04-10T10:29:41.927695900+02:00][USR-SVC][convertToDTO] out: DTO[id=3, nom=adminVilleurbanne, prenom=adminVilleurbanne, email=adminvilleurbanne@gmail.com, tel=null, adr='null', dateN=null, role=ADMIN, pwd=null]
[2026-04-10T10:29:41.927695900+02:00][USR-SVC][login] success? true
2026-04-10T10:29:41.928+02:00 DEBUG 31076 --- [nio-8081-exec-6] org.hibernate.SQL                        : select m1_0.id,m1_0.ceinture,m1_0.club_id,m1_0.compte_utilisateur_id,m1_0.date_naissance,m1_0.est_adulte,m1_0.nom,m1_0.numero_licence,m1_0.parent_id,m1_0.prenom from membre m1_0 where m1_0.compte_utilisateur_id=?
Hibernate: select m1_0.id,m1_0.ceinture,m1_0.club_id,m1_0.compte_utilisateur_id,m1_0.date_naissance,m1_0.est_adulte,m1_0.nom,m1_0.numero_licence,m1_0.parent_id,m1_0.prenom from membre m1_0 where m1_0.compte_utilisateur_id=?
[2026-04-10T10:29:41.929694500+02:00][USR-SVC][getUtilisateurEntityById] id=3
[2026-04-10T10:29:41.930693300+02:00][USR-SVC][getUtilisateurEntityById] present? true
2026-04-10T10:29:41.931+02:00 DEBUG 31076 --- [nio-8081-exec-6] o.s.w.s.m.m.a.HttpEntityMethodProcessor  : Using 'application/json', given [*/*] and supported [application/json, application/*+json]
2026-04-10T10:29:41.932+02:00 DEBUG 31076 --- [nio-8081-exec-6] o.s.w.s.m.m.a.HttpEntityMethodProcessor  : Writing [{role=ADMIN, utilisateur=club.taekwondo.dto.UtilisateurDTO@6809fd35, utilisateurId=3, membreId=null, (truncated)...]
2026-04-10T10:29:41.932+02:00 DEBUG 31076 --- [nio-8081-exec-6] o.s.web.servlet.DispatcherServlet        : Completed 200 OK
2026-04-10T10:29:41.985+02:00 DEBUG 31076 --- [nio-8081-exec-4] o.s.security.web.FilterChainProxy        : Securing POST /api/utilisateurs/login
2026-04-10T10:29:41.985+02:00 DEBUG 31076 --- [nio-8081-exec-4] club.taekwondo.config.JwtAuthFilter      : [SEC] Endpoint public ignoré: /api/utilisateurs/login
2026-04-10T10:29:41.985+02:00 DEBUG 31076 --- [nio-8081-exec-4] o.s.s.w.a.AnonymousAuthenticationFilter  : Set SecurityContextHolder to anonymous SecurityContext
2026-04-10T10:29:41.986+02:00 DEBUG 31076 --- [nio-8081-exec-4] o.s.security.web.FilterChainProxy        : Secured POST /api/utilisateurs/login
2026-04-10T10:29:41.986+02:00 DEBUG 31076 --- [nio-8081-exec-4] club.taekwondo.config.JwtAuthFilter      : [SEC] Endpoint public ignoré: /api/utilisateurs/login
2026-04-10T10:29:41.986+02:00 DEBUG 31076 --- [nio-8081-exec-4] o.s.web.servlet.DispatcherServlet        : POST "/api/utilisateurs/login", parameters={}
2026-04-10T10:29:41.986+02:00 DEBUG 31076 --- [nio-8081-exec-4] s.w.s.m.m.a.RequestMappingHandlerMapping : Mapped to club.taekwondo.controller.jpa.UtilisateurController#login(LoginDTO)
2026-04-10T10:29:41.987+02:00 DEBUG 31076 --- [nio-8081-exec-4] m.m.a.RequestResponseBodyMethodProcessor : Read "application/json;charset=UTF-8" to [club.taekwondo.dto.LoginDTO@77e4d4bf]
[2026-04-10T10:29:41.987846700+02:00][USR][LOGIN] ? payload re�u
[2026-04-10T10:29:41.987846700+02:00][USR-SVC][login] email=alizee.gueye@gmail.com -> normalized=alizee.gueye@gmail.com, password=***(8 chars)
2026-04-10T10:29:41.988+02:00 DEBUG 31076 --- [nio-8081-exec-4] org.hibernate.SQL                        : select u1_0.id,u1_0.adresse,u1_0.club_id,u1_0.date_naissance,u1_0.email,u1_0.nom,u1_0.password,u1_0.password_temporaire,u1_0.password_updated_at,u1_0.prenom,u1_0.role,u1_0.telephone from utilisateur u1_0 where upper(u1_0.email)=upper(?)
Hibernate: select u1_0.id,u1_0.adresse,u1_0.club_id,u1_0.date_naissance,u1_0.email,u1_0.nom,u1_0.password,u1_0.password_temporaire,u1_0.password_updated_at,u1_0.prenom,u1_0.role,u1_0.telephone from utilisateur u1_0 where upper(u1_0.email)=upper(?)
2026-04-10T10:29:41.990+02:00 DEBUG 31076 --- [nio-8081-exec-4] org.hibernate.SQL                        : select c1_0.id,c1_0.adresse,c1_0.email,c1_0.logo,c1_0.name,c1_0.telephone from clubs c1_0 where c1_0.id=?
Hibernate: select c1_0.id,c1_0.adresse,c1_0.email,c1_0.logo,c1_0.name,c1_0.telephone from clubs c1_0 where c1_0.id=?
2026-04-10T10:29:41.990+02:00 DEBUG 31076 --- [nio-8081-exec-4] org.hibernate.SQL                        : select m1_0.id,m1_0.ceinture,m1_0.club_id,cu1_0.id,cu1_0.adresse,c2_0.id,c2_0.adresse,c2_0.email,c2_0.logo,c2_0.name,c2_0.telephone,cu1_0.date_naissance,cu1_0.email,cu1_0.nom,cu1_0.password,cu1_0.password_temporaire,cu1_0.password_updated_at,cu1_0.prenom,cu1_0.role,cu1_0.telephone,m1_0.date_naissance,m1_0.est_adulte,m1_0.nom,m1_0.numero_licence,m1_0.parent_id,m1_0.prenom from membre m1_0 left join utilisateur cu1_0 on cu1_0.id=m1_0.compte_utilisateur_id left join clubs c2_0 on c2_0.id=cu1_0.club_id where m1_0.compte_utilisateur_id=?
Hibernate: select m1_0.id,m1_0.ceinture,m1_0.club_id,cu1_0.id,cu1_0.adresse,c2_0.id,c2_0.adresse,c2_0.email,c2_0.logo,c2_0.name,c2_0.telephone,cu1_0.date_naissance,cu1_0.email,cu1_0.nom,cu1_0.password,cu1_0.password_temporaire,cu1_0.password_updated_at,cu1_0.prenom,cu1_0.role,cu1_0.telephone,m1_0.date_naissance,m1_0.est_adulte,m1_0.nom,m1_0.numero_licence,m1_0.parent_id,m1_0.prenom from membre m1_0 left join utilisateur cu1_0 on cu1_0.id=m1_0.compte_utilisateur_id left join clubs c2_0 on c2_0.id=cu1_0.club_id where m1_0.compte_utilisateur_id=?
[2026-04-10T10:29:42.061386300+02:00][USR-SVC][login] password matches? true for userId=9
[2026-04-10T10:29:42.062385400+02:00][USR-SVC][convertToDTO] in: Entity[id=9, nom=Gueye, prenom=Alizee, email=alizee.gueye@gmail.com, tel=0682192787, adr='29b rue du professeur roux, 42800 Rive De Gier, France', dateN=1991-07-03, role=MEMBRE]
[2026-04-10T10:29:42.062385400+02:00][USR-SVC][convertToDTO] out: DTO[id=9, nom=Gueye, prenom=Alizee, email=alizee.gueye@gmail.com, tel=0682192787, adr='29b rue du professeur roux, 42800 Rive De Gier, France', dateN=1991-07-03, role=MEMBRE, pwd=null]
[2026-04-10T10:29:42.062385400+02:00][USR-SVC][login] success? true
2026-04-10T10:29:42.065+02:00 DEBUG 31076 --- [nio-8081-exec-4] org.hibernate.SQL                        : select m1_0.id,m1_0.ceinture,m1_0.club_id,m1_0.compte_utilisateur_id,m1_0.date_naissance,m1_0.est_adulte,m1_0.nom,m1_0.numero_licence,m1_0.parent_id,m1_0.prenom from membre m1_0 where m1_0.compte_utilisateur_id=?
Hibernate: select m1_0.id,m1_0.ceinture,m1_0.club_id,m1_0.compte_utilisateur_id,m1_0.date_naissance,m1_0.est_adulte,m1_0.nom,m1_0.numero_licence,m1_0.parent_id,m1_0.prenom from membre m1_0 where m1_0.compte_utilisateur_id=?
[2026-04-10T10:29:42.066385500+02:00][USR-SVC][getUtilisateurEntityById] id=9
[2026-04-10T10:29:42.066385500+02:00][USR-SVC][getUtilisateurEntityById] present? true
2026-04-10T10:29:42.067+02:00 DEBUG 31076 --- [nio-8081-exec-4] o.s.w.s.m.m.a.HttpEntityMethodProcessor  : Using 'application/json', given [*/*] and supported [application/json, application/*+json]
2026-04-10T10:29:42.067+02:00 DEBUG 31076 --- [nio-8081-exec-4] o.s.w.s.m.m.a.HttpEntityMethodProcessor  : Writing [{role=MEMBRE, utilisateur=club.taekwondo.dto.UtilisateurDTO@571bc5af, utilisateurId=9, membreId=5, e (truncated)...]
2026-04-10T10:29:42.067+02:00 DEBUG 31076 --- [nio-8081-exec-4] o.s.web.servlet.DispatcherServlet        : Completed 200 OK
2026-04-10T10:29:42.084+02:00 DEBUG 31076 --- [nio-8081-exec-3] o.s.security.web.FilterChainProxy        : Securing POST /api/utilisateurs/login
2026-04-10T10:29:42.085+02:00 DEBUG 31076 --- [nio-8081-exec-3] club.taekwondo.config.JwtAuthFilter      : [SEC] Endpoint public ignoré: /api/utilisateurs/login
2026-04-10T10:29:42.085+02:00 DEBUG 31076 --- [nio-8081-exec-3] o.s.s.w.a.AnonymousAuthenticationFilter  : Set SecurityContextHolder to anonymous SecurityContext
2026-04-10T10:29:42.085+02:00 DEBUG 31076 --- [nio-8081-exec-3] o.s.security.web.FilterChainProxy        : Secured POST /api/utilisateurs/login
2026-04-10T10:29:42.085+02:00 DEBUG 31076 --- [nio-8081-exec-3] club.taekwondo.config.JwtAuthFilter      : [SEC] Endpoint public ignoré: /api/utilisateurs/login
2026-04-10T10:29:42.085+02:00 DEBUG 31076 --- [nio-8081-exec-3] o.s.web.servlet.DispatcherServlet        : POST "/api/utilisateurs/login", parameters={}
2026-04-10T10:29:42.086+02:00 DEBUG 31076 --- [nio-8081-exec-3] s.w.s.m.m.a.RequestMappingHandlerMapping : Mapped to club.taekwondo.controller.jpa.UtilisateurController#login(LoginDTO)
2026-04-10T10:29:42.086+02:00 DEBUG 31076 --- [nio-8081-exec-3] m.m.a.RequestResponseBodyMethodProcessor : Read "application/json;charset=UTF-8" to [club.taekwondo.dto.LoginDTO@652df29d]
[2026-04-10T10:29:42.086042700+02:00][USR][LOGIN] ? payload re�u
[2026-04-10T10:29:42.087042900+02:00][USR-SVC][login] email=agueye1403@gmail.com -> normalized=agueye1403@gmail.com, password=***(8 chars)
2026-04-10T10:29:42.087+02:00 DEBUG 31076 --- [nio-8081-exec-3] org.hibernate.SQL                        : select u1_0.id,u1_0.adresse,u1_0.club_id,u1_0.date_naissance,u1_0.email,u1_0.nom,u1_0.password,u1_0.password_temporaire,u1_0.password_updated_at,u1_0.prenom,u1_0.role,u1_0.telephone from utilisateur u1_0 where upper(u1_0.email)=upper(?)
Hibernate: select u1_0.id,u1_0.adresse,u1_0.club_id,u1_0.date_naissance,u1_0.email,u1_0.nom,u1_0.password,u1_0.password_temporaire,u1_0.password_updated_at,u1_0.prenom,u1_0.role,u1_0.telephone from utilisateur u1_0 where upper(u1_0.email)=upper(?)
2026-04-10T10:29:42.088+02:00 DEBUG 31076 --- [nio-8081-exec-3] org.hibernate.SQL                        : select c1_0.id,c1_0.adresse,c1_0.email,c1_0.logo,c1_0.name,c1_0.telephone from clubs c1_0 where c1_0.id=?
Hibernate: select c1_0.id,c1_0.adresse,c1_0.email,c1_0.logo,c1_0.name,c1_0.telephone from clubs c1_0 where c1_0.id=?
2026-04-10T10:29:42.089+02:00 DEBUG 31076 --- [nio-8081-exec-3] org.hibernate.SQL                        : select m1_0.id,m1_0.ceinture,m1_0.club_id,cu1_0.id,cu1_0.adresse,c2_0.id,c2_0.adresse,c2_0.email,c2_0.logo,c2_0.name,c2_0.telephone,cu1_0.date_naissance,cu1_0.email,cu1_0.nom,cu1_0.password,cu1_0.password_temporaire,cu1_0.password_updated_at,cu1_0.prenom,cu1_0.role,cu1_0.telephone,m1_0.date_naissance,m1_0.est_adulte,m1_0.nom,m1_0.numero_licence,m1_0.parent_id,m1_0.prenom from membre m1_0 left join utilisateur cu1_0 on cu1_0.id=m1_0.compte_utilisateur_id left join clubs c2_0 on c2_0.id=cu1_0.club_id where m1_0.compte_utilisateur_id=?
Hibernate: select m1_0.id,m1_0.ceinture,m1_0.club_id,cu1_0.id,cu1_0.adresse,c2_0.id,c2_0.adresse,c2_0.email,c2_0.logo,c2_0.name,c2_0.telephone,cu1_0.date_naissance,cu1_0.email,cu1_0.nom,cu1_0.password,cu1_0.password_temporaire,cu1_0.password_updated_at,cu1_0.prenom,cu1_0.role,cu1_0.telephone,m1_0.date_naissance,m1_0.est_adulte,m1_0.nom,m1_0.numero_licence,m1_0.parent_id,m1_0.prenom from membre m1_0 left join utilisateur cu1_0 on cu1_0.id=m1_0.compte_utilisateur_id left join clubs c2_0 on c2_0.id=cu1_0.club_id where m1_0.compte_utilisateur_id=?
[2026-04-10T10:29:42.158799200+02:00][USR-SVC][login] password matches? true for userId=10
[2026-04-10T10:29:42.159799900+02:00][USR-SVC][convertToDTO] in: Entity[id=10, nom=Gueye, prenom=ali, email=agueye1403@gmail.com, tel=0682192786, adr='29b rur du professeur roux, 42800 Rive De Gier, France', dateN=1991-07-03, role=PARENT]
2026-04-10T10:29:42.160+02:00 DEBUG 31076 --- [nio-8081-exec-3] org.hibernate.SQL                        : select m1_0.id,m1_0.ceinture,m1_0.club_id,m1_0.compte_utilisateur_id,m1_0.date_naissance,m1_0.est_adulte,m1_0.nom,m1_0.numero_licence,m1_0.parent_id,m1_0.prenom from membre m1_0 where m1_0.parent_id=?
Hibernate: select m1_0.id,m1_0.ceinture,m1_0.club_id,m1_0.compte_utilisateur_id,m1_0.date_naissance,m1_0.est_adulte,m1_0.nom,m1_0.numero_licence,m1_0.parent_id,m1_0.prenom from membre m1_0 where m1_0.parent_id=?
[USR-SVC] Parent enrichi: Loic Gueye
[2026-04-10T10:29:42.162306+02:00][USR-SVC][convertToDTO] out: DTO[id=10, nom=Gueye, prenom=ali, email=agueye1403@gmail.com, tel=0682192786, adr='29b rur du professeur roux, 42800 Rive De Gier, France', dateN=1991-07-03, role=PARENT, pwd=null]
[2026-04-10T10:29:42.162306+02:00][USR-SVC][login] success? true
2026-04-10T10:29:42.163+02:00 DEBUG 31076 --- [nio-8081-exec-3] org.hibernate.SQL                        : select m1_0.id,m1_0.ceinture,m1_0.club_id,m1_0.compte_utilisateur_id,m1_0.date_naissance,m1_0.est_adulte,m1_0.nom,m1_0.numero_licence,m1_0.parent_id,m1_0.prenom from membre m1_0 where m1_0.compte_utilisateur_id=?
Hibernate: select m1_0.id,m1_0.ceinture,m1_0.club_id,m1_0.compte_utilisateur_id,m1_0.date_naissance,m1_0.est_adulte,m1_0.nom,m1_0.numero_licence,m1_0.parent_id,m1_0.prenom from membre m1_0 where m1_0.compte_utilisateur_id=?
[2026-04-10T10:29:42.163311400+02:00][USR-SVC][getUtilisateurEntityById] id=10
[2026-04-10T10:29:42.164311100+02:00][USR-SVC][getUtilisateurEntityById] present? true
2026-04-10T10:29:42.165+02:00 DEBUG 31076 --- [nio-8081-exec-3] o.s.w.s.m.m.a.HttpEntityMethodProcessor  : Using 'application/json', given [*/*] and supported [application/json, application/*+json]
2026-04-10T10:29:42.165+02:00 DEBUG 31076 --- [nio-8081-exec-3] o.s.w.s.m.m.a.HttpEntityMethodProcessor  : Writing [{role=PARENT, utilisateur=club.taekwondo.dto.UtilisateurDTO@77ca2957, utilisateurId=10, membreId=nul (truncated)...]
2026-04-10T10:29:42.166+02:00 DEBUG 31076 --- [nio-8081-exec-3] o.s.web.servlet.DispatcherServlet        : Completed 200 OK
2026-04-10T10:29:42.185+02:00 DEBUG 31076 --- [nio-8081-exec-7] o.s.security.web.FilterChainProxy        : Securing DELETE /api/utilisateurs/99999
2026-04-10T10:29:42.185+02:00 DEBUG 31076 --- [nio-8081-exec-7] club.taekwondo.config.JwtAuthFilter      : [SEC] DELETE /api/utilisateurs/99999
2026-04-10T10:29:42.185+02:00 DEBUG 31076 --- [nio-8081-exec-7] club.taekwondo.config.JwtAuthFilter      : [SEC] Header Authorization: Bearer eyJhbGciOiJIUzI1NiJ9.eyJzdWIiOiJhZG1pbnZpbGxldXJiYW5uZUBnbWFpbC5jb20iLCJyb2xlIjoiQURNSU4iLCJ1dGlsaXNhdGV1cklkIjozLCJpYXQiOjE3NzU4MDk3ODEsImV4cCI6MTc3NTg5NjE4MX0.7Xto3CYoQvVazm0qWCBUC2Ytxin6GpIGl6gM1Wmj9nE
2026-04-10T10:29:42.186+02:00 DEBUG 31076 --- [nio-8081-exec-7] club.taekwondo.config.JwtAuthFilter      : [SEC] Bearer présent (len=204)
2026-04-10T10:29:42.187+02:00 DEBUG 31076 --- [nio-8081-exec-7] club.taekwondo.config.JwtAuthFilter      : [SEC] email extrait du JWT = adminvilleurbanne@gmail.com
2026-04-10T10:29:42.188+02:00 DEBUG 31076 --- [nio-8081-exec-7] club.taekwondo.config.JwtAuthFilter      : [SEC] rôle extrait du JWT = ADMIN
[2026-04-10T10:29:42.189511300+02:00][USR-SVC][getUtilisateurEntityByEmail] in email=adminvilleurbanne@gmail.com -> normalized=adminvilleurbanne@gmail.com
2026-04-10T10:29:42.190+02:00 DEBUG 31076 --- [nio-8081-exec-7] org.hibernate.SQL                        : select u1_0.id,u1_0.adresse,u1_0.club_id,u1_0.date_naissance,u1_0.email,u1_0.nom,u1_0.password,u1_0.password_temporaire,u1_0.password_updated_at,u1_0.prenom,u1_0.role,u1_0.telephone from utilisateur u1_0 where upper(u1_0.email)=upper(?)
Hibernate: select u1_0.id,u1_0.adresse,u1_0.club_id,u1_0.date_naissance,u1_0.email,u1_0.nom,u1_0.password,u1_0.password_temporaire,u1_0.password_updated_at,u1_0.prenom,u1_0.role,u1_0.telephone from utilisateur u1_0 where upper(u1_0.email)=upper(?)
2026-04-10T10:29:42.191+02:00 DEBUG 31076 --- [nio-8081-exec-7] org.hibernate.SQL                        : select c1_0.id,c1_0.adresse,c1_0.email,c1_0.logo,c1_0.name,c1_0.telephone from clubs c1_0 where c1_0.id=?
Hibernate: select c1_0.id,c1_0.adresse,c1_0.email,c1_0.logo,c1_0.name,c1_0.telephone from clubs c1_0 where c1_0.id=?
2026-04-10T10:29:42.191+02:00 DEBUG 31076 --- [nio-8081-exec-7] org.hibernate.SQL                        : select m1_0.id,m1_0.ceinture,m1_0.club_id,cu1_0.id,cu1_0.adresse,c2_0.id,c2_0.adresse,c2_0.email,c2_0.logo,c2_0.name,c2_0.telephone,cu1_0.date_naissance,cu1_0.email,cu1_0.nom,cu1_0.password,cu1_0.password_temporaire,cu1_0.password_updated_at,cu1_0.prenom,cu1_0.role,cu1_0.telephone,m1_0.date_naissance,m1_0.est_adulte,m1_0.nom,m1_0.numero_licence,m1_0.parent_id,m1_0.prenom from membre m1_0 left join utilisateur cu1_0 on cu1_0.id=m1_0.compte_utilisateur_id left join clubs c2_0 on c2_0.id=cu1_0.club_id where m1_0.compte_utilisateur_id=?
Hibernate: select m1_0.id,m1_0.ceinture,m1_0.club_id,cu1_0.id,cu1_0.adresse,c2_0.id,c2_0.adresse,c2_0.email,c2_0.logo,c2_0.name,c2_0.telephone,cu1_0.date_naissance,cu1_0.email,cu1_0.nom,cu1_0.password,cu1_0.password_temporaire,cu1_0.password_updated_at,cu1_0.prenom,cu1_0.role,cu1_0.telephone,m1_0.date_naissance,m1_0.est_adulte,m1_0.nom,m1_0.numero_licence,m1_0.parent_id,m1_0.prenom from membre m1_0 left join utilisateur cu1_0 on cu1_0.id=m1_0.compte_utilisateur_id left join clubs c2_0 on c2_0.id=cu1_0.club_id where m1_0.compte_utilisateur_id=?
[2026-04-10T10:29:42.192591300+02:00][USR-SVC][getUtilisateurEntityByEmail] present? true
2026-04-10T10:29:42.192+02:00 DEBUG 31076 --- [nio-8081-exec-7] club.taekwondo.config.JwtAuthFilter      : [SEC] Utilisateur trouvé: adminVilleurbanne adminVilleurbanne
2026-04-10T10:29:42.193+02:00 DEBUG 31076 --- [nio-8081-exec-7] club.taekwondo.config.JwtAuthFilter      : [SEC] rôle BDD normalisé = ADMIN
2026-04-10T10:29:42.193+02:00 DEBUG 31076 --- [nio-8081-exec-7] club.taekwondo.config.JwtAuthFilter      : [SEC] Auth OK: user=adminvilleurbanne@gmail.com authorities=[ROLE_ADMIN]
2026-04-10T10:29:42.193+02:00 DEBUG 31076 --- [nio-8081-exec-7] o.s.security.web.FilterChainProxy        : Secured DELETE /api/utilisateurs/99999
2026-04-10T10:29:42.193+02:00 DEBUG 31076 --- [nio-8081-exec-7] o.s.web.servlet.DispatcherServlet        : DELETE "/api/utilisateurs/99999", parameters={}
2026-04-10T10:29:42.194+02:00 DEBUG 31076 --- [nio-8081-exec-7] s.w.s.m.m.a.RequestMappingHandlerMapping : Mapped to club.taekwondo.controller.jpa.UtilisateurController#deleteUtilisateur(Long)
2026-04-10T10:29:42.194+02:00 DEBUG 31076 --- [nio-8081-exec-7] horizationManagerBeforeMethodInterceptor : Authorizing method invocation ReflectiveMethodInvocation: public org.springframework.http.ResponseEntity club.taekwondo.controller.jpa.UtilisateurController.deleteUtilisateur(java.lang.Long); target is of class [club.taekwondo.controller.jpa.UtilisateurController]
2026-04-10T10:29:42.195+02:00 DEBUG 31076 --- [nio-8081-exec-7] horizationManagerBeforeMethodInterceptor : Failed to authorize ReflectiveMethodInvocation: public org.springframework.http.ResponseEntity club.taekwondo.controller.jpa.UtilisateurController.deleteUtilisateur(java.lang.Long); target is of class [club.taekwondo.controller.jpa.UtilisateurController] with authorization manager org.springframework.security.config.annotation.method.configuration.DeferringObservationAuthorizationManager@11718c7c and decision ExpressionAuthorizationDecision [granted=false, expressionAttribute=hasRole('SUPER_ADMIN')]
2026-04-10T10:29:42.196+02:00 DEBUG 31076 --- [nio-8081-exec-7] .m.m.a.ExceptionHandlerExceptionResolver : Using @ExceptionHandler club.taekwondo.controller.GlobalExceptionHandler#handleAccessDenied(AccessDeniedException)
2026-04-10T10:29:42.196+02:00 DEBUG 31076 --- [nio-8081-exec-7] o.s.w.s.m.m.a.HttpEntityMethodProcessor  : Using 'application/json', given [*/*] and supported [application/json, application/*+json]
2026-04-10T10:29:42.196+02:00 DEBUG 31076 --- [nio-8081-exec-7] o.s.w.s.m.m.a.HttpEntityMethodProcessor  : Writing [{message=Access Denied}]
2026-04-10T10:29:42.197+02:00  WARN 31076 --- [nio-8081-exec-7] .m.m.a.ExceptionHandlerExceptionResolver : Resolved [org.springframework.security.access.AccessDeniedException: Access Denied]
2026-04-10T10:29:42.197+02:00 DEBUG 31076 --- [nio-8081-exec-7] o.s.web.servlet.DispatcherServlet        : Completed 403 FORBIDDEN
2026-04-10T10:29:42.211+02:00 DEBUG 31076 --- [nio-8081-exec-9] o.s.security.web.FilterChainProxy        : Securing POST /api/paiements/99999/valider
2026-04-10T10:29:42.213+02:00 DEBUG 31076 --- [nio-8081-exec-9] club.taekwondo.config.JwtAuthFilter      : [SEC] POST /api/paiements/99999/valider
2026-04-10T10:29:42.213+02:00 DEBUG 31076 --- [nio-8081-exec-9] club.taekwondo.config.JwtAuthFilter      : [SEC] Header Authorization: Bearer eyJhbGciOiJIUzI1NiJ9.eyJzdWIiOiJhbGl6ZWUuZ3VleWVAZ21haWwuY29tIiwicm9sZSI6Ik1FTUJSRSIsInV0aWxpc2F0ZXVySWQiOjksIm1lbWJyZUlkIjo1LCJpYXQiOjE3NzU4MDk3ODIsImV4cCI6MTc3NTg5NjE4Mn0.3xwBUdk90Hc-C8S9bx7u_4bZQ7H65npzihE0RGCycGc
2026-04-10T10:29:42.213+02:00 DEBUG 31076 --- [nio-8081-exec-9] club.taekwondo.config.JwtAuthFilter      : [SEC] Bearer présent (len=216)
2026-04-10T10:29:42.215+02:00 DEBUG 31076 --- [nio-8081-exec-9] club.taekwondo.config.JwtAuthFilter      : [SEC] email extrait du JWT = alizee.gueye@gmail.com
2026-04-10T10:29:42.215+02:00 DEBUG 31076 --- [nio-8081-exec-9] club.taekwondo.config.JwtAuthFilter      : [SEC] rôle extrait du JWT = MEMBRE
[2026-04-10T10:29:42.216803800+02:00][USR-SVC][getUtilisateurEntityByEmail] in email=alizee.gueye@gmail.com -> normalized=alizee.gueye@gmail.com
2026-04-10T10:29:42.217+02:00 DEBUG 31076 --- [nio-8081-exec-9] org.hibernate.SQL                        : select u1_0.id,u1_0.adresse,u1_0.club_id,u1_0.date_naissance,u1_0.email,u1_0.nom,u1_0.password,u1_0.password_temporaire,u1_0.password_updated_at,u1_0.prenom,u1_0.role,u1_0.telephone from utilisateur u1_0 where upper(u1_0.email)=upper(?)
Hibernate: select u1_0.id,u1_0.adresse,u1_0.club_id,u1_0.date_naissance,u1_0.email,u1_0.nom,u1_0.password,u1_0.password_temporaire,u1_0.password_updated_at,u1_0.prenom,u1_0.role,u1_0.telephone from utilisateur u1_0 where upper(u1_0.email)=upper(?)
2026-04-10T10:29:42.218+02:00 DEBUG 31076 --- [nio-8081-exec-9] org.hibernate.SQL                        : select c1_0.id,c1_0.adresse,c1_0.email,c1_0.logo,c1_0.name,c1_0.telephone from clubs c1_0 where c1_0.id=?
Hibernate: select c1_0.id,c1_0.adresse,c1_0.email,c1_0.logo,c1_0.name,c1_0.telephone from clubs c1_0 where c1_0.id=?
2026-04-10T10:29:42.218+02:00 DEBUG 31076 --- [nio-8081-exec-9] org.hibernate.SQL                        : select m1_0.id,m1_0.ceinture,m1_0.club_id,cu1_0.id,cu1_0.adresse,c2_0.id,c2_0.adresse,c2_0.email,c2_0.logo,c2_0.name,c2_0.telephone,cu1_0.date_naissance,cu1_0.email,cu1_0.nom,cu1_0.password,cu1_0.password_temporaire,cu1_0.password_updated_at,cu1_0.prenom,cu1_0.role,cu1_0.telephone,m1_0.date_naissance,m1_0.est_adulte,m1_0.nom,m1_0.numero_licence,m1_0.parent_id,m1_0.prenom from membre m1_0 left join utilisateur cu1_0 on cu1_0.id=m1_0.compte_utilisateur_id left join clubs c2_0 on c2_0.id=cu1_0.club_id where m1_0.compte_utilisateur_id=?
Hibernate: select m1_0.id,m1_0.ceinture,m1_0.club_id,cu1_0.id,cu1_0.adresse,c2_0.id,c2_0.adresse,c2_0.email,c2_0.logo,c2_0.name,c2_0.telephone,cu1_0.date_naissance,cu1_0.email,cu1_0.nom,cu1_0.password,cu1_0.password_temporaire,cu1_0.password_updated_at,cu1_0.prenom,cu1_0.role,cu1_0.telephone,m1_0.date_naissance,m1_0.est_adulte,m1_0.nom,m1_0.numero_licence,m1_0.parent_id,m1_0.prenom from membre m1_0 left join utilisateur cu1_0 on cu1_0.id=m1_0.compte_utilisateur_id left join clubs c2_0 on c2_0.id=cu1_0.club_id where m1_0.compte_utilisateur_id=?
[2026-04-10T10:29:42.220315500+02:00][USR-SVC][getUtilisateurEntityByEmail] present? true
2026-04-10T10:29:42.220+02:00 DEBUG 31076 --- [nio-8081-exec-9] club.taekwondo.config.JwtAuthFilter      : [SEC] Utilisateur trouvé: Alizee Gueye
2026-04-10T10:29:42.220+02:00 DEBUG 31076 --- [nio-8081-exec-9] club.taekwondo.config.JwtAuthFilter      : [SEC] rôle BDD normalisé = MEMBRE
2026-04-10T10:29:42.220+02:00 DEBUG 31076 --- [nio-8081-exec-9] club.taekwondo.config.JwtAuthFilter      : [SEC] Auth OK: user=alizee.gueye@gmail.com authorities=[ROLE_MEMBRE]
2026-04-10T10:29:42.221+02:00 DEBUG 31076 --- [nio-8081-exec-9] o.s.security.web.FilterChainProxy        : Secured POST /api/paiements/99999/valider
2026-04-10T10:29:42.221+02:00 DEBUG 31076 --- [nio-8081-exec-9] o.s.web.servlet.DispatcherServlet        : POST "/api/paiements/99999/valider", parameters={masked}
2026-04-10T10:29:42.221+02:00 DEBUG 31076 --- [nio-8081-exec-9] s.w.s.m.m.a.RequestMappingHandlerMapping : Mapped to club.taekwondo.controller.jpa.PaiementController#validerPaiement(Long)
2026-04-10T10:29:42.222+02:00 DEBUG 31076 --- [nio-8081-exec-9] horizationManagerBeforeMethodInterceptor : Authorizing method invocation ReflectiveMethodInvocation: public org.springframework.http.ResponseEntity club.taekwondo.controller.jpa.PaiementController.validerPaiement(java.lang.Long); target is of class [club.taekwondo.controller.jpa.PaiementController]
2026-04-10T10:29:42.222+02:00 DEBUG 31076 --- [nio-8081-exec-9] horizationManagerBeforeMethodInterceptor : Authorized method invocation ReflectiveMethodInvocation: public org.springframework.http.ResponseEntity club.taekwondo.controller.jpa.PaiementController.validerPaiement(java.lang.Long); target is of class [club.taekwondo.controller.jpa.PaiementController]
2026-04-10T10:29:42.223+02:00 DEBUG 31076 --- [nio-8081-exec-9] org.hibernate.SQL                        : select p1_0.id,p1_0.admin_responsable,p1_0.charge_id,p1_0.club_id,p1_0.commande_id,p1_0.date_annulation,p1_0.date_paiement,p1_0.echeances_restantes,p1_0.echeances_totales,p1_0.membre_id,p1_0.mode_paiement,p1_0.montant_paye,p1_0.montant_restant,p1_0.montant_total,p1_0.motif_annulation,p1_0.payment_intent_id,p1_0.receipt_url,p1_0.statut,p1_0.stripe_status,p1_0.type,p1_0.utilisateur_id from paiement p1_0 where p1_0.id=?
Hibernate: select p1_0.id,p1_0.admin_responsable,p1_0.charge_id,p1_0.club_id,p1_0.commande_id,p1_0.date_annulation,p1_0.date_paiement,p1_0.echeances_restantes,p1_0.echeances_totales,p1_0.membre_id,p1_0.mode_paiement,p1_0.montant_paye,p1_0.montant_restant,p1_0.montant_total,p1_0.motif_annulation,p1_0.payment_intent_id,p1_0.receipt_url,p1_0.statut,p1_0.stripe_status,p1_0.type,p1_0.utilisateur_id from paiement p1_0 where p1_0.id=?
2026-04-10T10:29:42.225+02:00 DEBUG 31076 --- [nio-8081-exec-9] o.s.w.s.m.m.a.HttpEntityMethodProcessor  : Using 'application/json', given [*/*] and supported [application/json, application/*+json]
2026-04-10T10:29:42.225+02:00 DEBUG 31076 --- [nio-8081-exec-9] o.s.w.s.m.m.a.HttpEntityMethodProcessor  : Nothing to write: null body
2026-04-10T10:29:42.226+02:00 DEBUG 31076 --- [nio-8081-exec-9] o.s.web.servlet.DispatcherServlet        : Completed 404 NOT_FOUND
2026-04-10T10:29:42.228+02:00 DEBUG 31076 --- [nio-8081-exec-8] o.s.security.web.FilterChainProxy        : Securing GET /api/utilisateurs?clubId=1
2026-04-10T10:29:42.230+02:00 DEBUG 31076 --- [nio-8081-exec-8] club.taekwondo.config.JwtAuthFilter      : [SEC] GET /api/utilisateurs
2026-04-10T10:29:42.230+02:00 DEBUG 31076 --- [nio-8081-exec-8] club.taekwondo.config.JwtAuthFilter      : [SEC] Header Authorization: Bearer eyJhbGciOiJIUzI1NiJ9.eyJzdWIiOiJhZ3VleWUxNDAzQGdtYWlsLmNvbSIsInJvbGUiOiJQQVJFTlQiLCJ1dGlsaXNhdGV1cklkIjoxMCwiaWF0IjoxNzc1ODA5NzgyLCJleHAiOjE3NzU4OTYxODJ9.KhmZXrXFUEB3mMQ_HJmI-L6OPtLjMHjnYuTsA3xQW2Q
2026-04-10T10:29:42.230+02:00 DEBUG 31076 --- [nio-8081-exec-8] club.taekwondo.config.JwtAuthFilter      : [SEC] Bearer présent (len=197)
2026-04-10T10:29:42.232+02:00 DEBUG 31076 --- [nio-8081-exec-8] club.taekwondo.config.JwtAuthFilter      : [SEC] email extrait du JWT = agueye1403@gmail.com
2026-04-10T10:29:42.232+02:00 DEBUG 31076 --- [nio-8081-exec-8] club.taekwondo.config.JwtAuthFilter      : [SEC] rôle extrait du JWT = PARENT
[2026-04-10T10:29:42.232660+02:00][USR-SVC][getUtilisateurEntityByEmail] in email=agueye1403@gmail.com -> normalized=agueye1403@gmail.com
2026-04-10T10:29:42.234+02:00 DEBUG 31076 --- [nio-8081-exec-8] org.hibernate.SQL                        : select u1_0.id,u1_0.adresse,u1_0.club_id,u1_0.date_naissance,u1_0.email,u1_0.nom,u1_0.password,u1_0.password_temporaire,u1_0.password_updated_at,u1_0.prenom,u1_0.role,u1_0.telephone from utilisateur u1_0 where upper(u1_0.email)=upper(?)
Hibernate: select u1_0.id,u1_0.adresse,u1_0.club_id,u1_0.date_naissance,u1_0.email,u1_0.nom,u1_0.password,u1_0.password_temporaire,u1_0.password_updated_at,u1_0.prenom,u1_0.role,u1_0.telephone from utilisateur u1_0 where upper(u1_0.email)=upper(?)
2026-04-10T10:29:42.235+02:00 DEBUG 31076 --- [nio-8081-exec-8] org.hibernate.SQL                        : select c1_0.id,c1_0.adresse,c1_0.email,c1_0.logo,c1_0.name,c1_0.telephone from clubs c1_0 where c1_0.id=?
Hibernate: select c1_0.id,c1_0.adresse,c1_0.email,c1_0.logo,c1_0.name,c1_0.telephone from clubs c1_0 where c1_0.id=?
2026-04-10T10:29:42.235+02:00 DEBUG 31076 --- [nio-8081-exec-8] org.hibernate.SQL                        : select m1_0.id,m1_0.ceinture,m1_0.club_id,cu1_0.id,cu1_0.adresse,c2_0.id,c2_0.adresse,c2_0.email,c2_0.logo,c2_0.name,c2_0.telephone,cu1_0.date_naissance,cu1_0.email,cu1_0.nom,cu1_0.password,cu1_0.password_temporaire,cu1_0.password_updated_at,cu1_0.prenom,cu1_0.role,cu1_0.telephone,m1_0.date_naissance,m1_0.est_adulte,m1_0.nom,m1_0.numero_licence,m1_0.parent_id,m1_0.prenom from membre m1_0 left join utilisateur cu1_0 on cu1_0.id=m1_0.compte_utilisateur_id left join clubs c2_0 on c2_0.id=cu1_0.club_id where m1_0.compte_utilisateur_id=?
Hibernate: select m1_0.id,m1_0.ceinture,m1_0.club_id,cu1_0.id,cu1_0.adresse,c2_0.id,c2_0.adresse,c2_0.email,c2_0.logo,c2_0.name,c2_0.telephone,cu1_0.date_naissance,cu1_0.email,cu1_0.nom,cu1_0.password,cu1_0.password_temporaire,cu1_0.password_updated_at,cu1_0.prenom,cu1_0.role,cu1_0.telephone,m1_0.date_naissance,m1_0.est_adulte,m1_0.nom,m1_0.numero_licence,m1_0.parent_id,m1_0.prenom from membre m1_0 left join utilisateur cu1_0 on cu1_0.id=m1_0.compte_utilisateur_id left join clubs c2_0 on c2_0.id=cu1_0.club_id where m1_0.compte_utilisateur_id=?
[2026-04-10T10:29:42.236177+02:00][USR-SVC][getUtilisateurEntityByEmail] present? true
2026-04-10T10:29:42.236+02:00 DEBUG 31076 --- [nio-8081-exec-8] club.taekwondo.config.JwtAuthFilter      : [SEC] Utilisateur trouvé: ali Gueye
2026-04-10T10:29:42.236+02:00 DEBUG 31076 --- [nio-8081-exec-8] club.taekwondo.config.JwtAuthFilter      : [SEC] rôle BDD normalisé = PARENT
2026-04-10T10:29:42.237+02:00 DEBUG 31076 --- [nio-8081-exec-8] club.taekwondo.config.JwtAuthFilter      : [SEC] Auth OK: user=agueye1403@gmail.com authorities=[ROLE_PARENT]
2026-04-10T10:29:42.237+02:00 DEBUG 31076 --- [nio-8081-exec-8] o.s.security.web.FilterChainProxy        : Secured GET /api/utilisateurs?clubId=1
2026-04-10T10:29:42.237+02:00 DEBUG 31076 --- [nio-8081-exec-8] o.s.web.servlet.DispatcherServlet        : GET "/api/utilisateurs?clubId=1", parameters={masked}
2026-04-10T10:29:42.237+02:00 DEBUG 31076 --- [nio-8081-exec-8] s.w.s.m.m.a.RequestMappingHandlerMapping : Mapped to club.taekwondo.controller.jpa.UtilisateurController#listUtilisateurs(String, Long, String)
2026-04-10T10:29:42.238+02:00 DEBUG 31076 --- [nio-8081-exec-8] horizationManagerBeforeMethodInterceptor : Authorizing method invocation ReflectiveMethodInvocation: public org.springframework.http.ResponseEntity club.taekwondo.controller.jpa.UtilisateurController.listUtilisateurs(java.lang.String,java.lang.Long,java.lang.String); target is of class [club.taekwondo.controller.jpa.UtilisateurController]
2026-04-10T10:29:42.238+02:00 DEBUG 31076 --- [nio-8081-exec-8] horizationManagerBeforeMethodInterceptor : Failed to authorize ReflectiveMethodInvocation: public org.springframework.http.ResponseEntity club.taekwondo.controller.jpa.UtilisateurController.listUtilisateurs(java.lang.String,java.lang.Long,java.lang.String); target is of class [club.taekwondo.controller.jpa.UtilisateurController] with authorization manager org.springframework.security.config.annotation.method.configuration.DeferringObservationAuthorizationManager@11718c7c and decision ExpressionAuthorizationDecision [granted=false, expressionAttribute=hasAnyRole('ADMIN', 'SUPER_ADMIN')]
2026-04-10T10:29:42.238+02:00 DEBUG 31076 --- [nio-8081-exec-8] .m.m.a.ExceptionHandlerExceptionResolver : Using @ExceptionHandler club.taekwondo.controller.GlobalExceptionHandler#handleAccessDenied(AccessDeniedException)
2026-04-10T10:29:42.239+02:00 DEBUG 31076 --- [nio-8081-exec-8] o.s.w.s.m.m.a.HttpEntityMethodProcessor  : Using 'application/json', given [*/*] and supported [application/json, application/*+json]
2026-04-10T10:29:42.239+02:00 DEBUG 31076 --- [nio-8081-exec-8] o.s.w.s.m.m.a.HttpEntityMethodProcessor  : Writing [{message=Access Denied}]
2026-04-10T10:29:42.239+02:00  WARN 31076 --- [nio-8081-exec-8] .m.m.a.ExceptionHandlerExceptionResolver : Resolved [org.springframework.security.access.AccessDeniedException: Access Denied]
2026-04-10T10:29:42.239+02:00 DEBUG 31076 --- [nio-8081-exec-8] o.s.web.servlet.DispatcherServlet        : Completed 403 FORBIDDEN
2026-04-10T10:31:58.664+02:00 DEBUG 31076 --- [nio-8081-exec-1] o.s.security.web.FilterChainProxy        : Securing POST /api/utilisateurs/login
2026-04-10T10:31:58.665+02:00 DEBUG 31076 --- [nio-8081-exec-1] club.taekwondo.config.JwtAuthFilter      : [SEC] Endpoint public ignoré: /api/utilisateurs/login
2026-04-10T10:31:58.665+02:00 DEBUG 31076 --- [nio-8081-exec-1] o.s.s.w.a.AnonymousAuthenticationFilter  : Set SecurityContextHolder to anonymous SecurityContext
2026-04-10T10:31:58.665+02:00 DEBUG 31076 --- [nio-8081-exec-1] o.s.security.web.FilterChainProxy        : Secured POST /api/utilisateurs/login
2026-04-10T10:31:58.666+02:00 DEBUG 31076 --- [nio-8081-exec-1] club.taekwondo.config.JwtAuthFilter      : [SEC] Endpoint public ignoré: /api/utilisateurs/login
2026-04-10T10:31:58.666+02:00 DEBUG 31076 --- [nio-8081-exec-1] o.s.web.servlet.DispatcherServlet        : POST "/api/utilisateurs/login", parameters={}
2026-04-10T10:31:58.666+02:00 DEBUG 31076 --- [nio-8081-exec-1] s.w.s.m.m.a.RequestMappingHandlerMapping : Mapped to club.taekwondo.controller.jpa.UtilisateurController#login(LoginDTO)
2026-04-10T10:31:58.667+02:00 DEBUG 31076 --- [nio-8081-exec-1] m.m.a.RequestResponseBodyMethodProcessor : Read "application/json;charset=UTF-8" to [club.taekwondo.dto.LoginDTO@6182d3ba]
[2026-04-10T10:31:58.667343700+02:00][USR][LOGIN] ? payload re�u
[2026-04-10T10:31:58.667343700+02:00][USR-SVC][login] email=superadmin@club.local -> normalized=superadmin@club.local, password=***(8 chars)
2026-04-10T10:31:58.668+02:00 DEBUG 31076 --- [nio-8081-exec-1] org.hibernate.SQL                        : select u1_0.id,u1_0.adresse,u1_0.club_id,u1_0.date_naissance,u1_0.email,u1_0.nom,u1_0.password,u1_0.password_temporaire,u1_0.password_updated_at,u1_0.prenom,u1_0.role,u1_0.telephone from utilisateur u1_0 where upper(u1_0.email)=upper(?)
Hibernate: select u1_0.id,u1_0.adresse,u1_0.club_id,u1_0.date_naissance,u1_0.email,u1_0.nom,u1_0.password,u1_0.password_temporaire,u1_0.password_updated_at,u1_0.prenom,u1_0.role,u1_0.telephone from utilisateur u1_0 where upper(u1_0.email)=upper(?)
2026-04-10T10:31:58.669+02:00 DEBUG 31076 --- [nio-8081-exec-1] org.hibernate.SQL                        : select m1_0.id,m1_0.ceinture,m1_0.club_id,cu1_0.id,cu1_0.adresse,c2_0.id,c2_0.adresse,c2_0.email,c2_0.logo,c2_0.name,c2_0.telephone,cu1_0.date_naissance,cu1_0.email,cu1_0.nom,cu1_0.password,cu1_0.password_temporaire,cu1_0.password_updated_at,cu1_0.prenom,cu1_0.role,cu1_0.telephone,m1_0.date_naissance,m1_0.est_adulte,m1_0.nom,m1_0.numero_licence,m1_0.parent_id,m1_0.prenom from membre m1_0 left join utilisateur cu1_0 on cu1_0.id=m1_0.compte_utilisateur_id left join clubs c2_0 on c2_0.id=cu1_0.club_id where m1_0.compte_utilisateur_id=?
Hibernate: select m1_0.id,m1_0.ceinture,m1_0.club_id,cu1_0.id,cu1_0.adresse,c2_0.id,c2_0.adresse,c2_0.email,c2_0.logo,c2_0.name,c2_0.telephone,cu1_0.date_naissance,cu1_0.email,cu1_0.nom,cu1_0.password,cu1_0.password_temporaire,cu1_0.password_updated_at,cu1_0.prenom,cu1_0.role,cu1_0.telephone,m1_0.date_naissance,m1_0.est_adulte,m1_0.nom,m1_0.numero_licence,m1_0.parent_id,m1_0.prenom from membre m1_0 left join utilisateur cu1_0 on cu1_0.id=m1_0.compte_utilisateur_id left join clubs c2_0 on c2_0.id=cu1_0.club_id where m1_0.compte_utilisateur_id=?
[2026-04-10T10:31:58.739758600+02:00][USR-SVC][login] password matches? true for userId=1
[2026-04-10T10:31:58.740757600+02:00][USR-SVC][convertToDTO] in: Entity[id=1, nom=Super, prenom=Admin, email=superadmin@club.local, tel=null, adr='null', dateN=null, role=SUPER_ADMIN]
[2026-04-10T10:31:58.740757600+02:00][USR-SVC][convertToDTO] out: DTO[id=1, nom=Super, prenom=Admin, email=superadmin@club.local, tel=null, adr='null', dateN=null, role=SUPER_ADMIN, pwd=null]
[2026-04-10T10:31:58.741760400+02:00][USR-SVC][login] ? super-admin sans club, connexion autoris�e
[2026-04-10T10:31:58.741760400+02:00][USR-SVC][login] success? true
2026-04-10T10:31:58.742+02:00 DEBUG 31076 --- [nio-8081-exec-1] org.hibernate.SQL                        : select m1_0.id,m1_0.ceinture,m1_0.club_id,m1_0.compte_utilisateur_id,m1_0.date_naissance,m1_0.est_adulte,m1_0.nom,m1_0.numero_licence,m1_0.parent_id,m1_0.prenom from membre m1_0 where m1_0.compte_utilisateur_id=?
Hibernate: select m1_0.id,m1_0.ceinture,m1_0.club_id,m1_0.compte_utilisateur_id,m1_0.date_naissance,m1_0.est_adulte,m1_0.nom,m1_0.numero_licence,m1_0.parent_id,m1_0.prenom from membre m1_0 where m1_0.compte_utilisateur_id=?
[2026-04-10T10:31:58.743275300+02:00][USR-SVC][getUtilisateurEntityById] id=1
[2026-04-10T10:31:58.744292300+02:00][USR-SVC][getUtilisateurEntityById] present? true
2026-04-10T10:31:58.745+02:00 DEBUG 31076 --- [nio-8081-exec-1] o.s.w.s.m.m.a.HttpEntityMethodProcessor  : Using 'application/json', given [*/*] and supported [application/json, application/*+json]
2026-04-10T10:31:58.745+02:00 DEBUG 31076 --- [nio-8081-exec-1] o.s.w.s.m.m.a.HttpEntityMethodProcessor  : Writing [{role=SUPER_ADMIN, utilisateur=club.taekwondo.dto.UtilisateurDTO@3c97d689, utilisateurId=1, membreId (truncated)...]
2026-04-10T10:31:58.746+02:00 DEBUG 31076 --- [nio-8081-exec-1] o.s.web.servlet.DispatcherServlet        : Completed 200 OK
2026-04-10T10:31:58.796+02:00 DEBUG 31076 --- [nio-8081-exec-2] o.s.security.web.FilterChainProxy        : Securing POST /api/utilisateurs/login
2026-04-10T10:31:58.797+02:00 DEBUG 31076 --- [nio-8081-exec-2] club.taekwondo.config.JwtAuthFilter      : [SEC] Endpoint public ignoré: /api/utilisateurs/login
2026-04-10T10:31:58.797+02:00 DEBUG 31076 --- [nio-8081-exec-2] o.s.s.w.a.AnonymousAuthenticationFilter  : Set SecurityContextHolder to anonymous SecurityContext
2026-04-10T10:31:58.797+02:00 DEBUG 31076 --- [nio-8081-exec-2] o.s.security.web.FilterChainProxy        : Secured POST /api/utilisateurs/login
2026-04-10T10:31:58.798+02:00 DEBUG 31076 --- [nio-8081-exec-2] club.taekwondo.config.JwtAuthFilter      : [SEC] Endpoint public ignoré: /api/utilisateurs/login
2026-04-10T10:31:58.798+02:00 DEBUG 31076 --- [nio-8081-exec-2] o.s.web.servlet.DispatcherServlet        : POST "/api/utilisateurs/login", parameters={}
2026-04-10T10:31:58.798+02:00 DEBUG 31076 --- [nio-8081-exec-2] s.w.s.m.m.a.RequestMappingHandlerMapping : Mapped to club.taekwondo.controller.jpa.UtilisateurController#login(LoginDTO)
2026-04-10T10:31:58.799+02:00 DEBUG 31076 --- [nio-8081-exec-2] m.m.a.RequestResponseBodyMethodProcessor : Read "application/json;charset=UTF-8" to [club.taekwondo.dto.LoginDTO@3ef3de49]
[2026-04-10T10:31:58.799922100+02:00][USR][LOGIN] ? payload re�u
[2026-04-10T10:31:58.799922100+02:00][USR-SVC][login] email=adminvilleurbanne@gmail.com -> normalized=adminvilleurbanne@gmail.com, password=***(8 chars)
2026-04-10T10:31:58.800+02:00 DEBUG 31076 --- [nio-8081-exec-2] org.hibernate.SQL                        : select u1_0.id,u1_0.adresse,u1_0.club_id,u1_0.date_naissance,u1_0.email,u1_0.nom,u1_0.password,u1_0.password_temporaire,u1_0.password_updated_at,u1_0.prenom,u1_0.role,u1_0.telephone from utilisateur u1_0 where upper(u1_0.email)=upper(?)
Hibernate: select u1_0.id,u1_0.adresse,u1_0.club_id,u1_0.date_naissance,u1_0.email,u1_0.nom,u1_0.password,u1_0.password_temporaire,u1_0.password_updated_at,u1_0.prenom,u1_0.role,u1_0.telephone from utilisateur u1_0 where upper(u1_0.email)=upper(?)
2026-04-10T10:31:58.802+02:00 DEBUG 31076 --- [nio-8081-exec-2] org.hibernate.SQL                        : select c1_0.id,c1_0.adresse,c1_0.email,c1_0.logo,c1_0.name,c1_0.telephone from clubs c1_0 where c1_0.id=?
Hibernate: select c1_0.id,c1_0.adresse,c1_0.email,c1_0.logo,c1_0.name,c1_0.telephone from clubs c1_0 where c1_0.id=?
2026-04-10T10:31:58.802+02:00 DEBUG 31076 --- [nio-8081-exec-2] org.hibernate.SQL                        : select m1_0.id,m1_0.ceinture,m1_0.club_id,cu1_0.id,cu1_0.adresse,c2_0.id,c2_0.adresse,c2_0.email,c2_0.logo,c2_0.name,c2_0.telephone,cu1_0.date_naissance,cu1_0.email,cu1_0.nom,cu1_0.password,cu1_0.password_temporaire,cu1_0.password_updated_at,cu1_0.prenom,cu1_0.role,cu1_0.telephone,m1_0.date_naissance,m1_0.est_adulte,m1_0.nom,m1_0.numero_licence,m1_0.parent_id,m1_0.prenom from membre m1_0 left join utilisateur cu1_0 on cu1_0.id=m1_0.compte_utilisateur_id left join clubs c2_0 on c2_0.id=cu1_0.club_id where m1_0.compte_utilisateur_id=?
Hibernate: select m1_0.id,m1_0.ceinture,m1_0.club_id,cu1_0.id,cu1_0.adresse,c2_0.id,c2_0.adresse,c2_0.email,c2_0.logo,c2_0.name,c2_0.telephone,cu1_0.date_naissance,cu1_0.email,cu1_0.nom,cu1_0.password,cu1_0.password_temporaire,cu1_0.password_updated_at,cu1_0.prenom,cu1_0.role,cu1_0.telephone,m1_0.date_naissance,m1_0.est_adulte,m1_0.nom,m1_0.numero_licence,m1_0.parent_id,m1_0.prenom from membre m1_0 left join utilisateur cu1_0 on cu1_0.id=m1_0.compte_utilisateur_id left join clubs c2_0 on c2_0.id=cu1_0.club_id where m1_0.compte_utilisateur_id=?
[2026-04-10T10:31:58.879076800+02:00][USR-SVC][login] password matches? true for userId=3
[2026-04-10T10:31:58.879076800+02:00][USR-SVC][convertToDTO] in: Entity[id=3, nom=adminVilleurbanne, prenom=adminVilleurbanne, email=adminvilleurbanne@gmail.com, tel=null, adr='null', dateN=null, role=ADMIN]
[2026-04-10T10:31:58.879076800+02:00][USR-SVC][convertToDTO] out: DTO[id=3, nom=adminVilleurbanne, prenom=adminVilleurbanne, email=adminvilleurbanne@gmail.com, tel=null, adr='null', dateN=null, role=ADMIN, pwd=null]
[2026-04-10T10:31:58.880077600+02:00][USR-SVC][login] success? true
2026-04-10T10:31:58.881+02:00 DEBUG 31076 --- [nio-8081-exec-2] org.hibernate.SQL                        : select m1_0.id,m1_0.ceinture,m1_0.club_id,m1_0.compte_utilisateur_id,m1_0.date_naissance,m1_0.est_adulte,m1_0.nom,m1_0.numero_licence,m1_0.parent_id,m1_0.prenom from membre m1_0 where m1_0.compte_utilisateur_id=?
Hibernate: select m1_0.id,m1_0.ceinture,m1_0.club_id,m1_0.compte_utilisateur_id,m1_0.date_naissance,m1_0.est_adulte,m1_0.nom,m1_0.numero_licence,m1_0.parent_id,m1_0.prenom from membre m1_0 where m1_0.compte_utilisateur_id=?
[2026-04-10T10:31:58.882078100+02:00][USR-SVC][getUtilisateurEntityById] id=3
[2026-04-10T10:31:58.883076800+02:00][USR-SVC][getUtilisateurEntityById] present? true
2026-04-10T10:31:58.884+02:00 DEBUG 31076 --- [nio-8081-exec-2] o.s.w.s.m.m.a.HttpEntityMethodProcessor  : Using 'application/json', given [*/*] and supported [application/json, application/*+json]
2026-04-10T10:31:58.884+02:00 DEBUG 31076 --- [nio-8081-exec-2] o.s.w.s.m.m.a.HttpEntityMethodProcessor  : Writing [{role=ADMIN, utilisateur=club.taekwondo.dto.UtilisateurDTO@364ab603, utilisateurId=3, membreId=null, (truncated)...]
2026-04-10T10:31:58.884+02:00 DEBUG 31076 --- [nio-8081-exec-2] o.s.web.servlet.DispatcherServlet        : Completed 200 OK
2026-04-10T10:31:58.901+02:00 DEBUG 31076 --- [nio-8081-exec-5] o.s.security.web.FilterChainProxy        : Securing POST /api/utilisateurs/login
2026-04-10T10:31:58.901+02:00 DEBUG 31076 --- [nio-8081-exec-5] club.taekwondo.config.JwtAuthFilter      : [SEC] Endpoint public ignoré: /api/utilisateurs/login
2026-04-10T10:31:58.901+02:00 DEBUG 31076 --- [nio-8081-exec-5] o.s.s.w.a.AnonymousAuthenticationFilter  : Set SecurityContextHolder to anonymous SecurityContext
2026-04-10T10:31:58.902+02:00 DEBUG 31076 --- [nio-8081-exec-5] o.s.security.web.FilterChainProxy        : Secured POST /api/utilisateurs/login
2026-04-10T10:31:58.902+02:00 DEBUG 31076 --- [nio-8081-exec-5] club.taekwondo.config.JwtAuthFilter      : [SEC] Endpoint public ignoré: /api/utilisateurs/login
2026-04-10T10:31:58.903+02:00 DEBUG 31076 --- [nio-8081-exec-5] o.s.web.servlet.DispatcherServlet        : POST "/api/utilisateurs/login", parameters={}
2026-04-10T10:31:58.903+02:00 DEBUG 31076 --- [nio-8081-exec-5] s.w.s.m.m.a.RequestMappingHandlerMapping : Mapped to club.taekwondo.controller.jpa.UtilisateurController#login(LoginDTO)
2026-04-10T10:31:58.903+02:00 DEBUG 31076 --- [nio-8081-exec-5] m.m.a.RequestResponseBodyMethodProcessor : Read "application/json;charset=UTF-8" to [club.taekwondo.dto.LoginDTO@44f9806b]
[2026-04-10T10:31:58.903774+02:00][USR][LOGIN] ? payload re�u
[2026-04-10T10:31:58.903774+02:00][USR-SVC][login] email=agueye1403@gmail.com -> normalized=agueye1403@gmail.com, password=***(8 chars)
2026-04-10T10:31:58.904+02:00 DEBUG 31076 --- [nio-8081-exec-5] org.hibernate.SQL                        : select u1_0.id,u1_0.adresse,u1_0.club_id,u1_0.date_naissance,u1_0.email,u1_0.nom,u1_0.password,u1_0.password_temporaire,u1_0.password_updated_at,u1_0.prenom,u1_0.role,u1_0.telephone from utilisateur u1_0 where upper(u1_0.email)=upper(?)
Hibernate: select u1_0.id,u1_0.adresse,u1_0.club_id,u1_0.date_naissance,u1_0.email,u1_0.nom,u1_0.password,u1_0.password_temporaire,u1_0.password_updated_at,u1_0.prenom,u1_0.role,u1_0.telephone from utilisateur u1_0 where upper(u1_0.email)=upper(?)
2026-04-10T10:31:58.905+02:00 DEBUG 31076 --- [nio-8081-exec-5] org.hibernate.SQL                        : select c1_0.id,c1_0.adresse,c1_0.email,c1_0.logo,c1_0.name,c1_0.telephone from clubs c1_0 where c1_0.id=?
Hibernate: select c1_0.id,c1_0.adresse,c1_0.email,c1_0.logo,c1_0.name,c1_0.telephone from clubs c1_0 where c1_0.id=?
2026-04-10T10:31:58.906+02:00 DEBUG 31076 --- [nio-8081-exec-5] org.hibernate.SQL                        : select m1_0.id,m1_0.ceinture,m1_0.club_id,cu1_0.id,cu1_0.adresse,c2_0.id,c2_0.adresse,c2_0.email,c2_0.logo,c2_0.name,c2_0.telephone,cu1_0.date_naissance,cu1_0.email,cu1_0.nom,cu1_0.password,cu1_0.password_temporaire,cu1_0.password_updated_at,cu1_0.prenom,cu1_0.role,cu1_0.telephone,m1_0.date_naissance,m1_0.est_adulte,m1_0.nom,m1_0.numero_licence,m1_0.parent_id,m1_0.prenom from membre m1_0 left join utilisateur cu1_0 on cu1_0.id=m1_0.compte_utilisateur_id left join clubs c2_0 on c2_0.id=cu1_0.club_id where m1_0.compte_utilisateur_id=?
Hibernate: select m1_0.id,m1_0.ceinture,m1_0.club_id,cu1_0.id,cu1_0.adresse,c2_0.id,c2_0.adresse,c2_0.email,c2_0.logo,c2_0.name,c2_0.telephone,cu1_0.date_naissance,cu1_0.email,cu1_0.nom,cu1_0.password,cu1_0.password_temporaire,cu1_0.password_updated_at,cu1_0.prenom,cu1_0.role,cu1_0.telephone,m1_0.date_naissance,m1_0.est_adulte,m1_0.nom,m1_0.numero_licence,m1_0.parent_id,m1_0.prenom from membre m1_0 left join utilisateur cu1_0 on cu1_0.id=m1_0.compte_utilisateur_id left join clubs c2_0 on c2_0.id=cu1_0.club_id where m1_0.compte_utilisateur_id=?
[2026-04-10T10:31:58.980918500+02:00][USR-SVC][login] password matches? true for userId=10
[2026-04-10T10:31:58.981924400+02:00][USR-SVC][convertToDTO] in: Entity[id=10, nom=Gueye, prenom=ali, email=agueye1403@gmail.com, tel=0682192786, adr='29b rur du professeur roux, 42800 Rive De Gier, France', dateN=1991-07-03, role=PARENT]
2026-04-10T10:31:58.982+02:00 DEBUG 31076 --- [nio-8081-exec-5] org.hibernate.SQL                        : select m1_0.id,m1_0.ceinture,m1_0.club_id,m1_0.compte_utilisateur_id,m1_0.date_naissance,m1_0.est_adulte,m1_0.nom,m1_0.numero_licence,m1_0.parent_id,m1_0.prenom from membre m1_0 where m1_0.parent_id=?
Hibernate: select m1_0.id,m1_0.ceinture,m1_0.club_id,m1_0.compte_utilisateur_id,m1_0.date_naissance,m1_0.est_adulte,m1_0.nom,m1_0.numero_licence,m1_0.parent_id,m1_0.prenom from membre m1_0 where m1_0.parent_id=?
[USR-SVC] Parent enrichi: Loic Gueye
[2026-04-10T10:31:58.983923700+02:00][USR-SVC][convertToDTO] out: DTO[id=10, nom=Gueye, prenom=ali, email=agueye1403@gmail.com, tel=0682192786, adr='29b rur du professeur roux, 42800 Rive De Gier, France', dateN=1991-07-03, role=PARENT, pwd=null]
[2026-04-10T10:31:58.983923700+02:00][USR-SVC][login] success? true
2026-04-10T10:31:58.984+02:00 DEBUG 31076 --- [nio-8081-exec-5] org.hibernate.SQL                        : select m1_0.id,m1_0.ceinture,m1_0.club_id,m1_0.compte_utilisateur_id,m1_0.date_naissance,m1_0.est_adulte,m1_0.nom,m1_0.numero_licence,m1_0.parent_id,m1_0.prenom from membre m1_0 where m1_0.compte_utilisateur_id=?
Hibernate: select m1_0.id,m1_0.ceinture,m1_0.club_id,m1_0.compte_utilisateur_id,m1_0.date_naissance,m1_0.est_adulte,m1_0.nom,m1_0.numero_licence,m1_0.parent_id,m1_0.prenom from membre m1_0 where m1_0.compte_utilisateur_id=?
[2026-04-10T10:31:58.985923300+02:00][USR-SVC][getUtilisateurEntityById] id=10
[2026-04-10T10:31:58.985923300+02:00][USR-SVC][getUtilisateurEntityById] present? true
2026-04-10T10:31:58.986+02:00 DEBUG 31076 --- [nio-8081-exec-5] o.s.w.s.m.m.a.HttpEntityMethodProcessor  : Using 'application/json', given [*/*] and supported [application/json, application/*+json]
2026-04-10T10:31:58.986+02:00 DEBUG 31076 --- [nio-8081-exec-5] o.s.w.s.m.m.a.HttpEntityMethodProcessor  : Writing [{role=PARENT, utilisateur=club.taekwondo.dto.UtilisateurDTO@11bf875f, utilisateurId=10, membreId=nul (truncated)...]
2026-04-10T10:31:58.987+02:00 DEBUG 31076 --- [nio-8081-exec-5] o.s.web.servlet.DispatcherServlet        : Completed 200 OK
2026-04-10T10:31:59.003+02:00 DEBUG 31076 --- [nio-8081-exec-6] o.s.security.web.FilterChainProxy        : Securing POST /api/utilisateurs/login
2026-04-10T10:31:59.004+02:00 DEBUG 31076 --- [nio-8081-exec-6] club.taekwondo.config.JwtAuthFilter      : [SEC] Endpoint public ignoré: /api/utilisateurs/login
2026-04-10T10:31:59.004+02:00 DEBUG 31076 --- [nio-8081-exec-6] o.s.s.w.a.AnonymousAuthenticationFilter  : Set SecurityContextHolder to anonymous SecurityContext
2026-04-10T10:31:59.004+02:00 DEBUG 31076 --- [nio-8081-exec-6] o.s.security.web.FilterChainProxy        : Secured POST /api/utilisateurs/login
2026-04-10T10:31:59.004+02:00 DEBUG 31076 --- [nio-8081-exec-6] club.taekwondo.config.JwtAuthFilter      : [SEC] Endpoint public ignoré: /api/utilisateurs/login
2026-04-10T10:31:59.004+02:00 DEBUG 31076 --- [nio-8081-exec-6] o.s.web.servlet.DispatcherServlet        : POST "/api/utilisateurs/login", parameters={}
2026-04-10T10:31:59.005+02:00 DEBUG 31076 --- [nio-8081-exec-6] s.w.s.m.m.a.RequestMappingHandlerMapping : Mapped to club.taekwondo.controller.jpa.UtilisateurController#login(LoginDTO)
2026-04-10T10:31:59.005+02:00 DEBUG 31076 --- [nio-8081-exec-6] m.m.a.RequestResponseBodyMethodProcessor : Read "application/json;charset=UTF-8" to [club.taekwondo.dto.LoginDTO@102d3772]
[2026-04-10T10:31:59.005501400+02:00][USR][LOGIN] ? payload re�u
[2026-04-10T10:31:59.006501400+02:00][USR-SVC][login] email=alizee.gueye@gmail.com -> normalized=alizee.gueye@gmail.com, password=***(8 chars)
2026-04-10T10:31:59.006+02:00 DEBUG 31076 --- [nio-8081-exec-6] org.hibernate.SQL                        : select u1_0.id,u1_0.adresse,u1_0.club_id,u1_0.date_naissance,u1_0.email,u1_0.nom,u1_0.password,u1_0.password_temporaire,u1_0.password_updated_at,u1_0.prenom,u1_0.role,u1_0.telephone from utilisateur u1_0 where upper(u1_0.email)=upper(?)
Hibernate: select u1_0.id,u1_0.adresse,u1_0.club_id,u1_0.date_naissance,u1_0.email,u1_0.nom,u1_0.password,u1_0.password_temporaire,u1_0.password_updated_at,u1_0.prenom,u1_0.role,u1_0.telephone from utilisateur u1_0 where upper(u1_0.email)=upper(?)
2026-04-10T10:31:59.007+02:00 DEBUG 31076 --- [nio-8081-exec-6] org.hibernate.SQL                        : select c1_0.id,c1_0.adresse,c1_0.email,c1_0.logo,c1_0.name,c1_0.telephone from clubs c1_0 where c1_0.id=?
Hibernate: select c1_0.id,c1_0.adresse,c1_0.email,c1_0.logo,c1_0.name,c1_0.telephone from clubs c1_0 where c1_0.id=?
2026-04-10T10:31:59.008+02:00 DEBUG 31076 --- [nio-8081-exec-6] org.hibernate.SQL                        : select m1_0.id,m1_0.ceinture,m1_0.club_id,cu1_0.id,cu1_0.adresse,c2_0.id,c2_0.adresse,c2_0.email,c2_0.logo,c2_0.name,c2_0.telephone,cu1_0.date_naissance,cu1_0.email,cu1_0.nom,cu1_0.password,cu1_0.password_temporaire,cu1_0.password_updated_at,cu1_0.prenom,cu1_0.role,cu1_0.telephone,m1_0.date_naissance,m1_0.est_adulte,m1_0.nom,m1_0.numero_licence,m1_0.parent_id,m1_0.prenom from membre m1_0 left join utilisateur cu1_0 on cu1_0.id=m1_0.compte_utilisateur_id left join clubs c2_0 on c2_0.id=cu1_0.club_id where m1_0.compte_utilisateur_id=?
Hibernate: select m1_0.id,m1_0.ceinture,m1_0.club_id,cu1_0.id,cu1_0.adresse,c2_0.id,c2_0.adresse,c2_0.email,c2_0.logo,c2_0.name,c2_0.telephone,cu1_0.date_naissance,cu1_0.email,cu1_0.nom,cu1_0.password,cu1_0.password_temporaire,cu1_0.password_updated_at,cu1_0.prenom,cu1_0.role,cu1_0.telephone,m1_0.date_naissance,m1_0.est_adulte,m1_0.nom,m1_0.numero_licence,m1_0.parent_id,m1_0.prenom from membre m1_0 left join utilisateur cu1_0 on cu1_0.id=m1_0.compte_utilisateur_id left join clubs c2_0 on c2_0.id=cu1_0.club_id where m1_0.compte_utilisateur_id=?
[2026-04-10T10:31:59.078187600+02:00][USR-SVC][login] password matches? true for userId=9
[2026-04-10T10:31:59.079187800+02:00][USR-SVC][convertToDTO] in: Entity[id=9, nom=Gueye, prenom=Alizee, email=alizee.gueye@gmail.com, tel=0682192787, adr='29b rue du professeur roux, 42800 Rive De Gier, France', dateN=1991-07-03, role=MEMBRE]
[2026-04-10T10:31:59.079187800+02:00][USR-SVC][convertToDTO] out: DTO[id=9, nom=Gueye, prenom=Alizee, email=alizee.gueye@gmail.com, tel=0682192787, adr='29b rue du professeur roux, 42800 Rive De Gier, France', dateN=1991-07-03, role=MEMBRE, pwd=null]
[2026-04-10T10:31:59.079187800+02:00][USR-SVC][login] success? true
2026-04-10T10:31:59.080+02:00 DEBUG 31076 --- [nio-8081-exec-6] org.hibernate.SQL                        : select m1_0.id,m1_0.ceinture,m1_0.club_id,m1_0.compte_utilisateur_id,m1_0.date_naissance,m1_0.est_adulte,m1_0.nom,m1_0.numero_licence,m1_0.parent_id,m1_0.prenom from membre m1_0 where m1_0.compte_utilisateur_id=?
Hibernate: select m1_0.id,m1_0.ceinture,m1_0.club_id,m1_0.compte_utilisateur_id,m1_0.date_naissance,m1_0.est_adulte,m1_0.nom,m1_0.numero_licence,m1_0.parent_id,m1_0.prenom from membre m1_0 where m1_0.compte_utilisateur_id=?
[2026-04-10T10:31:59.081619400+02:00][USR-SVC][getUtilisateurEntityById] id=9
[2026-04-10T10:31:59.082618900+02:00][USR-SVC][getUtilisateurEntityById] present? true
2026-04-10T10:31:59.083+02:00 DEBUG 31076 --- [nio-8081-exec-6] o.s.w.s.m.m.a.HttpEntityMethodProcessor  : Using 'application/json', given [*/*] and supported [application/json, application/*+json]
2026-04-10T10:31:59.083+02:00 DEBUG 31076 --- [nio-8081-exec-6] o.s.w.s.m.m.a.HttpEntityMethodProcessor  : Writing [{role=MEMBRE, utilisateur=club.taekwondo.dto.UtilisateurDTO@2a642e03, utilisateurId=9, membreId=5, e (truncated)...]
2026-04-10T10:31:59.084+02:00 DEBUG 31076 --- [nio-8081-exec-6] o.s.web.servlet.DispatcherServlet        : Completed 200 OK
2026-04-10T10:31:59.105+02:00 DEBUG 31076 --- [nio-8081-exec-4] o.s.security.web.FilterChainProxy        : Securing GET /api/membres/1
2026-04-10T10:31:59.105+02:00 DEBUG 31076 --- [nio-8081-exec-4] club.taekwondo.config.JwtAuthFilter      : [SEC] GET /api/membres/1
2026-04-10T10:31:59.105+02:00 DEBUG 31076 --- [nio-8081-exec-4] club.taekwondo.config.JwtAuthFilter      : [SEC] Header Authorization: Bearer eyJhbGciOiJIUzI1NiJ9.eyJzdWIiOiJhZ3VleWUxNDAzQGdtYWlsLmNvbSIsInJvbGUiOiJQQVJFTlQiLCJ1dGlsaXNhdGV1cklkIjoxMCwiaWF0IjoxNzc1ODA5OTE4LCJleHAiOjE3NzU4OTYzMTh9.ED0v_TSEwLZr3kN0VE9AgWXv7pficJkdvPL_bGvD8GY
2026-04-10T10:31:59.105+02:00 DEBUG 31076 --- [nio-8081-exec-4] club.taekwondo.config.JwtAuthFilter      : [SEC] Bearer présent (len=197)
2026-04-10T10:31:59.107+02:00 DEBUG 31076 --- [nio-8081-exec-4] club.taekwondo.config.JwtAuthFilter      : [SEC] email extrait du JWT = agueye1403@gmail.com
2026-04-10T10:31:59.107+02:00 DEBUG 31076 --- [nio-8081-exec-4] club.taekwondo.config.JwtAuthFilter      : [SEC] rôle extrait du JWT = PARENT
[2026-04-10T10:31:59.108614800+02:00][USR-SVC][getUtilisateurEntityByEmail] in email=agueye1403@gmail.com -> normalized=agueye1403@gmail.com
2026-04-10T10:31:59.109+02:00 DEBUG 31076 --- [nio-8081-exec-4] org.hibernate.SQL                        : select u1_0.id,u1_0.adresse,u1_0.club_id,u1_0.date_naissance,u1_0.email,u1_0.nom,u1_0.password,u1_0.password_temporaire,u1_0.password_updated_at,u1_0.prenom,u1_0.role,u1_0.telephone from utilisateur u1_0 where upper(u1_0.email)=upper(?)
Hibernate: select u1_0.id,u1_0.adresse,u1_0.club_id,u1_0.date_naissance,u1_0.email,u1_0.nom,u1_0.password,u1_0.password_temporaire,u1_0.password_updated_at,u1_0.prenom,u1_0.role,u1_0.telephone from utilisateur u1_0 where upper(u1_0.email)=upper(?)
2026-04-10T10:31:59.110+02:00 DEBUG 31076 --- [nio-8081-exec-4] org.hibernate.SQL                        : select c1_0.id,c1_0.adresse,c1_0.email,c1_0.logo,c1_0.name,c1_0.telephone from clubs c1_0 where c1_0.id=?
Hibernate: select c1_0.id,c1_0.adresse,c1_0.email,c1_0.logo,c1_0.name,c1_0.telephone from clubs c1_0 where c1_0.id=?
2026-04-10T10:31:59.111+02:00 DEBUG 31076 --- [nio-8081-exec-4] org.hibernate.SQL                        : select m1_0.id,m1_0.ceinture,m1_0.club_id,cu1_0.id,cu1_0.adresse,c2_0.id,c2_0.adresse,c2_0.email,c2_0.logo,c2_0.name,c2_0.telephone,cu1_0.date_naissance,cu1_0.email,cu1_0.nom,cu1_0.password,cu1_0.password_temporaire,cu1_0.password_updated_at,cu1_0.prenom,cu1_0.role,cu1_0.telephone,m1_0.date_naissance,m1_0.est_adulte,m1_0.nom,m1_0.numero_licence,m1_0.parent_id,m1_0.prenom from membre m1_0 left join utilisateur cu1_0 on cu1_0.id=m1_0.compte_utilisateur_id left join clubs c2_0 on c2_0.id=cu1_0.club_id where m1_0.compte_utilisateur_id=?
Hibernate: select m1_0.id,m1_0.ceinture,m1_0.club_id,cu1_0.id,cu1_0.adresse,c2_0.id,c2_0.adresse,c2_0.email,c2_0.logo,c2_0.name,c2_0.telephone,cu1_0.date_naissance,cu1_0.email,cu1_0.nom,cu1_0.password,cu1_0.password_temporaire,cu1_0.password_updated_at,cu1_0.prenom,cu1_0.role,cu1_0.telephone,m1_0.date_naissance,m1_0.est_adulte,m1_0.nom,m1_0.numero_licence,m1_0.parent_id,m1_0.prenom from membre m1_0 left join utilisateur cu1_0 on cu1_0.id=m1_0.compte_utilisateur_id left join clubs c2_0 on c2_0.id=cu1_0.club_id where m1_0.compte_utilisateur_id=?
[2026-04-10T10:31:59.111988300+02:00][USR-SVC][getUtilisateurEntityByEmail] present? true
2026-04-10T10:31:59.111+02:00 DEBUG 31076 --- [nio-8081-exec-4] club.taekwondo.config.JwtAuthFilter      : [SEC] Utilisateur trouvé: ali Gueye
2026-04-10T10:31:59.112+02:00 DEBUG 31076 --- [nio-8081-exec-4] club.taekwondo.config.JwtAuthFilter      : [SEC] rôle BDD normalisé = PARENT
2026-04-10T10:31:59.112+02:00 DEBUG 31076 --- [nio-8081-exec-4] club.taekwondo.config.JwtAuthFilter      : [SEC] Auth OK: user=agueye1403@gmail.com authorities=[ROLE_PARENT]
2026-04-10T10:31:59.112+02:00 DEBUG 31076 --- [nio-8081-exec-4] o.s.security.web.FilterChainProxy        : Secured GET /api/membres/1
2026-04-10T10:31:59.112+02:00 DEBUG 31076 --- [nio-8081-exec-4] o.s.web.servlet.DispatcherServlet        : GET "/api/membres/1", parameters={}
2026-04-10T10:31:59.113+02:00 DEBUG 31076 --- [nio-8081-exec-4] s.w.s.m.m.a.RequestMappingHandlerMapping : Mapped to club.taekwondo.controller.jpa.MembreController#getMembreById(Long)
2026-04-10T10:31:59.115+02:00 DEBUG 31076 --- [nio-8081-exec-4] org.hibernate.SQL                        : select m1_0.id,m1_0.ceinture,m1_0.club_id,cu1_0.id,cu1_0.adresse,c2_0.id,c2_0.adresse,c2_0.email,c2_0.logo,c2_0.name,c2_0.telephone,cu1_0.date_naissance,cu1_0.email,cu1_0.nom,cu1_0.password,cu1_0.password_temporaire,cu1_0.password_updated_at,cu1_0.prenom,cu1_0.role,cu1_0.telephone,m1_0.date_naissance,m1_0.est_adulte,m1_0.nom,m1_0.numero_licence,m1_0.parent_id,m1_0.prenom from membre m1_0 left join utilisateur cu1_0 on cu1_0.id=m1_0.compte_utilisateur_id left join clubs c2_0 on c2_0.id=cu1_0.club_id where m1_0.id=?
Hibernate: select m1_0.id,m1_0.ceinture,m1_0.club_id,cu1_0.id,cu1_0.adresse,c2_0.id,c2_0.adresse,c2_0.email,c2_0.logo,c2_0.name,c2_0.telephone,cu1_0.date_naissance,cu1_0.email,cu1_0.nom,cu1_0.password,cu1_0.password_temporaire,cu1_0.password_updated_at,cu1_0.prenom,cu1_0.role,cu1_0.telephone,m1_0.date_naissance,m1_0.est_adulte,m1_0.nom,m1_0.numero_licence,m1_0.parent_id,m1_0.prenom from membre m1_0 left join utilisateur cu1_0 on cu1_0.id=m1_0.compte_utilisateur_id left join clubs c2_0 on c2_0.id=cu1_0.club_id where m1_0.id=?
2026-04-10T10:31:59.117+02:00 DEBUG 31076 --- [nio-8081-exec-4] o.s.w.s.m.m.a.HttpEntityMethodProcessor  : Using 'application/json', given [*/*] and supported [application/json, application/*+json]
2026-04-10T10:31:59.117+02:00 DEBUG 31076 --- [nio-8081-exec-4] o.s.w.s.m.m.a.HttpEntityMethodProcessor  : Writing [club.taekwondo.dto.MembreDTO@7b41e13c]
2026-04-10T10:31:59.118+02:00 DEBUG 31076 --- [nio-8081-exec-4] o.s.web.servlet.DispatcherServlet        : Completed 200 OK
2026-04-10T10:31:59.141+02:00 DEBUG 31076 --- [nio-8081-exec-3] o.s.security.web.FilterChainProxy        : Securing GET /api/membres/13
2026-04-10T10:31:59.142+02:00 DEBUG 31076 --- [nio-8081-exec-3] club.taekwondo.config.JwtAuthFilter      : [SEC] GET /api/membres/13
2026-04-10T10:31:59.142+02:00 DEBUG 31076 --- [nio-8081-exec-3] club.taekwondo.config.JwtAuthFilter      : [SEC] Header Authorization: Bearer eyJhbGciOiJIUzI1NiJ9.eyJzdWIiOiJhbGl6ZWUuZ3VleWVAZ21haWwuY29tIiwicm9sZSI6Ik1FTUJSRSIsInV0aWxpc2F0ZXVySWQiOjksIm1lbWJyZUlkIjo1LCJpYXQiOjE3NzU4MDk5MTksImV4cCI6MTc3NTg5NjMxOX0.3ADU0FbTnk7k8q8kAeDRUoQtaeh_I3ACebvBouY_AYw
2026-04-10T10:31:59.142+02:00 DEBUG 31076 --- [nio-8081-exec-3] club.taekwondo.config.JwtAuthFilter      : [SEC] Bearer présent (len=216)
2026-04-10T10:31:59.144+02:00 DEBUG 31076 --- [nio-8081-exec-3] club.taekwondo.config.JwtAuthFilter      : [SEC] email extrait du JWT = alizee.gueye@gmail.com
2026-04-10T10:31:59.144+02:00 DEBUG 31076 --- [nio-8081-exec-3] club.taekwondo.config.JwtAuthFilter      : [SEC] rôle extrait du JWT = MEMBRE
[2026-04-10T10:31:59.146194800+02:00][USR-SVC][getUtilisateurEntityByEmail] in email=alizee.gueye@gmail.com -> normalized=alizee.gueye@gmail.com
2026-04-10T10:31:59.147+02:00 DEBUG 31076 --- [nio-8081-exec-3] org.hibernate.SQL                        : select u1_0.id,u1_0.adresse,u1_0.club_id,u1_0.date_naissance,u1_0.email,u1_0.nom,u1_0.password,u1_0.password_temporaire,u1_0.password_updated_at,u1_0.prenom,u1_0.role,u1_0.telephone from utilisateur u1_0 where upper(u1_0.email)=upper(?)
Hibernate: select u1_0.id,u1_0.adresse,u1_0.club_id,u1_0.date_naissance,u1_0.email,u1_0.nom,u1_0.password,u1_0.password_temporaire,u1_0.password_updated_at,u1_0.prenom,u1_0.role,u1_0.telephone from utilisateur u1_0 where upper(u1_0.email)=upper(?)
2026-04-10T10:31:59.148+02:00 DEBUG 31076 --- [nio-8081-exec-3] org.hibernate.SQL                        : select c1_0.id,c1_0.adresse,c1_0.email,c1_0.logo,c1_0.name,c1_0.telephone from clubs c1_0 where c1_0.id=?
Hibernate: select c1_0.id,c1_0.adresse,c1_0.email,c1_0.logo,c1_0.name,c1_0.telephone from clubs c1_0 where c1_0.id=?
2026-04-10T10:31:59.149+02:00 DEBUG 31076 --- [nio-8081-exec-3] org.hibernate.SQL                        : select m1_0.id,m1_0.ceinture,m1_0.club_id,cu1_0.id,cu1_0.adresse,c2_0.id,c2_0.adresse,c2_0.email,c2_0.logo,c2_0.name,c2_0.telephone,cu1_0.date_naissance,cu1_0.email,cu1_0.nom,cu1_0.password,cu1_0.password_temporaire,cu1_0.password_updated_at,cu1_0.prenom,cu1_0.role,cu1_0.telephone,m1_0.date_naissance,m1_0.est_adulte,m1_0.nom,m1_0.numero_licence,m1_0.parent_id,m1_0.prenom from membre m1_0 left join utilisateur cu1_0 on cu1_0.id=m1_0.compte_utilisateur_id left join clubs c2_0 on c2_0.id=cu1_0.club_id where m1_0.compte_utilisateur_id=?
Hibernate: select m1_0.id,m1_0.ceinture,m1_0.club_id,cu1_0.id,cu1_0.adresse,c2_0.id,c2_0.adresse,c2_0.email,c2_0.logo,c2_0.name,c2_0.telephone,cu1_0.date_naissance,cu1_0.email,cu1_0.nom,cu1_0.password,cu1_0.password_temporaire,cu1_0.password_updated_at,cu1_0.prenom,cu1_0.role,cu1_0.telephone,m1_0.date_naissance,m1_0.est_adulte,m1_0.nom,m1_0.numero_licence,m1_0.parent_id,m1_0.prenom from membre m1_0 left join utilisateur cu1_0 on cu1_0.id=m1_0.compte_utilisateur_id left join clubs c2_0 on c2_0.id=cu1_0.club_id where m1_0.compte_utilisateur_id=?
[2026-04-10T10:31:59.150195500+02:00][USR-SVC][getUtilisateurEntityByEmail] present? true
2026-04-10T10:31:59.150+02:00 DEBUG 31076 --- [nio-8081-exec-3] club.taekwondo.config.JwtAuthFilter      : [SEC] Utilisateur trouvé: Alizee Gueye
2026-04-10T10:31:59.150+02:00 DEBUG 31076 --- [nio-8081-exec-3] club.taekwondo.config.JwtAuthFilter      : [SEC] rôle BDD normalisé = MEMBRE
2026-04-10T10:31:59.150+02:00 DEBUG 31076 --- [nio-8081-exec-3] club.taekwondo.config.JwtAuthFilter      : [SEC] Auth OK: user=alizee.gueye@gmail.com authorities=[ROLE_MEMBRE]
2026-04-10T10:31:59.150+02:00 DEBUG 31076 --- [nio-8081-exec-3] o.s.security.web.FilterChainProxy        : Secured GET /api/membres/13
2026-04-10T10:31:59.150+02:00 DEBUG 31076 --- [nio-8081-exec-3] o.s.web.servlet.DispatcherServlet        : GET "/api/membres/13", parameters={}
2026-04-10T10:31:59.151+02:00 DEBUG 31076 --- [nio-8081-exec-3] s.w.s.m.m.a.RequestMappingHandlerMapping : Mapped to club.taekwondo.controller.jpa.MembreController#getMembreById(Long)
2026-04-10T10:31:59.151+02:00 DEBUG 31076 --- [nio-8081-exec-3] org.hibernate.SQL                        : select m1_0.id,m1_0.ceinture,m1_0.club_id,cu1_0.id,cu1_0.adresse,c2_0.id,c2_0.adresse,c2_0.email,c2_0.logo,c2_0.name,c2_0.telephone,cu1_0.date_naissance,cu1_0.email,cu1_0.nom,cu1_0.password,cu1_0.password_temporaire,cu1_0.password_updated_at,cu1_0.prenom,cu1_0.role,cu1_0.telephone,m1_0.date_naissance,m1_0.est_adulte,m1_0.nom,m1_0.numero_licence,m1_0.parent_id,m1_0.prenom from membre m1_0 left join utilisateur cu1_0 on cu1_0.id=m1_0.compte_utilisateur_id left join clubs c2_0 on c2_0.id=cu1_0.club_id where m1_0.id=?
Hibernate: select m1_0.id,m1_0.ceinture,m1_0.club_id,cu1_0.id,cu1_0.adresse,c2_0.id,c2_0.adresse,c2_0.email,c2_0.logo,c2_0.name,c2_0.telephone,cu1_0.date_naissance,cu1_0.email,cu1_0.nom,cu1_0.password,cu1_0.password_temporaire,cu1_0.password_updated_at,cu1_0.prenom,cu1_0.role,cu1_0.telephone,m1_0.date_naissance,m1_0.est_adulte,m1_0.nom,m1_0.numero_licence,m1_0.parent_id,m1_0.prenom from membre m1_0 left join utilisateur cu1_0 on cu1_0.id=m1_0.compte_utilisateur_id left join clubs c2_0 on c2_0.id=cu1_0.club_id where m1_0.id=?
2026-04-10T10:31:59.152+02:00 DEBUG 31076 --- [nio-8081-exec-3] o.s.w.s.m.m.a.HttpEntityMethodProcessor  : Using 'application/json', given [*/*] and supported [application/json, application/*+json]
2026-04-10T10:31:59.153+02:00 DEBUG 31076 --- [nio-8081-exec-3] o.s.w.s.m.m.a.HttpEntityMethodProcessor  : Writing [club.taekwondo.dto.MembreDTO@27e8297e]
2026-04-10T10:31:59.153+02:00 DEBUG 31076 --- [nio-8081-exec-3] o.s.web.servlet.DispatcherServlet        : Completed 200 OK
2026-04-10T10:31:59.177+02:00 DEBUG 31076 --- [nio-8081-exec-7] o.s.security.web.FilterChainProxy        : Securing GET /api/utilisateurs?clubId=2
2026-04-10T10:31:59.178+02:00 DEBUG 31076 --- [nio-8081-exec-7] club.taekwondo.config.JwtAuthFilter      : [SEC] GET /api/utilisateurs
2026-04-10T10:31:59.178+02:00 DEBUG 31076 --- [nio-8081-exec-7] club.taekwondo.config.JwtAuthFilter      : [SEC] Header Authorization: Bearer eyJhbGciOiJIUzI1NiJ9.eyJzdWIiOiJhZG1pbnZpbGxldXJiYW5uZUBnbWFpbC5jb20iLCJyb2xlIjoiQURNSU4iLCJ1dGlsaXNhdGV1cklkIjozLCJpYXQiOjE3NzU4MDk5MTgsImV4cCI6MTc3NTg5NjMxOH0.fjPgKTLErhlu64U9gocc6ud7aXm9_4_-SFW73pNHe6Y
2026-04-10T10:31:59.178+02:00 DEBUG 31076 --- [nio-8081-exec-7] club.taekwondo.config.JwtAuthFilter      : [SEC] Bearer présent (len=204)
2026-04-10T10:31:59.181+02:00 DEBUG 31076 --- [nio-8081-exec-7] club.taekwondo.config.JwtAuthFilter      : [SEC] email extrait du JWT = adminvilleurbanne@gmail.com
2026-04-10T10:31:59.181+02:00 DEBUG 31076 --- [nio-8081-exec-7] club.taekwondo.config.JwtAuthFilter      : [SEC] rôle extrait du JWT = ADMIN
[2026-04-10T10:31:59.184565700+02:00][USR-SVC][getUtilisateurEntityByEmail] in email=adminvilleurbanne@gmail.com -> normalized=adminvilleurbanne@gmail.com
2026-04-10T10:31:59.187+02:00 DEBUG 31076 --- [nio-8081-exec-7] org.hibernate.SQL                        : select u1_0.id,u1_0.adresse,u1_0.club_id,u1_0.date_naissance,u1_0.email,u1_0.nom,u1_0.password,u1_0.password_temporaire,u1_0.password_updated_at,u1_0.prenom,u1_0.role,u1_0.telephone from utilisateur u1_0 where upper(u1_0.email)=upper(?)
Hibernate: select u1_0.id,u1_0.adresse,u1_0.club_id,u1_0.date_naissance,u1_0.email,u1_0.nom,u1_0.password,u1_0.password_temporaire,u1_0.password_updated_at,u1_0.prenom,u1_0.role,u1_0.telephone from utilisateur u1_0 where upper(u1_0.email)=upper(?)
2026-04-10T10:31:59.188+02:00 DEBUG 31076 --- [nio-8081-exec-7] org.hibernate.SQL                        : select c1_0.id,c1_0.adresse,c1_0.email,c1_0.logo,c1_0.name,c1_0.telephone from clubs c1_0 where c1_0.id=?
Hibernate: select c1_0.id,c1_0.adresse,c1_0.email,c1_0.logo,c1_0.name,c1_0.telephone from clubs c1_0 where c1_0.id=?
2026-04-10T10:31:59.189+02:00 DEBUG 31076 --- [nio-8081-exec-7] org.hibernate.SQL                        : select m1_0.id,m1_0.ceinture,m1_0.club_id,cu1_0.id,cu1_0.adresse,c2_0.id,c2_0.adresse,c2_0.email,c2_0.logo,c2_0.name,c2_0.telephone,cu1_0.date_naissance,cu1_0.email,cu1_0.nom,cu1_0.password,cu1_0.password_temporaire,cu1_0.password_updated_at,cu1_0.prenom,cu1_0.role,cu1_0.telephone,m1_0.date_naissance,m1_0.est_adulte,m1_0.nom,m1_0.numero_licence,m1_0.parent_id,m1_0.prenom from membre m1_0 left join utilisateur cu1_0 on cu1_0.id=m1_0.compte_utilisateur_id left join clubs c2_0 on c2_0.id=cu1_0.club_id where m1_0.compte_utilisateur_id=?
Hibernate: select m1_0.id,m1_0.ceinture,m1_0.club_id,cu1_0.id,cu1_0.adresse,c2_0.id,c2_0.adresse,c2_0.email,c2_0.logo,c2_0.name,c2_0.telephone,cu1_0.date_naissance,cu1_0.email,cu1_0.nom,cu1_0.password,cu1_0.password_temporaire,cu1_0.password_updated_at,cu1_0.prenom,cu1_0.role,cu1_0.telephone,m1_0.date_naissance,m1_0.est_adulte,m1_0.nom,m1_0.numero_licence,m1_0.parent_id,m1_0.prenom from membre m1_0 left join utilisateur cu1_0 on cu1_0.id=m1_0.compte_utilisateur_id left join clubs c2_0 on c2_0.id=cu1_0.club_id where m1_0.compte_utilisateur_id=?
[2026-04-10T10:31:59.190223700+02:00][USR-SVC][getUtilisateurEntityByEmail] present? true
2026-04-10T10:31:59.190+02:00 DEBUG 31076 --- [nio-8081-exec-7] club.taekwondo.config.JwtAuthFilter      : [SEC] Utilisateur trouvé: adminVilleurbanne adminVilleurbanne
2026-04-10T10:31:59.190+02:00 DEBUG 31076 --- [nio-8081-exec-7] club.taekwondo.config.JwtAuthFilter      : [SEC] rôle BDD normalisé = ADMIN
2026-04-10T10:31:59.191+02:00 DEBUG 31076 --- [nio-8081-exec-7] club.taekwondo.config.JwtAuthFilter      : [SEC] Auth OK: user=adminvilleurbanne@gmail.com authorities=[ROLE_ADMIN]
2026-04-10T10:31:59.191+02:00 DEBUG 31076 --- [nio-8081-exec-7] o.s.security.web.FilterChainProxy        : Secured GET /api/utilisateurs?clubId=2
2026-04-10T10:31:59.191+02:00 DEBUG 31076 --- [nio-8081-exec-7] o.s.web.servlet.DispatcherServlet        : GET "/api/utilisateurs?clubId=2", parameters={masked}
2026-04-10T10:31:59.192+02:00 DEBUG 31076 --- [nio-8081-exec-7] s.w.s.m.m.a.RequestMappingHandlerMapping : Mapped to club.taekwondo.controller.jpa.UtilisateurController#listUtilisateurs(String, Long, String)
2026-04-10T10:31:59.192+02:00 DEBUG 31076 --- [nio-8081-exec-7] horizationManagerBeforeMethodInterceptor : Authorizing method invocation ReflectiveMethodInvocation: public org.springframework.http.ResponseEntity club.taekwondo.controller.jpa.UtilisateurController.listUtilisateurs(java.lang.String,java.lang.Long,java.lang.String); target is of class [club.taekwondo.controller.jpa.UtilisateurController]
2026-04-10T10:31:59.193+02:00 DEBUG 31076 --- [nio-8081-exec-7] horizationManagerBeforeMethodInterceptor : Authorized method invocation ReflectiveMethodInvocation: public org.springframework.http.ResponseEntity club.taekwondo.controller.jpa.UtilisateurController.listUtilisateurs(java.lang.String,java.lang.Long,java.lang.String); target is of class [club.taekwondo.controller.jpa.UtilisateurController]
[2026-04-10T10:31:59.194223900+02:00][USR][LIST] params role=null, q=null
2026-04-10T10:31:59.197+02:00 DEBUG 31076 --- [nio-8081-exec-7] org.hibernate.SQL                        : select u1_0.id,u1_0.adresse,u1_0.club_id,u1_0.date_naissance,u1_0.email,u1_0.nom,u1_0.password,u1_0.password_temporaire,u1_0.password_updated_at,u1_0.prenom,u1_0.role,u1_0.telephone from utilisateur u1_0
Hibernate: select u1_0.id,u1_0.adresse,u1_0.club_id,u1_0.date_naissance,u1_0.email,u1_0.nom,u1_0.password,u1_0.password_temporaire,u1_0.password_updated_at,u1_0.prenom,u1_0.role,u1_0.telephone from utilisateur u1_0
2026-04-10T10:31:59.199+02:00 DEBUG 31076 --- [nio-8081-exec-7] org.hibernate.SQL                        : select m1_0.id,m1_0.ceinture,m1_0.club_id,cu1_0.id,cu1_0.adresse,c2_0.id,c2_0.adresse,c2_0.email,c2_0.logo,c2_0.name,c2_0.telephone,cu1_0.date_naissance,cu1_0.email,cu1_0.nom,cu1_0.password,cu1_0.password_temporaire,cu1_0.password_updated_at,cu1_0.prenom,cu1_0.role,cu1_0.telephone,m1_0.date_naissance,m1_0.est_adulte,m1_0.nom,m1_0.numero_licence,m1_0.parent_id,m1_0.prenom from membre m1_0 left join utilisateur cu1_0 on cu1_0.id=m1_0.compte_utilisateur_id left join clubs c2_0 on c2_0.id=cu1_0.club_id where m1_0.compte_utilisateur_id=?
Hibernate: select m1_0.id,m1_0.ceinture,m1_0.club_id,cu1_0.id,cu1_0.adresse,c2_0.id,c2_0.adresse,c2_0.email,c2_0.logo,c2_0.name,c2_0.telephone,cu1_0.date_naissance,cu1_0.email,cu1_0.nom,cu1_0.password,cu1_0.password_temporaire,cu1_0.password_updated_at,cu1_0.prenom,cu1_0.role,cu1_0.telephone,m1_0.date_naissance,m1_0.est_adulte,m1_0.nom,m1_0.numero_licence,m1_0.parent_id,m1_0.prenom from membre m1_0 left join utilisateur cu1_0 on cu1_0.id=m1_0.compte_utilisateur_id left join clubs c2_0 on c2_0.id=cu1_0.club_id where m1_0.compte_utilisateur_id=?
2026-04-10T10:31:59.200+02:00 DEBUG 31076 --- [nio-8081-exec-7] org.hibernate.SQL                        : select c1_0.id,c1_0.adresse,c1_0.email,c1_0.logo,c1_0.name,c1_0.telephone from clubs c1_0 where c1_0.id=?
Hibernate: select c1_0.id,c1_0.adresse,c1_0.email,c1_0.logo,c1_0.name,c1_0.telephone from clubs c1_0 where c1_0.id=?
2026-04-10T10:31:59.201+02:00 DEBUG 31076 --- [nio-8081-exec-7] org.hibernate.SQL                        : select m1_0.id,m1_0.ceinture,m1_0.club_id,cu1_0.id,cu1_0.adresse,c2_0.id,c2_0.adresse,c2_0.email,c2_0.logo,c2_0.name,c2_0.telephone,cu1_0.date_naissance,cu1_0.email,cu1_0.nom,cu1_0.password,cu1_0.password_temporaire,cu1_0.password_updated_at,cu1_0.prenom,cu1_0.role,cu1_0.telephone,m1_0.date_naissance,m1_0.est_adulte,m1_0.nom,m1_0.numero_licence,m1_0.parent_id,m1_0.prenom from membre m1_0 left join utilisateur cu1_0 on cu1_0.id=m1_0.compte_utilisateur_id left join clubs c2_0 on c2_0.id=cu1_0.club_id where m1_0.compte_utilisateur_id=?
Hibernate: select m1_0.id,m1_0.ceinture,m1_0.club_id,cu1_0.id,cu1_0.adresse,c2_0.id,c2_0.adresse,c2_0.email,c2_0.logo,c2_0.name,c2_0.telephone,cu1_0.date_naissance,cu1_0.email,cu1_0.nom,cu1_0.password,cu1_0.password_temporaire,cu1_0.password_updated_at,cu1_0.prenom,cu1_0.role,cu1_0.telephone,m1_0.date_naissance,m1_0.est_adulte,m1_0.nom,m1_0.numero_licence,m1_0.parent_id,m1_0.prenom from membre m1_0 left join utilisateur cu1_0 on cu1_0.id=m1_0.compte_utilisateur_id left join clubs c2_0 on c2_0.id=cu1_0.club_id where m1_0.compte_utilisateur_id=?
2026-04-10T10:31:59.203+02:00 DEBUG 31076 --- [nio-8081-exec-7] org.hibernate.SQL                        : select m1_0.id,m1_0.ceinture,m1_0.club_id,cu1_0.id,cu1_0.adresse,c2_0.id,c2_0.adresse,c2_0.email,c2_0.logo,c2_0.name,c2_0.telephone,cu1_0.date_naissance,cu1_0.email,cu1_0.nom,cu1_0.password,cu1_0.password_temporaire,cu1_0.password_updated_at,cu1_0.prenom,cu1_0.role,cu1_0.telephone,m1_0.date_naissance,m1_0.est_adulte,m1_0.nom,m1_0.numero_licence,m1_0.parent_id,m1_0.prenom from membre m1_0 left join utilisateur cu1_0 on cu1_0.id=m1_0.compte_utilisateur_id left join clubs c2_0 on c2_0.id=cu1_0.club_id where m1_0.compte_utilisateur_id=?
Hibernate: select m1_0.id,m1_0.ceinture,m1_0.club_id,cu1_0.id,cu1_0.adresse,c2_0.id,c2_0.adresse,c2_0.email,c2_0.logo,c2_0.name,c2_0.telephone,cu1_0.date_naissance,cu1_0.email,cu1_0.nom,cu1_0.password,cu1_0.password_temporaire,cu1_0.password_updated_at,cu1_0.prenom,cu1_0.role,cu1_0.telephone,m1_0.date_naissance,m1_0.est_adulte,m1_0.nom,m1_0.numero_licence,m1_0.parent_id,m1_0.prenom from membre m1_0 left join utilisateur cu1_0 on cu1_0.id=m1_0.compte_utilisateur_id left join clubs c2_0 on c2_0.id=cu1_0.club_id where m1_0.compte_utilisateur_id=?
2026-04-10T10:31:59.206+02:00 DEBUG 31076 --- [nio-8081-exec-7] org.hibernate.SQL                        : select c1_0.id,c1_0.adresse,c1_0.email,c1_0.logo,c1_0.name,c1_0.telephone from clubs c1_0 where c1_0.id=?
Hibernate: select c1_0.id,c1_0.adresse,c1_0.email,c1_0.logo,c1_0.name,c1_0.telephone from clubs c1_0 where c1_0.id=?
2026-04-10T10:31:59.208+02:00 DEBUG 31076 --- [nio-8081-exec-7] org.hibernate.SQL                        : select m1_0.id,m1_0.ceinture,m1_0.club_id,cu1_0.id,cu1_0.adresse,c2_0.id,c2_0.adresse,c2_0.email,c2_0.logo,c2_0.name,c2_0.telephone,cu1_0.date_naissance,cu1_0.email,cu1_0.nom,cu1_0.password,cu1_0.password_temporaire,cu1_0.password_updated_at,cu1_0.prenom,cu1_0.role,cu1_0.telephone,m1_0.date_naissance,m1_0.est_adulte,m1_0.nom,m1_0.numero_licence,m1_0.parent_id,m1_0.prenom from membre m1_0 left join utilisateur cu1_0 on cu1_0.id=m1_0.compte_utilisateur_id left join clubs c2_0 on c2_0.id=cu1_0.club_id where m1_0.compte_utilisateur_id=?
Hibernate: select m1_0.id,m1_0.ceinture,m1_0.club_id,cu1_0.id,cu1_0.adresse,c2_0.id,c2_0.adresse,c2_0.email,c2_0.logo,c2_0.name,c2_0.telephone,cu1_0.date_naissance,cu1_0.email,cu1_0.nom,cu1_0.password,cu1_0.password_temporaire,cu1_0.password_updated_at,cu1_0.prenom,cu1_0.role,cu1_0.telephone,m1_0.date_naissance,m1_0.est_adulte,m1_0.nom,m1_0.numero_licence,m1_0.parent_id,m1_0.prenom from membre m1_0 left join utilisateur cu1_0 on cu1_0.id=m1_0.compte_utilisateur_id left join clubs c2_0 on c2_0.id=cu1_0.club_id where m1_0.compte_utilisateur_id=?
2026-04-10T10:31:59.209+02:00 DEBUG 31076 --- [nio-8081-exec-7] org.hibernate.SQL                        : select m1_0.id,m1_0.ceinture,m1_0.club_id,cu1_0.id,cu1_0.adresse,c2_0.id,c2_0.adresse,c2_0.email,c2_0.logo,c2_0.name,c2_0.telephone,cu1_0.date_naissance,cu1_0.email,cu1_0.nom,cu1_0.password,cu1_0.password_temporaire,cu1_0.password_updated_at,cu1_0.prenom,cu1_0.role,cu1_0.telephone,m1_0.date_naissance,m1_0.est_adulte,m1_0.nom,m1_0.numero_licence,m1_0.parent_id,m1_0.prenom from membre m1_0 left join utilisateur cu1_0 on cu1_0.id=m1_0.compte_utilisateur_id left join clubs c2_0 on c2_0.id=cu1_0.club_id where m1_0.compte_utilisateur_id=?
Hibernate: select m1_0.id,m1_0.ceinture,m1_0.club_id,cu1_0.id,cu1_0.adresse,c2_0.id,c2_0.adresse,c2_0.email,c2_0.logo,c2_0.name,c2_0.telephone,cu1_0.date_naissance,cu1_0.email,cu1_0.nom,cu1_0.password,cu1_0.password_temporaire,cu1_0.password_updated_at,cu1_0.prenom,cu1_0.role,cu1_0.telephone,m1_0.date_naissance,m1_0.est_adulte,m1_0.nom,m1_0.numero_licence,m1_0.parent_id,m1_0.prenom from membre m1_0 left join utilisateur cu1_0 on cu1_0.id=m1_0.compte_utilisateur_id left join clubs c2_0 on c2_0.id=cu1_0.club_id where m1_0.compte_utilisateur_id=?
2026-04-10T10:31:59.210+02:00 DEBUG 31076 --- [nio-8081-exec-7] org.hibernate.SQL                        : select m1_0.id,m1_0.ceinture,m1_0.club_id,cu1_0.id,cu1_0.adresse,c2_0.id,c2_0.adresse,c2_0.email,c2_0.logo,c2_0.name,c2_0.telephone,cu1_0.date_naissance,cu1_0.email,cu1_0.nom,cu1_0.password,cu1_0.password_temporaire,cu1_0.password_updated_at,cu1_0.prenom,cu1_0.role,cu1_0.telephone,m1_0.date_naissance,m1_0.est_adulte,m1_0.nom,m1_0.numero_licence,m1_0.parent_id,m1_0.prenom from membre m1_0 left join utilisateur cu1_0 on cu1_0.id=m1_0.compte_utilisateur_id left join clubs c2_0 on c2_0.id=cu1_0.club_id where m1_0.compte_utilisateur_id=?
Hibernate: select m1_0.id,m1_0.ceinture,m1_0.club_id,cu1_0.id,cu1_0.adresse,c2_0.id,c2_0.adresse,c2_0.email,c2_0.logo,c2_0.name,c2_0.telephone,cu1_0.date_naissance,cu1_0.email,cu1_0.nom,cu1_0.password,cu1_0.password_temporaire,cu1_0.password_updated_at,cu1_0.prenom,cu1_0.role,cu1_0.telephone,m1_0.date_naissance,m1_0.est_adulte,m1_0.nom,m1_0.numero_licence,m1_0.parent_id,m1_0.prenom from membre m1_0 left join utilisateur cu1_0 on cu1_0.id=m1_0.compte_utilisateur_id left join clubs c2_0 on c2_0.id=cu1_0.club_id where m1_0.compte_utilisateur_id=?
2026-04-10T10:31:59.211+02:00 DEBUG 31076 --- [nio-8081-exec-7] org.hibernate.SQL                        : select m1_0.id,m1_0.ceinture,m1_0.club_id,cu1_0.id,cu1_0.adresse,c2_0.id,c2_0.adresse,c2_0.email,c2_0.logo,c2_0.name,c2_0.telephone,cu1_0.date_naissance,cu1_0.email,cu1_0.nom,cu1_0.password,cu1_0.password_temporaire,cu1_0.password_updated_at,cu1_0.prenom,cu1_0.role,cu1_0.telephone,m1_0.date_naissance,m1_0.est_adulte,m1_0.nom,m1_0.numero_licence,m1_0.parent_id,m1_0.prenom from membre m1_0 left join utilisateur cu1_0 on cu1_0.id=m1_0.compte_utilisateur_id left join clubs c2_0 on c2_0.id=cu1_0.club_id where m1_0.compte_utilisateur_id=?
Hibernate: select m1_0.id,m1_0.ceinture,m1_0.club_id,cu1_0.id,cu1_0.adresse,c2_0.id,c2_0.adresse,c2_0.email,c2_0.logo,c2_0.name,c2_0.telephone,cu1_0.date_naissance,cu1_0.email,cu1_0.nom,cu1_0.password,cu1_0.password_temporaire,cu1_0.password_updated_at,cu1_0.prenom,cu1_0.role,cu1_0.telephone,m1_0.date_naissance,m1_0.est_adulte,m1_0.nom,m1_0.numero_licence,m1_0.parent_id,m1_0.prenom from membre m1_0 left join utilisateur cu1_0 on cu1_0.id=m1_0.compte_utilisateur_id left join clubs c2_0 on c2_0.id=cu1_0.club_id where m1_0.compte_utilisateur_id=?
2026-04-10T10:31:59.212+02:00 DEBUG 31076 --- [nio-8081-exec-7] org.hibernate.SQL                        : select m1_0.id,m1_0.ceinture,m1_0.club_id,cu1_0.id,cu1_0.adresse,c2_0.id,c2_0.adresse,c2_0.email,c2_0.logo,c2_0.name,c2_0.telephone,cu1_0.date_naissance,cu1_0.email,cu1_0.nom,cu1_0.password,cu1_0.password_temporaire,cu1_0.password_updated_at,cu1_0.prenom,cu1_0.role,cu1_0.telephone,m1_0.date_naissance,m1_0.est_adulte,m1_0.nom,m1_0.numero_licence,m1_0.parent_id,m1_0.prenom from membre m1_0 left join utilisateur cu1_0 on cu1_0.id=m1_0.compte_utilisateur_id left join clubs c2_0 on c2_0.id=cu1_0.club_id where m1_0.compte_utilisateur_id=?
Hibernate: select m1_0.id,m1_0.ceinture,m1_0.club_id,cu1_0.id,cu1_0.adresse,c2_0.id,c2_0.adresse,c2_0.email,c2_0.logo,c2_0.name,c2_0.telephone,cu1_0.date_naissance,cu1_0.email,cu1_0.nom,cu1_0.password,cu1_0.password_temporaire,cu1_0.password_updated_at,cu1_0.prenom,cu1_0.role,cu1_0.telephone,m1_0.date_naissance,m1_0.est_adulte,m1_0.nom,m1_0.numero_licence,m1_0.parent_id,m1_0.prenom from membre m1_0 left join utilisateur cu1_0 on cu1_0.id=m1_0.compte_utilisateur_id left join clubs c2_0 on c2_0.id=cu1_0.club_id where m1_0.compte_utilisateur_id=?
[2026-04-10T10:31:59.213880700+02:00][USR-SVC][convertToDTO] in: Entity[id=2, nom=Admin, prenom=System, email=admin@club.local, tel=null, adr='null', dateN=null, role=ADMIN]
[2026-04-10T10:31:59.213880700+02:00][USR-SVC][convertToDTO] out: DTO[id=2, nom=Admin, prenom=System, email=admin@club.local, tel=null, adr='null', dateN=null, role=ADMIN, pwd=null]
[2026-04-10T10:31:59.214397900+02:00][USR-SVC][convertToDTO] in: Entity[id=4, nom=adminBourg, prenom=adminBourg, email=adminbourg@gmail.com, tel=null, adr='null', dateN=null, role=ADMIN]
[2026-04-10T10:31:59.214397900+02:00][USR-SVC][convertToDTO] out: DTO[id=4, nom=adminBourg, prenom=adminBourg, email=adminbourg@gmail.com, tel=null, adr='null', dateN=null, role=ADMIN, pwd=null]
[2026-04-10T10:31:59.214397900+02:00][USR-SVC][convertToDTO] in: Entity[id=1, nom=Super, prenom=Admin, email=superadmin@club.local, tel=null, adr='null', dateN=null, role=SUPER_ADMIN]
[2026-04-10T10:31:59.214397900+02:00][USR-SVC][convertToDTO] out: DTO[id=1, nom=Super, prenom=Admin, email=superadmin@club.local, tel=null, adr='null', dateN=null, role=SUPER_ADMIN, pwd=null]
[2026-04-10T10:31:59.215405500+02:00][USR-SVC][convertToDTO] in: Entity[id=3, nom=adminVilleurbanne, prenom=adminVilleurbanne, email=adminvilleurbanne@gmail.com, tel=null, adr='null', dateN=null, role=ADMIN]
[2026-04-10T10:31:59.215405500+02:00][USR-SVC][convertToDTO] out: DTO[id=3, nom=adminVilleurbanne, prenom=adminVilleurbanne, email=adminvilleurbanne@gmail.com, tel=null, adr='null', dateN=null, role=ADMIN, pwd=null]
[2026-04-10T10:31:59.215405500+02:00][USR-SVC][convertToDTO] in: Entity[id=5, nom=gueye, prenom=Oce, email=oce.gueye@gmail.com, tel=null, adr='null', dateN=null, role=PARENT]
2026-04-10T10:31:59.216+02:00 DEBUG 31076 --- [nio-8081-exec-7] org.hibernate.SQL                        : select m1_0.id,m1_0.ceinture,m1_0.club_id,m1_0.compte_utilisateur_id,m1_0.date_naissance,m1_0.est_adulte,m1_0.nom,m1_0.numero_licence,m1_0.parent_id,m1_0.prenom from membre m1_0 where m1_0.parent_id=?
Hibernate: select m1_0.id,m1_0.ceinture,m1_0.club_id,m1_0.compte_utilisateur_id,m1_0.date_naissance,m1_0.est_adulte,m1_0.nom,m1_0.numero_licence,m1_0.parent_id,m1_0.prenom from membre m1_0 where m1_0.parent_id=?
[2026-04-10T10:31:59.217920500+02:00][USR-SVC][convertToDTO] out: DTO[id=5, nom=gueye, prenom=Oce, email=oce.gueye@gmail.com, tel=null, adr='null', dateN=null, role=PARENT, pwd=null]
[2026-04-10T10:31:59.218921500+02:00][USR-SVC][convertToDTO] in: Entity[id=9, nom=Gueye, prenom=Alizee, email=alizee.gueye@gmail.com, tel=0682192787, adr='29b rue du professeur roux, 42800 Rive De Gier, France', dateN=1991-07-03, role=MEMBRE]
[2026-04-10T10:31:59.218921500+02:00][USR-SVC][convertToDTO] out: DTO[id=9, nom=Gueye, prenom=Alizee, email=alizee.gueye@gmail.com, tel=0682192787, adr='29b rue du professeur roux, 42800 Rive De Gier, France', dateN=1991-07-03, role=MEMBRE, pwd=null]
[2026-04-10T10:31:59.218921500+02:00][USR-SVC][convertToDTO] in: Entity[id=6, nom=Nenet, prenom=Gina, email=gina.nenet@hotmail.fr, tel=067524643, adr='29b rue du professeur roux , 42800 Rive De Gier, France', dateN=1962-08-31, role=PARENT]
2026-04-10T10:31:59.220+02:00 DEBUG 31076 --- [nio-8081-exec-7] org.hibernate.SQL                        : select m1_0.id,m1_0.ceinture,m1_0.club_id,m1_0.compte_utilisateur_id,m1_0.date_naissance,m1_0.est_adulte,m1_0.nom,m1_0.numero_licence,m1_0.parent_id,m1_0.prenom from membre m1_0 where m1_0.parent_id=?
Hibernate: select m1_0.id,m1_0.ceinture,m1_0.club_id,m1_0.compte_utilisateur_id,m1_0.date_naissance,m1_0.est_adulte,m1_0.nom,m1_0.numero_licence,m1_0.parent_id,m1_0.prenom from membre m1_0 where m1_0.parent_id=?
[USR-SVC] Parent enrichi: L�o Nenet
[2026-04-10T10:31:59.221923400+02:00][USR-SVC][convertToDTO] out: DTO[id=6, nom=Nenet, prenom=Gina, email=gina.nenet@hotmail.fr, tel=067524643, adr='29b rue du professeur roux , 42800 Rive De Gier, France', dateN=1962-08-31, role=PARENT, pwd=null]
[2026-04-10T10:31:59.222920200+02:00][USR-SVC][convertToDTO] in: Entity[id=10, nom=Gueye, prenom=ali, email=agueye1403@gmail.com, tel=0682192786, adr='29b rur du professeur roux, 42800 Rive De Gier, France', dateN=1991-07-03, role=PARENT]
2026-04-10T10:31:59.224+02:00 DEBUG 31076 --- [nio-8081-exec-7] org.hibernate.SQL                        : select m1_0.id,m1_0.ceinture,m1_0.club_id,m1_0.compte_utilisateur_id,m1_0.date_naissance,m1_0.est_adulte,m1_0.nom,m1_0.numero_licence,m1_0.parent_id,m1_0.prenom from membre m1_0 where m1_0.parent_id=?
Hibernate: select m1_0.id,m1_0.ceinture,m1_0.club_id,m1_0.compte_utilisateur_id,m1_0.date_naissance,m1_0.est_adulte,m1_0.nom,m1_0.numero_licence,m1_0.parent_id,m1_0.prenom from membre m1_0 where m1_0.parent_id=?
[USR-SVC] Parent enrichi: Loic Gueye
[2026-04-10T10:31:59.226021400+02:00][USR-SVC][convertToDTO] out: DTO[id=10, nom=Gueye, prenom=ali, email=agueye1403@gmail.com, tel=0682192786, adr='29b rur du professeur roux, 42800 Rive De Gier, France', dateN=1991-07-03, role=PARENT, pwd=null]
2026-04-10T10:31:59.226+02:00 DEBUG 31076 --- [nio-8081-exec-7] o.s.w.s.m.m.a.HttpEntityMethodProcessor  : Using 'application/json', given [*/*] and supported [application/json, application/*+json]
2026-04-10T10:31:59.227+02:00 DEBUG 31076 --- [nio-8081-exec-7] o.s.w.s.m.m.a.HttpEntityMethodProcessor  : Writing [[club.taekwondo.dto.UtilisateurDTO@74d2a0f3]]
2026-04-10T10:31:59.227+02:00 DEBUG 31076 --- [nio-8081-exec-7] o.s.web.servlet.DispatcherServlet        : Completed 200 OK
2026-04-10T10:31:59.249+02:00 DEBUG 31076 --- [nio-8081-exec-9] o.s.security.web.FilterChainProxy        : Securing GET /api/paiements/club/2
2026-04-10T10:31:59.249+02:00 DEBUG 31076 --- [nio-8081-exec-9] club.taekwondo.config.JwtAuthFilter      : [SEC] GET /api/paiements/club/2
2026-04-10T10:31:59.250+02:00 DEBUG 31076 --- [nio-8081-exec-9] club.taekwondo.config.JwtAuthFilter      : [SEC] Header Authorization: Bearer eyJhbGciOiJIUzI1NiJ9.eyJzdWIiOiJhZG1pbnZpbGxldXJiYW5uZUBnbWFpbC5jb20iLCJyb2xlIjoiQURNSU4iLCJ1dGlsaXNhdGV1cklkIjozLCJpYXQiOjE3NzU4MDk5MTgsImV4cCI6MTc3NTg5NjMxOH0.fjPgKTLErhlu64U9gocc6ud7aXm9_4_-SFW73pNHe6Y
2026-04-10T10:31:59.250+02:00 DEBUG 31076 --- [nio-8081-exec-9] club.taekwondo.config.JwtAuthFilter      : [SEC] Bearer présent (len=204)
2026-04-10T10:31:59.251+02:00 DEBUG 31076 --- [nio-8081-exec-9] club.taekwondo.config.JwtAuthFilter      : [SEC] email extrait du JWT = adminvilleurbanne@gmail.com
2026-04-10T10:31:59.252+02:00 DEBUG 31076 --- [nio-8081-exec-9] club.taekwondo.config.JwtAuthFilter      : [SEC] rôle extrait du JWT = ADMIN
[2026-04-10T10:31:59.253567700+02:00][USR-SVC][getUtilisateurEntityByEmail] in email=adminvilleurbanne@gmail.com -> normalized=adminvilleurbanne@gmail.com
2026-04-10T10:31:59.254+02:00 DEBUG 31076 --- [nio-8081-exec-9] org.hibernate.SQL                        : select u1_0.id,u1_0.adresse,u1_0.club_id,u1_0.date_naissance,u1_0.email,u1_0.nom,u1_0.password,u1_0.password_temporaire,u1_0.password_updated_at,u1_0.prenom,u1_0.role,u1_0.telephone from utilisateur u1_0 where upper(u1_0.email)=upper(?)
Hibernate: select u1_0.id,u1_0.adresse,u1_0.club_id,u1_0.date_naissance,u1_0.email,u1_0.nom,u1_0.password,u1_0.password_temporaire,u1_0.password_updated_at,u1_0.prenom,u1_0.role,u1_0.telephone from utilisateur u1_0 where upper(u1_0.email)=upper(?)
2026-04-10T10:31:59.255+02:00 DEBUG 31076 --- [nio-8081-exec-9] org.hibernate.SQL                        : select c1_0.id,c1_0.adresse,c1_0.email,c1_0.logo,c1_0.name,c1_0.telephone from clubs c1_0 where c1_0.id=?
Hibernate: select c1_0.id,c1_0.adresse,c1_0.email,c1_0.logo,c1_0.name,c1_0.telephone from clubs c1_0 where c1_0.id=?
2026-04-10T10:31:59.256+02:00 DEBUG 31076 --- [nio-8081-exec-9] org.hibernate.SQL                        : select m1_0.id,m1_0.ceinture,m1_0.club_id,cu1_0.id,cu1_0.adresse,c2_0.id,c2_0.adresse,c2_0.email,c2_0.logo,c2_0.name,c2_0.telephone,cu1_0.date_naissance,cu1_0.email,cu1_0.nom,cu1_0.password,cu1_0.password_temporaire,cu1_0.password_updated_at,cu1_0.prenom,cu1_0.role,cu1_0.telephone,m1_0.date_naissance,m1_0.est_adulte,m1_0.nom,m1_0.numero_licence,m1_0.parent_id,m1_0.prenom from membre m1_0 left join utilisateur cu1_0 on cu1_0.id=m1_0.compte_utilisateur_id left join clubs c2_0 on c2_0.id=cu1_0.club_id where m1_0.compte_utilisateur_id=?
Hibernate: select m1_0.id,m1_0.ceinture,m1_0.club_id,cu1_0.id,cu1_0.adresse,c2_0.id,c2_0.adresse,c2_0.email,c2_0.logo,c2_0.name,c2_0.telephone,cu1_0.date_naissance,cu1_0.email,cu1_0.nom,cu1_0.password,cu1_0.password_temporaire,cu1_0.password_updated_at,cu1_0.prenom,cu1_0.role,cu1_0.telephone,m1_0.date_naissance,m1_0.est_adulte,m1_0.nom,m1_0.numero_licence,m1_0.parent_id,m1_0.prenom from membre m1_0 left join utilisateur cu1_0 on cu1_0.id=m1_0.compte_utilisateur_id left join clubs c2_0 on c2_0.id=cu1_0.club_id where m1_0.compte_utilisateur_id=?
[2026-04-10T10:31:59.256230+02:00][USR-SVC][getUtilisateurEntityByEmail] present? true
2026-04-10T10:31:59.256+02:00 DEBUG 31076 --- [nio-8081-exec-9] club.taekwondo.config.JwtAuthFilter      : [SEC] Utilisateur trouvé: adminVilleurbanne adminVilleurbanne
2026-04-10T10:31:59.257+02:00 DEBUG 31076 --- [nio-8081-exec-9] club.taekwondo.config.JwtAuthFilter      : [SEC] rôle BDD normalisé = ADMIN
2026-04-10T10:31:59.257+02:00 DEBUG 31076 --- [nio-8081-exec-9] club.taekwondo.config.JwtAuthFilter      : [SEC] Auth OK: user=adminvilleurbanne@gmail.com authorities=[ROLE_ADMIN]
2026-04-10T10:31:59.257+02:00 DEBUG 31076 --- [nio-8081-exec-9] o.s.security.web.FilterChainProxy        : Secured GET /api/paiements/club/2
2026-04-10T10:31:59.257+02:00 DEBUG 31076 --- [nio-8081-exec-9] o.s.web.servlet.DispatcherServlet        : GET "/api/paiements/club/2", parameters={}
2026-04-10T10:31:59.258+02:00 DEBUG 31076 --- [nio-8081-exec-9] s.w.s.m.m.a.RequestMappingHandlerMapping : Mapped to club.taekwondo.controller.jpa.PaiementController#getPaiementsByClub(Long)
2026-04-10T10:31:59.259+02:00 DEBUG 31076 --- [nio-8081-exec-9] org.hibernate.SQL                        : select p1_0.id,p1_0.admin_responsable,p1_0.charge_id,p1_0.club_id,p1_0.commande_id,p1_0.date_annulation,p1_0.date_paiement,p1_0.echeances_restantes,p1_0.echeances_totales,p1_0.membre_id,p1_0.mode_paiement,p1_0.montant_paye,p1_0.montant_restant,p1_0.montant_total,p1_0.motif_annulation,p1_0.payment_intent_id,p1_0.receipt_url,p1_0.statut,p1_0.stripe_status,p1_0.type,p1_0.utilisateur_id from paiement p1_0 left join commande c1_0 on c1_0.id=p1_0.commande_id left join membre m1_0 on m1_0.id=p1_0.membre_id left join utilisateur u1_0 on u1_0.id=p1_0.utilisateur_id where (p1_0.commande_id is not null and c1_0.club_id=?) or (p1_0.membre_id is not null and m1_0.club_id=?) or (p1_0.utilisateur_id is not null and u1_0.club_id=?)
Hibernate: select p1_0.id,p1_0.admin_responsable,p1_0.charge_id,p1_0.club_id,p1_0.commande_id,p1_0.date_annulation,p1_0.date_paiement,p1_0.echeances_restantes,p1_0.echeances_totales,p1_0.membre_id,p1_0.mode_paiement,p1_0.montant_paye,p1_0.montant_restant,p1_0.montant_total,p1_0.motif_annulation,p1_0.payment_intent_id,p1_0.receipt_url,p1_0.statut,p1_0.stripe_status,p1_0.type,p1_0.utilisateur_id from paiement p1_0 left join commande c1_0 on c1_0.id=p1_0.commande_id left join membre m1_0 on m1_0.id=p1_0.membre_id left join utilisateur u1_0 on u1_0.id=p1_0.utilisateur_id where (p1_0.commande_id is not null and c1_0.club_id=?) or (p1_0.membre_id is not null and m1_0.club_id=?) or (p1_0.utilisateur_id is not null and u1_0.club_id=?)
2026-04-10T10:31:59.260+02:00 DEBUG 31076 --- [nio-8081-exec-9] o.s.w.s.m.m.a.HttpEntityMethodProcessor  : Using 'application/json', given [*/*] and supported [application/json, application/*+json]
2026-04-10T10:31:59.260+02:00 DEBUG 31076 --- [nio-8081-exec-9] o.s.w.s.m.m.a.HttpEntityMethodProcessor  : Writing [[]]
2026-04-10T10:31:59.262+02:00 DEBUG 31076 --- [nio-8081-exec-9] o.s.web.servlet.DispatcherServlet        : Completed 200 OK
2026-04-10T10:31:59.282+02:00 DEBUG 31076 --- [nio-8081-exec-8] o.s.security.web.FilterChainProxy        : Securing GET /api/paiements/dashboard
2026-04-10T10:31:59.282+02:00 DEBUG 31076 --- [nio-8081-exec-8] club.taekwondo.config.JwtAuthFilter      : [SEC] GET /api/paiements/dashboard
2026-04-10T10:31:59.283+02:00 DEBUG 31076 --- [nio-8081-exec-8] club.taekwondo.config.JwtAuthFilter      : [SEC] Header Authorization: Bearer eyJhbGciOiJIUzI1NiJ9.eyJzdWIiOiJhbGl6ZWUuZ3VleWVAZ21haWwuY29tIiwicm9sZSI6Ik1FTUJSRSIsInV0aWxpc2F0ZXVySWQiOjksIm1lbWJyZUlkIjo1LCJpYXQiOjE3NzU4MDk5MTksImV4cCI6MTc3NTg5NjMxOX0.3ADU0FbTnk7k8q8kAeDRUoQtaeh_I3ACebvBouY_AYw
2026-04-10T10:31:59.283+02:00 DEBUG 31076 --- [nio-8081-exec-8] club.taekwondo.config.JwtAuthFilter      : [SEC] Bearer présent (len=216)
2026-04-10T10:31:59.285+02:00 DEBUG 31076 --- [nio-8081-exec-8] club.taekwondo.config.JwtAuthFilter      : [SEC] email extrait du JWT = alizee.gueye@gmail.com
2026-04-10T10:31:59.285+02:00 DEBUG 31076 --- [nio-8081-exec-8] club.taekwondo.config.JwtAuthFilter      : [SEC] rôle extrait du JWT = MEMBRE
[2026-04-10T10:31:59.286500600+02:00][USR-SVC][getUtilisateurEntityByEmail] in email=alizee.gueye@gmail.com -> normalized=alizee.gueye@gmail.com
2026-04-10T10:31:59.287+02:00 DEBUG 31076 --- [nio-8081-exec-8] org.hibernate.SQL                        : select u1_0.id,u1_0.adresse,u1_0.club_id,u1_0.date_naissance,u1_0.email,u1_0.nom,u1_0.password,u1_0.password_temporaire,u1_0.password_updated_at,u1_0.prenom,u1_0.role,u1_0.telephone from utilisateur u1_0 where upper(u1_0.email)=upper(?)
Hibernate: select u1_0.id,u1_0.adresse,u1_0.club_id,u1_0.date_naissance,u1_0.email,u1_0.nom,u1_0.password,u1_0.password_temporaire,u1_0.password_updated_at,u1_0.prenom,u1_0.role,u1_0.telephone from utilisateur u1_0 where upper(u1_0.email)=upper(?)
2026-04-10T10:31:59.288+02:00 DEBUG 31076 --- [nio-8081-exec-8] org.hibernate.SQL                        : select c1_0.id,c1_0.adresse,c1_0.email,c1_0.logo,c1_0.name,c1_0.telephone from clubs c1_0 where c1_0.id=?
Hibernate: select c1_0.id,c1_0.adresse,c1_0.email,c1_0.logo,c1_0.name,c1_0.telephone from clubs c1_0 where c1_0.id=?
2026-04-10T10:31:59.289+02:00 DEBUG 31076 --- [nio-8081-exec-8] org.hibernate.SQL                        : select m1_0.id,m1_0.ceinture,m1_0.club_id,cu1_0.id,cu1_0.adresse,c2_0.id,c2_0.adresse,c2_0.email,c2_0.logo,c2_0.name,c2_0.telephone,cu1_0.date_naissance,cu1_0.email,cu1_0.nom,cu1_0.password,cu1_0.password_temporaire,cu1_0.password_updated_at,cu1_0.prenom,cu1_0.role,cu1_0.telephone,m1_0.date_naissance,m1_0.est_adulte,m1_0.nom,m1_0.numero_licence,m1_0.parent_id,m1_0.prenom from membre m1_0 left join utilisateur cu1_0 on cu1_0.id=m1_0.compte_utilisateur_id left join clubs c2_0 on c2_0.id=cu1_0.club_id where m1_0.compte_utilisateur_id=?
Hibernate: select m1_0.id,m1_0.ceinture,m1_0.club_id,cu1_0.id,cu1_0.adresse,c2_0.id,c2_0.adresse,c2_0.email,c2_0.logo,c2_0.name,c2_0.telephone,cu1_0.date_naissance,cu1_0.email,cu1_0.nom,cu1_0.password,cu1_0.password_temporaire,cu1_0.password_updated_at,cu1_0.prenom,cu1_0.role,cu1_0.telephone,m1_0.date_naissance,m1_0.est_adulte,m1_0.nom,m1_0.numero_licence,m1_0.parent_id,m1_0.prenom from membre m1_0 left join utilisateur cu1_0 on cu1_0.id=m1_0.compte_utilisateur_id left join clubs c2_0 on c2_0.id=cu1_0.club_id where m1_0.compte_utilisateur_id=?
[2026-04-10T10:31:59.290551800+02:00][USR-SVC][getUtilisateurEntityByEmail] present? true
2026-04-10T10:31:59.290+02:00 DEBUG 31076 --- [nio-8081-exec-8] club.taekwondo.config.JwtAuthFilter      : [SEC] Utilisateur trouvé: Alizee Gueye
2026-04-10T10:31:59.290+02:00 DEBUG 31076 --- [nio-8081-exec-8] club.taekwondo.config.JwtAuthFilter      : [SEC] rôle BDD normalisé = MEMBRE
2026-04-10T10:31:59.290+02:00 DEBUG 31076 --- [nio-8081-exec-8] club.taekwondo.config.JwtAuthFilter      : [SEC] Auth OK: user=alizee.gueye@gmail.com authorities=[ROLE_MEMBRE]
2026-04-10T10:31:59.291+02:00 DEBUG 31076 --- [nio-8081-exec-8] o.s.security.web.FilterChainProxy        : Secured GET /api/paiements/dashboard
2026-04-10T10:31:59.292+02:00 DEBUG 31076 --- [nio-8081-exec-8] o.s.web.servlet.DispatcherServlet        : GET "/api/paiements/dashboard", parameters={}
2026-04-10T10:31:59.292+02:00 DEBUG 31076 --- [nio-8081-exec-8] s.w.s.m.m.a.RequestMappingHandlerMapping : Mapped to club.taekwondo.controller.jpa.PaiementController#getDashboardStats()
2026-04-10T10:31:59.292+02:00 DEBUG 31076 --- [nio-8081-exec-8] org.hibernate.SQL                        : select p1_0.id,p1_0.admin_responsable,p1_0.charge_id,p1_0.club_id,p1_0.commande_id,p1_0.date_annulation,p1_0.date_paiement,p1_0.echeances_restantes,p1_0.echeances_totales,p1_0.membre_id,p1_0.mode_paiement,p1_0.montant_paye,p1_0.montant_restant,p1_0.montant_total,p1_0.motif_annulation,p1_0.payment_intent_id,p1_0.receipt_url,p1_0.statut,p1_0.stripe_status,p1_0.type,p1_0.utilisateur_id from paiement p1_0
Hibernate: select p1_0.id,p1_0.admin_responsable,p1_0.charge_id,p1_0.club_id,p1_0.commande_id,p1_0.date_annulation,p1_0.date_paiement,p1_0.echeances_restantes,p1_0.echeances_totales,p1_0.membre_id,p1_0.mode_paiement,p1_0.montant_paye,p1_0.montant_restant,p1_0.montant_total,p1_0.motif_annulation,p1_0.payment_intent_id,p1_0.receipt_url,p1_0.statut,p1_0.stripe_status,p1_0.type,p1_0.utilisateur_id from paiement p1_0
2026-04-10T10:31:59.295+02:00 DEBUG 31076 --- [nio-8081-exec-8] org.hibernate.SQL                        : select e1_0.paiement_id,e1_0.id,e1_0.date_echeance,e1_0.date_paiement_reel,e1_0.mode_paiement,e1_0.montant,e1_0.numero,e1_0.reference,e1_0.statut from echeance e1_0 where e1_0.paiement_id=? order by e1_0.numero,e1_0.date_echeance
Hibernate: select e1_0.paiement_id,e1_0.id,e1_0.date_echeance,e1_0.date_paiement_reel,e1_0.mode_paiement,e1_0.montant,e1_0.numero,e1_0.reference,e1_0.statut from echeance e1_0 where e1_0.paiement_id=? order by e1_0.numero,e1_0.date_echeance
2026-04-10T10:31:59.296+02:00 DEBUG 31076 --- [nio-8081-exec-8] org.hibernate.SQL                        : select e1_0.paiement_id,e1_0.id,e1_0.date_echeance,e1_0.date_paiement_reel,e1_0.mode_paiement,e1_0.montant,e1_0.numero,e1_0.reference,e1_0.statut from echeance e1_0 where e1_0.paiement_id=? order by e1_0.numero,e1_0.date_echeance
Hibernate: select e1_0.paiement_id,e1_0.id,e1_0.date_echeance,e1_0.date_paiement_reel,e1_0.mode_paiement,e1_0.montant,e1_0.numero,e1_0.reference,e1_0.statut from echeance e1_0 where e1_0.paiement_id=? order by e1_0.numero,e1_0.date_echeance
2026-04-10T10:31:59.297+02:00 DEBUG 31076 --- [nio-8081-exec-8] org.hibernate.SQL                        : select e1_0.paiement_id,e1_0.id,e1_0.date_echeance,e1_0.date_paiement_reel,e1_0.mode_paiement,e1_0.montant,e1_0.numero,e1_0.reference,e1_0.statut from echeance e1_0 where e1_0.paiement_id=? order by e1_0.numero,e1_0.date_echeance
Hibernate: select e1_0.paiement_id,e1_0.id,e1_0.date_echeance,e1_0.date_paiement_reel,e1_0.mode_paiement,e1_0.montant,e1_0.numero,e1_0.reference,e1_0.statut from echeance e1_0 where e1_0.paiement_id=? order by e1_0.numero,e1_0.date_echeance
2026-04-10T10:31:59.298+02:00 DEBUG 31076 --- [nio-8081-exec-8] org.hibernate.SQL                        : select e1_0.paiement_id,e1_0.id,e1_0.date_echeance,e1_0.date_paiement_reel,e1_0.mode_paiement,e1_0.montant,e1_0.numero,e1_0.reference,e1_0.statut from echeance e1_0 where e1_0.paiement_id=? order by e1_0.numero,e1_0.date_echeance
Hibernate: select e1_0.paiement_id,e1_0.id,e1_0.date_echeance,e1_0.date_paiement_reel,e1_0.mode_paiement,e1_0.montant,e1_0.numero,e1_0.reference,e1_0.statut from echeance e1_0 where e1_0.paiement_id=? order by e1_0.numero,e1_0.date_echeance
2026-04-10T10:31:59.302+02:00 DEBUG 31076 --- [nio-8081-exec-8] org.hibernate.SQL                        : select coalesce(sum(p1_0.montant_total),0) from paiement p1_0 where p1_0.date_paiement between ? and ?
Hibernate: select coalesce(sum(p1_0.montant_total),0) from paiement p1_0 where p1_0.date_paiement between ? and ?
2026-04-10T10:31:59.305+02:00 DEBUG 31076 --- [nio-8081-exec-8] org.hibernate.SQL                        : select coalesce(sum(p1_0.montant_total),0) from paiement p1_0 where lower(p1_0.statut)=lower(?) and p1_0.date_paiement between ? and ?
Hibernate: select coalesce(sum(p1_0.montant_total),0) from paiement p1_0 where lower(p1_0.statut)=lower(?) and p1_0.date_paiement between ? and ?
2026-04-10T10:31:59.310+02:00 DEBUG 31076 --- [nio-8081-exec-8] org.hibernate.SQL                        : select p1_0.date_paiement,coalesce(sum(p1_0.montant_total),0) from paiement p1_0 where p1_0.date_paiement between ? and ? group by p1_0.date_paiement order by p1_0.date_paiement
Hibernate: select p1_0.date_paiement,coalesce(sum(p1_0.montant_total),0) from paiement p1_0 where p1_0.date_paiement between ? and ? group by p1_0.date_paiement order by p1_0.date_paiement
2026-04-10T10:31:59.317+02:00 DEBUG 31076 --- [nio-8081-exec-8] org.hibernate.SQL                        : select e1_0.id,e1_0.date_echeance,e1_0.date_paiement_reel,e1_0.mode_paiement,e1_0.montant,e1_0.numero,e1_0.paiement_id,p1_0.id,p1_0.admin_responsable,p1_0.charge_id,p1_0.club_id,p1_0.commande_id,p1_0.date_annulation,p1_0.date_paiement,p1_0.echeances_restantes,p1_0.echeances_totales,p1_0.membre_id,m1_0.id,m1_0.ceinture,m1_0.club_id,m1_0.compte_utilisateur_id,m1_0.date_naissance,m1_0.est_adulte,m1_0.nom,m1_0.numero_licence,m1_0.parent_id,m1_0.prenom,p1_0.mode_paiement,p1_0.montant_paye,p1_0.montant_restant,p1_0.montant_total,p1_0.motif_annulation,p1_0.payment_intent_id,p1_0.receipt_url,p1_0.statut,p1_0.stripe_status,p1_0.type,p1_0.utilisateur_id,u1_0.id,u1_0.adresse,u1_0.club_id,u1_0.date_naissance,u1_0.email,u1_0.nom,u1_0.password,u1_0.password_temporaire,u1_0.password_updated_at,u1_0.prenom,u1_0.role,u1_0.telephone,e1_0.reference,e1_0.statut from echeance e1_0 join paiement p1_0 on p1_0.id=e1_0.paiement_id left join membre m1_0 on m1_0.id=p1_0.membre_id left join utilisateur u1_0 on u1_0.id=p1_0.utilisateur_id where e1_0.statut=? and e1_0.date_echeance<?
Hibernate: select e1_0.id,e1_0.date_echeance,e1_0.date_paiement_reel,e1_0.mode_paiement,e1_0.montant,e1_0.numero,e1_0.paiement_id,p1_0.id,p1_0.admin_responsable,p1_0.charge_id,p1_0.club_id,p1_0.commande_id,p1_0.date_annulation,p1_0.date_paiement,p1_0.echeances_restantes,p1_0.echeances_totales,p1_0.membre_id,m1_0.id,m1_0.ceinture,m1_0.club_id,m1_0.compte_utilisateur_id,m1_0.date_naissance,m1_0.est_adulte,m1_0.nom,m1_0.numero_licence,m1_0.parent_id,m1_0.prenom,p1_0.mode_paiement,p1_0.montant_paye,p1_0.montant_restant,p1_0.montant_total,p1_0.motif_annulation,p1_0.payment_intent_id,p1_0.receipt_url,p1_0.statut,p1_0.stripe_status,p1_0.type,p1_0.utilisateur_id,u1_0.id,u1_0.adresse,u1_0.club_id,u1_0.date_naissance,u1_0.email,u1_0.nom,u1_0.password,u1_0.password_temporaire,u1_0.password_updated_at,u1_0.prenom,u1_0.role,u1_0.telephone,e1_0.reference,e1_0.statut from echeance e1_0 join paiement p1_0 on p1_0.id=e1_0.paiement_id left join membre m1_0 on m1_0.id=p1_0.membre_id left join utilisateur u1_0 on u1_0.id=p1_0.utilisateur_id where e1_0.statut=? and e1_0.date_echeance<?
2026-04-10T10:31:59.319+02:00 DEBUG 31076 --- [nio-8081-exec-8] org.hibernate.SQL                        : select m1_0.id,m1_0.ceinture,m1_0.club_id,cu1_0.id,cu1_0.adresse,c2_0.id,c2_0.adresse,c2_0.email,c2_0.logo,c2_0.name,c2_0.telephone,cu1_0.date_naissance,cu1_0.email,cu1_0.nom,cu1_0.password,cu1_0.password_temporaire,cu1_0.password_updated_at,cu1_0.prenom,cu1_0.role,cu1_0.telephone,m1_0.date_naissance,m1_0.est_adulte,m1_0.nom,m1_0.numero_licence,m1_0.parent_id,m1_0.prenom from membre m1_0 left join utilisateur cu1_0 on cu1_0.id=m1_0.compte_utilisateur_id left join clubs c2_0 on c2_0.id=cu1_0.club_id where m1_0.compte_utilisateur_id=?
Hibernate: select m1_0.id,m1_0.ceinture,m1_0.club_id,cu1_0.id,cu1_0.adresse,c2_0.id,c2_0.adresse,c2_0.email,c2_0.logo,c2_0.name,c2_0.telephone,cu1_0.date_naissance,cu1_0.email,cu1_0.nom,cu1_0.password,cu1_0.password_temporaire,cu1_0.password_updated_at,cu1_0.prenom,cu1_0.role,cu1_0.telephone,m1_0.date_naissance,m1_0.est_adulte,m1_0.nom,m1_0.numero_licence,m1_0.parent_id,m1_0.prenom from membre m1_0 left join utilisateur cu1_0 on cu1_0.id=m1_0.compte_utilisateur_id left join clubs c2_0 on c2_0.id=cu1_0.club_id where m1_0.compte_utilisateur_id=?
2026-04-10T10:31:59.331+02:00 DEBUG 31076 --- [nio-8081-exec-8] o.s.w.s.m.m.a.HttpEntityMethodProcessor  : Using 'application/json', given [*/*] and supported [application/json, application/*+json]
2026-04-10T10:31:59.336+02:00 DEBUG 31076 --- [nio-8081-exec-8] o.s.w.s.m.m.a.HttpEntityMethodProcessor  : Writing [DashboardStatsDTO[totalPayes=258.33, totalAttente=141.67000000000002, totalAnnules=0.0, pourcentageP (truncated)...]
2026-04-10T10:31:59.340+02:00 DEBUG 31076 --- [nio-8081-exec-8] o.s.web.servlet.DispatcherServlet        : Completed 200 OK
2026-04-10T10:31:59.358+02:00 DEBUG 31076 --- [io-8081-exec-10] o.s.security.web.FilterChainProxy        : Securing GET /api/documents/membre/1
2026-04-10T10:31:59.358+02:00 DEBUG 31076 --- [io-8081-exec-10] club.taekwondo.config.JwtAuthFilter      : [SEC] GET /api/documents/membre/1
2026-04-10T10:31:59.359+02:00 DEBUG 31076 --- [io-8081-exec-10] club.taekwondo.config.JwtAuthFilter      : [SEC] Header Authorization: Bearer eyJhbGciOiJIUzI1NiJ9.eyJzdWIiOiJhbGl6ZWUuZ3VleWVAZ21haWwuY29tIiwicm9sZSI6Ik1FTUJSRSIsInV0aWxpc2F0ZXVySWQiOjksIm1lbWJyZUlkIjo1LCJpYXQiOjE3NzU4MDk5MTksImV4cCI6MTc3NTg5NjMxOX0.3ADU0FbTnk7k8q8kAeDRUoQtaeh_I3ACebvBouY_AYw
2026-04-10T10:31:59.359+02:00 DEBUG 31076 --- [io-8081-exec-10] club.taekwondo.config.JwtAuthFilter      : [SEC] Bearer présent (len=216)
2026-04-10T10:31:59.360+02:00 DEBUG 31076 --- [io-8081-exec-10] club.taekwondo.config.JwtAuthFilter      : [SEC] email extrait du JWT = alizee.gueye@gmail.com
2026-04-10T10:31:59.360+02:00 DEBUG 31076 --- [io-8081-exec-10] club.taekwondo.config.JwtAuthFilter      : [SEC] rôle extrait du JWT = MEMBRE
[2026-04-10T10:31:59.362335600+02:00][USR-SVC][getUtilisateurEntityByEmail] in email=alizee.gueye@gmail.com -> normalized=alizee.gueye@gmail.com
2026-04-10T10:31:59.363+02:00 DEBUG 31076 --- [io-8081-exec-10] org.hibernate.SQL                        : select u1_0.id,u1_0.adresse,u1_0.club_id,u1_0.date_naissance,u1_0.email,u1_0.nom,u1_0.password,u1_0.password_temporaire,u1_0.password_updated_at,u1_0.prenom,u1_0.role,u1_0.telephone from utilisateur u1_0 where upper(u1_0.email)=upper(?)
Hibernate: select u1_0.id,u1_0.adresse,u1_0.club_id,u1_0.date_naissance,u1_0.email,u1_0.nom,u1_0.password,u1_0.password_temporaire,u1_0.password_updated_at,u1_0.prenom,u1_0.role,u1_0.telephone from utilisateur u1_0 where upper(u1_0.email)=upper(?)
2026-04-10T10:31:59.363+02:00 DEBUG 31076 --- [io-8081-exec-10] org.hibernate.SQL                        : select c1_0.id,c1_0.adresse,c1_0.email,c1_0.logo,c1_0.name,c1_0.telephone from clubs c1_0 where c1_0.id=?
Hibernate: select c1_0.id,c1_0.adresse,c1_0.email,c1_0.logo,c1_0.name,c1_0.telephone from clubs c1_0 where c1_0.id=?
2026-04-10T10:31:59.364+02:00 DEBUG 31076 --- [io-8081-exec-10] org.hibernate.SQL                        : select m1_0.id,m1_0.ceinture,m1_0.club_id,cu1_0.id,cu1_0.adresse,c2_0.id,c2_0.adresse,c2_0.email,c2_0.logo,c2_0.name,c2_0.telephone,cu1_0.date_naissance,cu1_0.email,cu1_0.nom,cu1_0.password,cu1_0.password_temporaire,cu1_0.password_updated_at,cu1_0.prenom,cu1_0.role,cu1_0.telephone,m1_0.date_naissance,m1_0.est_adulte,m1_0.nom,m1_0.numero_licence,m1_0.parent_id,m1_0.prenom from membre m1_0 left join utilisateur cu1_0 on cu1_0.id=m1_0.compte_utilisateur_id left join clubs c2_0 on c2_0.id=cu1_0.club_id where m1_0.compte_utilisateur_id=?
Hibernate: select m1_0.id,m1_0.ceinture,m1_0.club_id,cu1_0.id,cu1_0.adresse,c2_0.id,c2_0.adresse,c2_0.email,c2_0.logo,c2_0.name,c2_0.telephone,cu1_0.date_naissance,cu1_0.email,cu1_0.nom,cu1_0.password,cu1_0.password_temporaire,cu1_0.password_updated_at,cu1_0.prenom,cu1_0.role,cu1_0.telephone,m1_0.date_naissance,m1_0.est_adulte,m1_0.nom,m1_0.numero_licence,m1_0.parent_id,m1_0.prenom from membre m1_0 left join utilisateur cu1_0 on cu1_0.id=m1_0.compte_utilisateur_id left join clubs c2_0 on c2_0.id=cu1_0.club_id where m1_0.compte_utilisateur_id=?
[2026-04-10T10:31:59.365334200+02:00][USR-SVC][getUtilisateurEntityByEmail] present? true
2026-04-10T10:31:59.365+02:00 DEBUG 31076 --- [io-8081-exec-10] club.taekwondo.config.JwtAuthFilter      : [SEC] Utilisateur trouvé: Alizee Gueye
2026-04-10T10:31:59.365+02:00 DEBUG 31076 --- [io-8081-exec-10] club.taekwondo.config.JwtAuthFilter      : [SEC] rôle BDD normalisé = MEMBRE
2026-04-10T10:31:59.366+02:00 DEBUG 31076 --- [io-8081-exec-10] club.taekwondo.config.JwtAuthFilter      : [SEC] Auth OK: user=alizee.gueye@gmail.com authorities=[ROLE_MEMBRE]
2026-04-10T10:31:59.366+02:00 DEBUG 31076 --- [io-8081-exec-10] o.s.security.web.FilterChainProxy        : Secured GET /api/documents/membre/1
2026-04-10T10:31:59.366+02:00 DEBUG 31076 --- [io-8081-exec-10] o.s.web.servlet.DispatcherServlet        : GET "/api/documents/membre/1", parameters={}
2026-04-10T10:31:59.367+02:00 DEBUG 31076 --- [io-8081-exec-10] s.w.s.m.m.a.RequestMappingHandlerMapping : Mapped to club.taekwondo.controller.jpa.DocumentController#getDocumentsByMembre(Long)
R�cup�ration des documents pour le membre avec ID: 1
R�cup�ration des documents pour le membre ID: 1
2026-04-10T10:31:59.368+02:00 DEBUG 31076 --- [io-8081-exec-10] org.hibernate.SQL                        : select d1_0.id,d1_0.chemin_fichier,d1_0.date_depot,d1_0.description,d1_0.membre_id,d1_0.nom_document,d1_0.status,d1_0.type_document,d1_0.utilisateur_id from document d1_0 where d1_0.membre_id=?
Hibernate: select d1_0.id,d1_0.chemin_fichier,d1_0.date_depot,d1_0.description,d1_0.membre_id,d1_0.nom_document,d1_0.status,d1_0.type_document,d1_0.utilisateur_id from document d1_0 where d1_0.membre_id=?
Conversion du document ID: 1 en DTO...
2026-04-10T10:31:59.368+02:00 DEBUG 31076 --- [io-8081-exec-10] org.hibernate.SQL                        : select u1_0.id,u1_0.adresse,c1_0.id,c1_0.adresse,c1_0.email,c1_0.logo,c1_0.name,c1_0.telephone,u1_0.date_naissance,u1_0.email,m1_0.id,m1_0.ceinture,m1_0.club_id,m1_0.date_naissance,m1_0.est_adulte,m1_0.nom,m1_0.numero_licence,m1_0.parent_id,m1_0.prenom,u1_0.nom,u1_0.password,u1_0.password_temporaire,u1_0.password_updated_at,u1_0.prenom,u1_0.role,u1_0.telephone from utilisateur u1_0 left join clubs c1_0 on c1_0.id=u1_0.club_id left join membre m1_0 on u1_0.id=m1_0.compte_utilisateur_id where u1_0.id=?
Hibernate: select u1_0.id,u1_0.adresse,c1_0.id,c1_0.adresse,c1_0.email,c1_0.logo,c1_0.name,c1_0.telephone,u1_0.date_naissance,u1_0.email,m1_0.id,m1_0.ceinture,m1_0.club_id,m1_0.date_naissance,m1_0.est_adulte,m1_0.nom,m1_0.numero_licence,m1_0.parent_id,m1_0.prenom,u1_0.nom,u1_0.password,u1_0.password_temporaire,u1_0.password_updated_at,u1_0.prenom,u1_0.role,u1_0.telephone from utilisateur u1_0 left join clubs c1_0 on c1_0.id=u1_0.club_id left join membre m1_0 on u1_0.id=m1_0.compte_utilisateur_id where u1_0.id=?
2026-04-10T10:31:59.370+02:00 DEBUG 31076 --- [io-8081-exec-10] org.hibernate.SQL                        : select m1_0.id,m1_0.ceinture,m1_0.club_id,cu1_0.id,cu1_0.adresse,c2_0.id,c2_0.adresse,c2_0.email,c2_0.logo,c2_0.name,c2_0.telephone,cu1_0.date_naissance,cu1_0.email,cu1_0.nom,cu1_0.password,cu1_0.password_temporaire,cu1_0.password_updated_at,cu1_0.prenom,cu1_0.role,cu1_0.telephone,m1_0.date_naissance,m1_0.est_adulte,m1_0.nom,m1_0.numero_licence,m1_0.parent_id,m1_0.prenom from membre m1_0 left join utilisateur cu1_0 on cu1_0.id=m1_0.compte_utilisateur_id left join clubs c2_0 on c2_0.id=cu1_0.club_id where m1_0.id=?
Hibernate: select m1_0.id,m1_0.ceinture,m1_0.club_id,cu1_0.id,cu1_0.adresse,c2_0.id,c2_0.adresse,c2_0.email,c2_0.logo,c2_0.name,c2_0.telephone,cu1_0.date_naissance,cu1_0.email,cu1_0.nom,cu1_0.password,cu1_0.password_temporaire,cu1_0.password_updated_at,cu1_0.prenom,cu1_0.role,cu1_0.telephone,m1_0.date_naissance,m1_0.est_adulte,m1_0.nom,m1_0.numero_licence,m1_0.parent_id,m1_0.prenom from membre m1_0 left join utilisateur cu1_0 on cu1_0.id=m1_0.compte_utilisateur_id left join clubs c2_0 on c2_0.id=cu1_0.club_id where m1_0.id=?
Conversion du document ID: 5 en DTO...
Documents trouv�s: 2
Documents trouv�s pour le membre: 2
2026-04-10T10:31:59.372+02:00 DEBUG 31076 --- [io-8081-exec-10] o.s.w.s.m.m.a.HttpEntityMethodProcessor  : Using 'application/json', given [*/*] and supported [application/json, application/*+json]
2026-04-10T10:31:59.372+02:00 DEBUG 31076 --- [io-8081-exec-10] o.s.w.s.m.m.a.HttpEntityMethodProcessor  : Writing [[club.taekwondo.dto.DocumentDTO@fdedcf8, club.taekwondo.dto.DocumentDTO@6d9aa465]]
2026-04-10T10:31:59.373+02:00 DEBUG 31076 --- [io-8081-exec-10] o.s.web.servlet.DispatcherServlet        : Completed 200 OK
2026-04-10T10:31:59.389+02:00 DEBUG 31076 --- [nio-8081-exec-1] o.s.security.web.FilterChainProxy        : Securing GET /api/documents/en-attente
2026-04-10T10:31:59.391+02:00 DEBUG 31076 --- [nio-8081-exec-1] club.taekwondo.config.JwtAuthFilter      : [SEC] GET /api/documents/en-attente
2026-04-10T10:31:59.391+02:00 DEBUG 31076 --- [nio-8081-exec-1] club.taekwondo.config.JwtAuthFilter      : [SEC] Header Authorization: Bearer eyJhbGciOiJIUzI1NiJ9.eyJzdWIiOiJhbGl6ZWUuZ3VleWVAZ21haWwuY29tIiwicm9sZSI6Ik1FTUJSRSIsInV0aWxpc2F0ZXVySWQiOjksIm1lbWJyZUlkIjo1LCJpYXQiOjE3NzU4MDk5MTksImV4cCI6MTc3NTg5NjMxOX0.3ADU0FbTnk7k8q8kAeDRUoQtaeh_I3ACebvBouY_AYw
2026-04-10T10:31:59.391+02:00 DEBUG 31076 --- [nio-8081-exec-1] club.taekwondo.config.JwtAuthFilter      : [SEC] Bearer présent (len=216)
2026-04-10T10:31:59.393+02:00 DEBUG 31076 --- [nio-8081-exec-1] club.taekwondo.config.JwtAuthFilter      : [SEC] email extrait du JWT = alizee.gueye@gmail.com
2026-04-10T10:31:59.393+02:00 DEBUG 31076 --- [nio-8081-exec-1] club.taekwondo.config.JwtAuthFilter      : [SEC] rôle extrait du JWT = MEMBRE
[2026-04-10T10:31:59.396556400+02:00][USR-SVC][getUtilisateurEntityByEmail] in email=alizee.gueye@gmail.com -> normalized=alizee.gueye@gmail.com
2026-04-10T10:31:59.397+02:00 DEBUG 31076 --- [nio-8081-exec-1] org.hibernate.SQL                        : select u1_0.id,u1_0.adresse,u1_0.club_id,u1_0.date_naissance,u1_0.email,u1_0.nom,u1_0.password,u1_0.password_temporaire,u1_0.password_updated_at,u1_0.prenom,u1_0.role,u1_0.telephone from utilisateur u1_0 where upper(u1_0.email)=upper(?)
Hibernate: select u1_0.id,u1_0.adresse,u1_0.club_id,u1_0.date_naissance,u1_0.email,u1_0.nom,u1_0.password,u1_0.password_temporaire,u1_0.password_updated_at,u1_0.prenom,u1_0.role,u1_0.telephone from utilisateur u1_0 where upper(u1_0.email)=upper(?)
2026-04-10T10:31:59.398+02:00 DEBUG 31076 --- [nio-8081-exec-1] org.hibernate.SQL                        : select c1_0.id,c1_0.adresse,c1_0.email,c1_0.logo,c1_0.name,c1_0.telephone from clubs c1_0 where c1_0.id=?
Hibernate: select c1_0.id,c1_0.adresse,c1_0.email,c1_0.logo,c1_0.name,c1_0.telephone from clubs c1_0 where c1_0.id=?
2026-04-10T10:31:59.398+02:00 DEBUG 31076 --- [nio-8081-exec-1] org.hibernate.SQL                        : select m1_0.id,m1_0.ceinture,m1_0.club_id,cu1_0.id,cu1_0.adresse,c2_0.id,c2_0.adresse,c2_0.email,c2_0.logo,c2_0.name,c2_0.telephone,cu1_0.date_naissance,cu1_0.email,cu1_0.nom,cu1_0.password,cu1_0.password_temporaire,cu1_0.password_updated_at,cu1_0.prenom,cu1_0.role,cu1_0.telephone,m1_0.date_naissance,m1_0.est_adulte,m1_0.nom,m1_0.numero_licence,m1_0.parent_id,m1_0.prenom from membre m1_0 left join utilisateur cu1_0 on cu1_0.id=m1_0.compte_utilisateur_id left join clubs c2_0 on c2_0.id=cu1_0.club_id where m1_0.compte_utilisateur_id=?
Hibernate: select m1_0.id,m1_0.ceinture,m1_0.club_id,cu1_0.id,cu1_0.adresse,c2_0.id,c2_0.adresse,c2_0.email,c2_0.logo,c2_0.name,c2_0.telephone,cu1_0.date_naissance,cu1_0.email,cu1_0.nom,cu1_0.password,cu1_0.password_temporaire,cu1_0.password_updated_at,cu1_0.prenom,cu1_0.role,cu1_0.telephone,m1_0.date_naissance,m1_0.est_adulte,m1_0.nom,m1_0.numero_licence,m1_0.parent_id,m1_0.prenom from membre m1_0 left join utilisateur cu1_0 on cu1_0.id=m1_0.compte_utilisateur_id left join clubs c2_0 on c2_0.id=cu1_0.club_id where m1_0.compte_utilisateur_id=?
[2026-04-10T10:31:59.399254200+02:00][USR-SVC][getUtilisateurEntityByEmail] present? true
2026-04-10T10:31:59.399+02:00 DEBUG 31076 --- [nio-8081-exec-1] club.taekwondo.config.JwtAuthFilter      : [SEC] Utilisateur trouvé: Alizee Gueye
2026-04-10T10:31:59.400+02:00 DEBUG 31076 --- [nio-8081-exec-1] club.taekwondo.config.JwtAuthFilter      : [SEC] rôle BDD normalisé = MEMBRE
2026-04-10T10:31:59.400+02:00 DEBUG 31076 --- [nio-8081-exec-1] club.taekwondo.config.JwtAuthFilter      : [SEC] Auth OK: user=alizee.gueye@gmail.com authorities=[ROLE_MEMBRE]
2026-04-10T10:31:59.400+02:00 DEBUG 31076 --- [nio-8081-exec-1] o.s.security.web.FilterChainProxy        : Secured GET /api/documents/en-attente
2026-04-10T10:31:59.400+02:00 DEBUG 31076 --- [nio-8081-exec-1] o.s.web.servlet.DispatcherServlet        : GET "/api/documents/en-attente", parameters={}
2026-04-10T10:31:59.400+02:00 DEBUG 31076 --- [nio-8081-exec-1] s.w.s.m.m.a.RequestMappingHandlerMapping : Mapped to club.taekwondo.controller.jpa.DocumentController#getDocumentsEnAttente()
R�cup�ration des documents en attente...
R�cup�ration des documents avec le statut: en attente
2026-04-10T10:31:59.401+02:00 DEBUG 31076 --- [nio-8081-exec-1] org.hibernate.SQL                        : select d1_0.id,d1_0.chemin_fichier,d1_0.date_depot,d1_0.description,d1_0.membre_id,d1_0.nom_document,d1_0.status,d1_0.type_document,d1_0.utilisateur_id from document d1_0 where d1_0.status=?
Hibernate: select d1_0.id,d1_0.chemin_fichier,d1_0.date_depot,d1_0.description,d1_0.membre_id,d1_0.nom_document,d1_0.status,d1_0.type_document,d1_0.utilisateur_id from document d1_0 where d1_0.status=?
Conversion du document ID: 5 en DTO...
2026-04-10T10:31:59.402+02:00 DEBUG 31076 --- [nio-8081-exec-1] org.hibernate.SQL                        : select u1_0.id,u1_0.adresse,c1_0.id,c1_0.adresse,c1_0.email,c1_0.logo,c1_0.name,c1_0.telephone,u1_0.date_naissance,u1_0.email,m1_0.id,m1_0.ceinture,m1_0.club_id,m1_0.date_naissance,m1_0.est_adulte,m1_0.nom,m1_0.numero_licence,m1_0.parent_id,m1_0.prenom,u1_0.nom,u1_0.password,u1_0.password_temporaire,u1_0.password_updated_at,u1_0.prenom,u1_0.role,u1_0.telephone from utilisateur u1_0 left join clubs c1_0 on c1_0.id=u1_0.club_id left join membre m1_0 on u1_0.id=m1_0.compte_utilisateur_id where u1_0.id=?
Hibernate: select u1_0.id,u1_0.adresse,c1_0.id,c1_0.adresse,c1_0.email,c1_0.logo,c1_0.name,c1_0.telephone,u1_0.date_naissance,u1_0.email,m1_0.id,m1_0.ceinture,m1_0.club_id,m1_0.date_naissance,m1_0.est_adulte,m1_0.nom,m1_0.numero_licence,m1_0.parent_id,m1_0.prenom,u1_0.nom,u1_0.password,u1_0.password_temporaire,u1_0.password_updated_at,u1_0.prenom,u1_0.role,u1_0.telephone from utilisateur u1_0 left join clubs c1_0 on c1_0.id=u1_0.club_id left join membre m1_0 on u1_0.id=m1_0.compte_utilisateur_id where u1_0.id=?
2026-04-10T10:31:59.403+02:00 DEBUG 31076 --- [nio-8081-exec-1] org.hibernate.SQL                        : select m1_0.id,m1_0.ceinture,m1_0.club_id,cu1_0.id,cu1_0.adresse,c2_0.id,c2_0.adresse,c2_0.email,c2_0.logo,c2_0.name,c2_0.telephone,cu1_0.date_naissance,cu1_0.email,cu1_0.nom,cu1_0.password,cu1_0.password_temporaire,cu1_0.password_updated_at,cu1_0.prenom,cu1_0.role,cu1_0.telephone,m1_0.date_naissance,m1_0.est_adulte,m1_0.nom,m1_0.numero_licence,m1_0.parent_id,m1_0.prenom from membre m1_0 left join utilisateur cu1_0 on cu1_0.id=m1_0.compte_utilisateur_id left join clubs c2_0 on c2_0.id=cu1_0.club_id where m1_0.id=?
Hibernate: select m1_0.id,m1_0.ceinture,m1_0.club_id,cu1_0.id,cu1_0.adresse,c2_0.id,c2_0.adresse,c2_0.email,c2_0.logo,c2_0.name,c2_0.telephone,cu1_0.date_naissance,cu1_0.email,cu1_0.nom,cu1_0.password,cu1_0.password_temporaire,cu1_0.password_updated_at,cu1_0.prenom,cu1_0.role,cu1_0.telephone,m1_0.date_naissance,m1_0.est_adulte,m1_0.nom,m1_0.numero_licence,m1_0.parent_id,m1_0.prenom from membre m1_0 left join utilisateur cu1_0 on cu1_0.id=m1_0.compte_utilisateur_id left join clubs c2_0 on c2_0.id=cu1_0.club_id where m1_0.id=?
Documents trouv�s: 1
Documents en attente r�cup�r�s: 1
2026-04-10T10:31:59.405+02:00 DEBUG 31076 --- [nio-8081-exec-1] o.s.w.s.m.m.a.HttpEntityMethodProcessor  : Using 'application/json', given [*/*] and supported [application/json, application/*+json]
2026-04-10T10:31:59.405+02:00 DEBUG 31076 --- [nio-8081-exec-1] o.s.w.s.m.m.a.HttpEntityMethodProcessor  : Writing [[club.taekwondo.dto.DocumentDTO@2826186e]]
2026-04-10T10:31:59.405+02:00 DEBUG 31076 --- [nio-8081-exec-1] o.s.web.servlet.DispatcherServlet        : Completed 200 OK
2026-04-10T10:31:59.423+02:00 DEBUG 31076 --- [nio-8081-exec-2] o.s.security.web.FilterChainProxy        : Securing GET /api/evenements
2026-04-10T10:31:59.423+02:00 DEBUG 31076 --- [nio-8081-exec-2] club.taekwondo.config.JwtAuthFilter      : [SEC] GET /api/evenements
2026-04-10T10:31:59.423+02:00 DEBUG 31076 --- [nio-8081-exec-2] club.taekwondo.config.JwtAuthFilter      : [SEC] Header Authorization: Bearer eyJhbGciOiJIUzI1NiJ9.eyJzdWIiOiJhbGl6ZWUuZ3VleWVAZ21haWwuY29tIiwicm9sZSI6Ik1FTUJSRSIsInV0aWxpc2F0ZXVySWQiOjksIm1lbWJyZUlkIjo1LCJpYXQiOjE3NzU4MDk5MTksImV4cCI6MTc3NTg5NjMxOX0.3ADU0FbTnk7k8q8kAeDRUoQtaeh_I3ACebvBouY_AYw
2026-04-10T10:31:59.423+02:00 DEBUG 31076 --- [nio-8081-exec-2] club.taekwondo.config.JwtAuthFilter      : [SEC] Bearer présent (len=216)
2026-04-10T10:31:59.424+02:00 DEBUG 31076 --- [nio-8081-exec-2] club.taekwondo.config.JwtAuthFilter      : [SEC] email extrait du JWT = alizee.gueye@gmail.com
2026-04-10T10:31:59.424+02:00 DEBUG 31076 --- [nio-8081-exec-2] club.taekwondo.config.JwtAuthFilter      : [SEC] rôle extrait du JWT = MEMBRE
[2026-04-10T10:31:59.426941500+02:00][USR-SVC][getUtilisateurEntityByEmail] in email=alizee.gueye@gmail.com -> normalized=alizee.gueye@gmail.com
2026-04-10T10:31:59.428+02:00 DEBUG 31076 --- [nio-8081-exec-2] org.hibernate.SQL                        : select u1_0.id,u1_0.adresse,u1_0.club_id,u1_0.date_naissance,u1_0.email,u1_0.nom,u1_0.password,u1_0.password_temporaire,u1_0.password_updated_at,u1_0.prenom,u1_0.role,u1_0.telephone from utilisateur u1_0 where upper(u1_0.email)=upper(?)
Hibernate: select u1_0.id,u1_0.adresse,u1_0.club_id,u1_0.date_naissance,u1_0.email,u1_0.nom,u1_0.password,u1_0.password_temporaire,u1_0.password_updated_at,u1_0.prenom,u1_0.role,u1_0.telephone from utilisateur u1_0 where upper(u1_0.email)=upper(?)
2026-04-10T10:31:59.428+02:00 DEBUG 31076 --- [nio-8081-exec-2] org.hibernate.SQL                        : select c1_0.id,c1_0.adresse,c1_0.email,c1_0.logo,c1_0.name,c1_0.telephone from clubs c1_0 where c1_0.id=?
Hibernate: select c1_0.id,c1_0.adresse,c1_0.email,c1_0.logo,c1_0.name,c1_0.telephone from clubs c1_0 where c1_0.id=?
2026-04-10T10:31:59.428+02:00 DEBUG 31076 --- [nio-8081-exec-2] org.hibernate.SQL                        : select m1_0.id,m1_0.ceinture,m1_0.club_id,cu1_0.id,cu1_0.adresse,c2_0.id,c2_0.adresse,c2_0.email,c2_0.logo,c2_0.name,c2_0.telephone,cu1_0.date_naissance,cu1_0.email,cu1_0.nom,cu1_0.password,cu1_0.password_temporaire,cu1_0.password_updated_at,cu1_0.prenom,cu1_0.role,cu1_0.telephone,m1_0.date_naissance,m1_0.est_adulte,m1_0.nom,m1_0.numero_licence,m1_0.parent_id,m1_0.prenom from membre m1_0 left join utilisateur cu1_0 on cu1_0.id=m1_0.compte_utilisateur_id left join clubs c2_0 on c2_0.id=cu1_0.club_id where m1_0.compte_utilisateur_id=?
Hibernate: select m1_0.id,m1_0.ceinture,m1_0.club_id,cu1_0.id,cu1_0.adresse,c2_0.id,c2_0.adresse,c2_0.email,c2_0.logo,c2_0.name,c2_0.telephone,cu1_0.date_naissance,cu1_0.email,cu1_0.nom,cu1_0.password,cu1_0.password_temporaire,cu1_0.password_updated_at,cu1_0.prenom,cu1_0.role,cu1_0.telephone,m1_0.date_naissance,m1_0.est_adulte,m1_0.nom,m1_0.numero_licence,m1_0.parent_id,m1_0.prenom from membre m1_0 left join utilisateur cu1_0 on cu1_0.id=m1_0.compte_utilisateur_id left join clubs c2_0 on c2_0.id=cu1_0.club_id where m1_0.compte_utilisateur_id=?
[2026-04-10T10:31:59.430236600+02:00][USR-SVC][getUtilisateurEntityByEmail] present? true
2026-04-10T10:31:59.430+02:00 DEBUG 31076 --- [nio-8081-exec-2] club.taekwondo.config.JwtAuthFilter      : [SEC] Utilisateur trouvé: Alizee Gueye
2026-04-10T10:31:59.430+02:00 DEBUG 31076 --- [nio-8081-exec-2] club.taekwondo.config.JwtAuthFilter      : [SEC] rôle BDD normalisé = MEMBRE
2026-04-10T10:31:59.430+02:00 DEBUG 31076 --- [nio-8081-exec-2] club.taekwondo.config.JwtAuthFilter      : [SEC] Auth OK: user=alizee.gueye@gmail.com authorities=[ROLE_MEMBRE]
2026-04-10T10:31:59.430+02:00 DEBUG 31076 --- [nio-8081-exec-2] o.s.security.web.FilterChainProxy        : Secured GET /api/evenements
2026-04-10T10:31:59.430+02:00 DEBUG 31076 --- [nio-8081-exec-2] o.s.web.servlet.DispatcherServlet        : GET "/api/evenements", parameters={}
2026-04-10T10:31:59.431+02:00 DEBUG 31076 --- [nio-8081-exec-2] s.w.s.m.m.a.RequestMappingHandlerMapping : Mapped to club.taekwondo.controller.jpa.EvenementController#getAllEvenements()
2026-04-10T10:31:59.432+02:00 DEBUG 31076 --- [nio-8081-exec-2] org.hibernate.SQL                        : select e1_0.id,e1_0.actif,e1_0.capacite,e1_0.club_id,e1_0.date_debut,e1_0.date_fin,e1_0.description,e1_0.image_filename,e1_0.lieu,e1_0.titre from evenement e1_0
Hibernate: select e1_0.id,e1_0.actif,e1_0.capacite,e1_0.club_id,e1_0.date_debut,e1_0.date_fin,e1_0.description,e1_0.image_filename,e1_0.lieu,e1_0.titre from evenement e1_0
2026-04-10T10:31:59.433+02:00 DEBUG 31076 --- [nio-8081-exec-2] o.s.w.s.m.m.a.HttpEntityMethodProcessor  : Using 'application/json', given [*/*] and supported [application/json, application/*+json]
2026-04-10T10:31:59.433+02:00 DEBUG 31076 --- [nio-8081-exec-2] o.s.w.s.m.m.a.HttpEntityMethodProcessor  : Writing [[]]
2026-04-10T10:31:59.434+02:00 DEBUG 31076 --- [nio-8081-exec-2] o.s.web.servlet.DispatcherServlet        : Completed 200 OK
2026-04-10T10:31:59.463+02:00 DEBUG 31076 --- [nio-8081-exec-5] o.s.security.web.FilterChainProxy        : Securing GET /api/evenements/club/2
2026-04-10T10:31:59.464+02:00 DEBUG 31076 --- [nio-8081-exec-5] club.taekwondo.config.JwtAuthFilter      : [SEC] GET /api/evenements/club/2
2026-04-10T10:31:59.464+02:00 DEBUG 31076 --- [nio-8081-exec-5] club.taekwondo.config.JwtAuthFilter      : [SEC] Header Authorization: Bearer eyJhbGciOiJIUzI1NiJ9.eyJzdWIiOiJhZG1pbnZpbGxldXJiYW5uZUBnbWFpbC5jb20iLCJyb2xlIjoiQURNSU4iLCJ1dGlsaXNhdGV1cklkIjozLCJpYXQiOjE3NzU4MDk5MTgsImV4cCI6MTc3NTg5NjMxOH0.fjPgKTLErhlu64U9gocc6ud7aXm9_4_-SFW73pNHe6Y
2026-04-10T10:31:59.464+02:00 DEBUG 31076 --- [nio-8081-exec-5] club.taekwondo.config.JwtAuthFilter      : [SEC] Bearer présent (len=204)
2026-04-10T10:31:59.466+02:00 DEBUG 31076 --- [nio-8081-exec-5] club.taekwondo.config.JwtAuthFilter      : [SEC] email extrait du JWT = adminvilleurbanne@gmail.com
2026-04-10T10:31:59.466+02:00 DEBUG 31076 --- [nio-8081-exec-5] club.taekwondo.config.JwtAuthFilter      : [SEC] rôle extrait du JWT = ADMIN
[2026-04-10T10:31:59.468161700+02:00][USR-SVC][getUtilisateurEntityByEmail] in email=adminvilleurbanne@gmail.com -> normalized=adminvilleurbanne@gmail.com
2026-04-10T10:31:59.469+02:00 DEBUG 31076 --- [nio-8081-exec-5] org.hibernate.SQL                        : select u1_0.id,u1_0.adresse,u1_0.club_id,u1_0.date_naissance,u1_0.email,u1_0.nom,u1_0.password,u1_0.password_temporaire,u1_0.password_updated_at,u1_0.prenom,u1_0.role,u1_0.telephone from utilisateur u1_0 where upper(u1_0.email)=upper(?)
Hibernate: select u1_0.id,u1_0.adresse,u1_0.club_id,u1_0.date_naissance,u1_0.email,u1_0.nom,u1_0.password,u1_0.password_temporaire,u1_0.password_updated_at,u1_0.prenom,u1_0.role,u1_0.telephone from utilisateur u1_0 where upper(u1_0.email)=upper(?)
2026-04-10T10:31:59.470+02:00 DEBUG 31076 --- [nio-8081-exec-5] org.hibernate.SQL                        : select c1_0.id,c1_0.adresse,c1_0.email,c1_0.logo,c1_0.name,c1_0.telephone from clubs c1_0 where c1_0.id=?
Hibernate: select c1_0.id,c1_0.adresse,c1_0.email,c1_0.logo,c1_0.name,c1_0.telephone from clubs c1_0 where c1_0.id=?
2026-04-10T10:31:59.470+02:00 DEBUG 31076 --- [nio-8081-exec-5] org.hibernate.SQL                        : select m1_0.id,m1_0.ceinture,m1_0.club_id,cu1_0.id,cu1_0.adresse,c2_0.id,c2_0.adresse,c2_0.email,c2_0.logo,c2_0.name,c2_0.telephone,cu1_0.date_naissance,cu1_0.email,cu1_0.nom,cu1_0.password,cu1_0.password_temporaire,cu1_0.password_updated_at,cu1_0.prenom,cu1_0.role,cu1_0.telephone,m1_0.date_naissance,m1_0.est_adulte,m1_0.nom,m1_0.numero_licence,m1_0.parent_id,m1_0.prenom from membre m1_0 left join utilisateur cu1_0 on cu1_0.id=m1_0.compte_utilisateur_id left join clubs c2_0 on c2_0.id=cu1_0.club_id where m1_0.compte_utilisateur_id=?
Hibernate: select m1_0.id,m1_0.ceinture,m1_0.club_id,cu1_0.id,cu1_0.adresse,c2_0.id,c2_0.adresse,c2_0.email,c2_0.logo,c2_0.name,c2_0.telephone,cu1_0.date_naissance,cu1_0.email,cu1_0.nom,cu1_0.password,cu1_0.password_temporaire,cu1_0.password_updated_at,cu1_0.prenom,cu1_0.role,cu1_0.telephone,m1_0.date_naissance,m1_0.est_adulte,m1_0.nom,m1_0.numero_licence,m1_0.parent_id,m1_0.prenom from membre m1_0 left join utilisateur cu1_0 on cu1_0.id=m1_0.compte_utilisateur_id left join clubs c2_0 on c2_0.id=cu1_0.club_id where m1_0.compte_utilisateur_id=?
[2026-04-10T10:31:59.471162800+02:00][USR-SVC][getUtilisateurEntityByEmail] present? true
2026-04-10T10:31:59.471+02:00 DEBUG 31076 --- [nio-8081-exec-5] club.taekwondo.config.JwtAuthFilter      : [SEC] Utilisateur trouvé: adminVilleurbanne adminVilleurbanne
2026-04-10T10:31:59.471+02:00 DEBUG 31076 --- [nio-8081-exec-5] club.taekwondo.config.JwtAuthFilter      : [SEC] rôle BDD normalisé = ADMIN
2026-04-10T10:31:59.472+02:00 DEBUG 31076 --- [nio-8081-exec-5] club.taekwondo.config.JwtAuthFilter      : [SEC] Auth OK: user=adminvilleurbanne@gmail.com authorities=[ROLE_ADMIN]
2026-04-10T10:31:59.472+02:00 DEBUG 31076 --- [nio-8081-exec-5] o.s.security.web.FilterChainProxy        : Secured GET /api/evenements/club/2
2026-04-10T10:31:59.472+02:00 DEBUG 31076 --- [nio-8081-exec-5] o.s.web.servlet.DispatcherServlet        : GET "/api/evenements/club/2", parameters={}
2026-04-10T10:31:59.472+02:00 DEBUG 31076 --- [nio-8081-exec-5] s.w.s.m.m.a.RequestMappingHandlerMapping : Mapped to club.taekwondo.controller.jpa.EvenementController#getEvenementsByClub(Long)
2026-04-10T10:31:59.474+02:00 DEBUG 31076 --- [nio-8081-exec-5] org.hibernate.SQL                        : select e1_0.id,e1_0.actif,e1_0.capacite,e1_0.club_id,e1_0.date_debut,e1_0.date_fin,e1_0.description,e1_0.image_filename,e1_0.lieu,e1_0.titre from evenement e1_0 where e1_0.club_id=?
Hibernate: select e1_0.id,e1_0.actif,e1_0.capacite,e1_0.club_id,e1_0.date_debut,e1_0.date_fin,e1_0.description,e1_0.image_filename,e1_0.lieu,e1_0.titre from evenement e1_0 where e1_0.club_id=?
2026-04-10T10:31:59.474+02:00 DEBUG 31076 --- [nio-8081-exec-5] o.s.w.s.m.m.a.HttpEntityMethodProcessor  : Using 'application/json', given [*/*] and supported [application/json, application/*+json]
2026-04-10T10:31:59.474+02:00 DEBUG 31076 --- [nio-8081-exec-5] o.s.w.s.m.m.a.HttpEntityMethodProcessor  : Writing [[]]
2026-04-10T10:31:59.475+02:00 DEBUG 31076 --- [nio-8081-exec-5] o.s.web.servlet.DispatcherServlet        : Completed 200 OK
2026-04-10T10:31:59.490+02:00 DEBUG 31076 --- [nio-8081-exec-6] o.s.security.web.FilterChainProxy        : Securing GET /api/commandes/parent/10
2026-04-10T10:31:59.491+02:00 DEBUG 31076 --- [nio-8081-exec-6] club.taekwondo.config.JwtAuthFilter      : [SEC] GET /api/commandes/parent/10
2026-04-10T10:31:59.491+02:00 DEBUG 31076 --- [nio-8081-exec-6] club.taekwondo.config.JwtAuthFilter      : [SEC] Header Authorization: Bearer eyJhbGciOiJIUzI1NiJ9.eyJzdWIiOiJhbGl6ZWUuZ3VleWVAZ21haWwuY29tIiwicm9sZSI6Ik1FTUJSRSIsInV0aWxpc2F0ZXVySWQiOjksIm1lbWJyZUlkIjo1LCJpYXQiOjE3NzU4MDk5MTksImV4cCI6MTc3NTg5NjMxOX0.3ADU0FbTnk7k8q8kAeDRUoQtaeh_I3ACebvBouY_AYw
2026-04-10T10:31:59.491+02:00 DEBUG 31076 --- [nio-8081-exec-6] club.taekwondo.config.JwtAuthFilter      : [SEC] Bearer présent (len=216)
2026-04-10T10:31:59.494+02:00 DEBUG 31076 --- [nio-8081-exec-6] club.taekwondo.config.JwtAuthFilter      : [SEC] email extrait du JWT = alizee.gueye@gmail.com
2026-04-10T10:31:59.494+02:00 DEBUG 31076 --- [nio-8081-exec-6] club.taekwondo.config.JwtAuthFilter      : [SEC] rôle extrait du JWT = MEMBRE
[2026-04-10T10:31:59.495365300+02:00][USR-SVC][getUtilisateurEntityByEmail] in email=alizee.gueye@gmail.com -> normalized=alizee.gueye@gmail.com
2026-04-10T10:31:59.496+02:00 DEBUG 31076 --- [nio-8081-exec-6] org.hibernate.SQL                        : select u1_0.id,u1_0.adresse,u1_0.club_id,u1_0.date_naissance,u1_0.email,u1_0.nom,u1_0.password,u1_0.password_temporaire,u1_0.password_updated_at,u1_0.prenom,u1_0.role,u1_0.telephone from utilisateur u1_0 where upper(u1_0.email)=upper(?)
Hibernate: select u1_0.id,u1_0.adresse,u1_0.club_id,u1_0.date_naissance,u1_0.email,u1_0.nom,u1_0.password,u1_0.password_temporaire,u1_0.password_updated_at,u1_0.prenom,u1_0.role,u1_0.telephone from utilisateur u1_0 where upper(u1_0.email)=upper(?)
2026-04-10T10:31:59.497+02:00 DEBUG 31076 --- [nio-8081-exec-6] org.hibernate.SQL                        : select c1_0.id,c1_0.adresse,c1_0.email,c1_0.logo,c1_0.name,c1_0.telephone from clubs c1_0 where c1_0.id=?
Hibernate: select c1_0.id,c1_0.adresse,c1_0.email,c1_0.logo,c1_0.name,c1_0.telephone from clubs c1_0 where c1_0.id=?
2026-04-10T10:31:59.498+02:00 DEBUG 31076 --- [nio-8081-exec-6] org.hibernate.SQL                        : select m1_0.id,m1_0.ceinture,m1_0.club_id,cu1_0.id,cu1_0.adresse,c2_0.id,c2_0.adresse,c2_0.email,c2_0.logo,c2_0.name,c2_0.telephone,cu1_0.date_naissance,cu1_0.email,cu1_0.nom,cu1_0.password,cu1_0.password_temporaire,cu1_0.password_updated_at,cu1_0.prenom,cu1_0.role,cu1_0.telephone,m1_0.date_naissance,m1_0.est_adulte,m1_0.nom,m1_0.numero_licence,m1_0.parent_id,m1_0.prenom from membre m1_0 left join utilisateur cu1_0 on cu1_0.id=m1_0.compte_utilisateur_id left join clubs c2_0 on c2_0.id=cu1_0.club_id where m1_0.compte_utilisateur_id=?
Hibernate: select m1_0.id,m1_0.ceinture,m1_0.club_id,cu1_0.id,cu1_0.adresse,c2_0.id,c2_0.adresse,c2_0.email,c2_0.logo,c2_0.name,c2_0.telephone,cu1_0.date_naissance,cu1_0.email,cu1_0.nom,cu1_0.password,cu1_0.password_temporaire,cu1_0.password_updated_at,cu1_0.prenom,cu1_0.role,cu1_0.telephone,m1_0.date_naissance,m1_0.est_adulte,m1_0.nom,m1_0.numero_licence,m1_0.parent_id,m1_0.prenom from membre m1_0 left join utilisateur cu1_0 on cu1_0.id=m1_0.compte_utilisateur_id left join clubs c2_0 on c2_0.id=cu1_0.club_id where m1_0.compte_utilisateur_id=?
[2026-04-10T10:31:59.499364600+02:00][USR-SVC][getUtilisateurEntityByEmail] present? true
2026-04-10T10:31:59.499+02:00 DEBUG 31076 --- [nio-8081-exec-6] club.taekwondo.config.JwtAuthFilter      : [SEC] Utilisateur trouvé: Alizee Gueye
2026-04-10T10:31:59.499+02:00 DEBUG 31076 --- [nio-8081-exec-6] club.taekwondo.config.JwtAuthFilter      : [SEC] rôle BDD normalisé = MEMBRE
2026-04-10T10:31:59.499+02:00 DEBUG 31076 --- [nio-8081-exec-6] club.taekwondo.config.JwtAuthFilter      : [SEC] Auth OK: user=alizee.gueye@gmail.com authorities=[ROLE_MEMBRE]
2026-04-10T10:31:59.499+02:00 DEBUG 31076 --- [nio-8081-exec-6] o.s.security.web.FilterChainProxy        : Secured GET /api/commandes/parent/10
2026-04-10T10:31:59.500+02:00 DEBUG 31076 --- [nio-8081-exec-6] o.s.web.servlet.DispatcherServlet        : GET "/api/commandes/parent/10", parameters={}
2026-04-10T10:31:59.500+02:00 DEBUG 31076 --- [nio-8081-exec-6] s.w.s.m.m.a.RequestMappingHandlerMapping : Mapped to club.taekwondo.controller.jpa.CommandeController#getCommandesParParent(Long)
2026-04-10T10:31:59.500+02:00  INFO 31076 --- [nio-8081-exec-6] c.t.controller.jpa.CommandeController    : 👨‍👩‍👧 Récupération commandes du parent 10
2026-04-10T10:31:59.501+02:00 DEBUG 31076 --- [nio-8081-exec-6] org.hibernate.SQL                        : select c1_0.id,c1_0.club_id,c1_0.date_commande,c1_0.date_paiement,c1_0.mode_paiement,c1_0.montant_total,c1_0.statut,c1_0.utilisateur_id from commande c1_0
Hibernate: select c1_0.id,c1_0.club_id,c1_0.date_commande,c1_0.date_paiement,c1_0.mode_paiement,c1_0.montant_total,c1_0.statut,c1_0.utilisateur_id from commande c1_0
2026-04-10T10:31:59.502+02:00 DEBUG 31076 --- [nio-8081-exec-6] o.s.w.s.m.m.a.HttpEntityMethodProcessor  : Using 'application/json', given [*/*] and supported [application/json, application/*+json]
2026-04-10T10:31:59.502+02:00 DEBUG 31076 --- [nio-8081-exec-6] o.s.w.s.m.m.a.HttpEntityMethodProcessor  : Writing [[]]
2026-04-10T10:31:59.503+02:00 DEBUG 31076 --- [nio-8081-exec-6] o.s.web.servlet.DispatcherServlet        : Completed 200 OK
2026-04-10T10:31:59.518+02:00 DEBUG 31076 --- [nio-8081-exec-4] o.s.security.web.FilterChainProxy        : Securing GET /api/dashboard/admin
2026-04-10T10:31:59.518+02:00 DEBUG 31076 --- [nio-8081-exec-4] club.taekwondo.config.JwtAuthFilter      : [SEC] GET /api/dashboard/admin
2026-04-10T10:31:59.518+02:00 DEBUG 31076 --- [nio-8081-exec-4] club.taekwondo.config.JwtAuthFilter      : [SEC] Header Authorization: Bearer eyJhbGciOiJIUzI1NiJ9.eyJzdWIiOiJhbGl6ZWUuZ3VleWVAZ21haWwuY29tIiwicm9sZSI6Ik1FTUJSRSIsInV0aWxpc2F0ZXVySWQiOjksIm1lbWJyZUlkIjo1LCJpYXQiOjE3NzU4MDk5MTksImV4cCI6MTc3NTg5NjMxOX0.3ADU0FbTnk7k8q8kAeDRUoQtaeh_I3ACebvBouY_AYw
2026-04-10T10:31:59.518+02:00 DEBUG 31076 --- [nio-8081-exec-4] club.taekwondo.config.JwtAuthFilter      : [SEC] Bearer présent (len=216)
2026-04-10T10:31:59.520+02:00 DEBUG 31076 --- [nio-8081-exec-4] club.taekwondo.config.JwtAuthFilter      : [SEC] email extrait du JWT = alizee.gueye@gmail.com
2026-04-10T10:31:59.520+02:00 DEBUG 31076 --- [nio-8081-exec-4] club.taekwondo.config.JwtAuthFilter      : [SEC] rôle extrait du JWT = MEMBRE
[2026-04-10T10:31:59.521982500+02:00][USR-SVC][getUtilisateurEntityByEmail] in email=alizee.gueye@gmail.com -> normalized=alizee.gueye@gmail.com
2026-04-10T10:31:59.524+02:00 DEBUG 31076 --- [nio-8081-exec-4] org.hibernate.SQL                        : select u1_0.id,u1_0.adresse,u1_0.club_id,u1_0.date_naissance,u1_0.email,u1_0.nom,u1_0.password,u1_0.password_temporaire,u1_0.password_updated_at,u1_0.prenom,u1_0.role,u1_0.telephone from utilisateur u1_0 where upper(u1_0.email)=upper(?)
Hibernate: select u1_0.id,u1_0.adresse,u1_0.club_id,u1_0.date_naissance,u1_0.email,u1_0.nom,u1_0.password,u1_0.password_temporaire,u1_0.password_updated_at,u1_0.prenom,u1_0.role,u1_0.telephone from utilisateur u1_0 where upper(u1_0.email)=upper(?)
2026-04-10T10:31:59.524+02:00 DEBUG 31076 --- [nio-8081-exec-4] org.hibernate.SQL                        : select c1_0.id,c1_0.adresse,c1_0.email,c1_0.logo,c1_0.name,c1_0.telephone from clubs c1_0 where c1_0.id=?
Hibernate: select c1_0.id,c1_0.adresse,c1_0.email,c1_0.logo,c1_0.name,c1_0.telephone from clubs c1_0 where c1_0.id=?
2026-04-10T10:31:59.525+02:00 DEBUG 31076 --- [nio-8081-exec-4] org.hibernate.SQL                        : select m1_0.id,m1_0.ceinture,m1_0.club_id,cu1_0.id,cu1_0.adresse,c2_0.id,c2_0.adresse,c2_0.email,c2_0.logo,c2_0.name,c2_0.telephone,cu1_0.date_naissance,cu1_0.email,cu1_0.nom,cu1_0.password,cu1_0.password_temporaire,cu1_0.password_updated_at,cu1_0.prenom,cu1_0.role,cu1_0.telephone,m1_0.date_naissance,m1_0.est_adulte,m1_0.nom,m1_0.numero_licence,m1_0.parent_id,m1_0.prenom from membre m1_0 left join utilisateur cu1_0 on cu1_0.id=m1_0.compte_utilisateur_id left join clubs c2_0 on c2_0.id=cu1_0.club_id where m1_0.compte_utilisateur_id=?
Hibernate: select m1_0.id,m1_0.ceinture,m1_0.club_id,cu1_0.id,cu1_0.adresse,c2_0.id,c2_0.adresse,c2_0.email,c2_0.logo,c2_0.name,c2_0.telephone,cu1_0.date_naissance,cu1_0.email,cu1_0.nom,cu1_0.password,cu1_0.password_temporaire,cu1_0.password_updated_at,cu1_0.prenom,cu1_0.role,cu1_0.telephone,m1_0.date_naissance,m1_0.est_adulte,m1_0.nom,m1_0.numero_licence,m1_0.parent_id,m1_0.prenom from membre m1_0 left join utilisateur cu1_0 on cu1_0.id=m1_0.compte_utilisateur_id left join clubs c2_0 on c2_0.id=cu1_0.club_id where m1_0.compte_utilisateur_id=?
[2026-04-10T10:31:59.526598300+02:00][USR-SVC][getUtilisateurEntityByEmail] present? true
2026-04-10T10:31:59.526+02:00 DEBUG 31076 --- [nio-8081-exec-4] club.taekwondo.config.JwtAuthFilter      : [SEC] Utilisateur trouvé: Alizee Gueye
2026-04-10T10:31:59.526+02:00 DEBUG 31076 --- [nio-8081-exec-4] club.taekwondo.config.JwtAuthFilter      : [SEC] rôle BDD normalisé = MEMBRE
2026-04-10T10:31:59.526+02:00 DEBUG 31076 --- [nio-8081-exec-4] club.taekwondo.config.JwtAuthFilter      : [SEC] Auth OK: user=alizee.gueye@gmail.com authorities=[ROLE_MEMBRE]
2026-04-10T10:31:59.526+02:00 DEBUG 31076 --- [nio-8081-exec-4] o.s.security.web.FilterChainProxy        : Secured GET /api/dashboard/admin
2026-04-10T10:31:59.527+02:00 DEBUG 31076 --- [nio-8081-exec-4] o.s.web.servlet.DispatcherServlet        : GET "/api/dashboard/admin", parameters={}
2026-04-10T10:31:59.527+02:00 DEBUG 31076 --- [nio-8081-exec-4] s.w.s.m.m.a.RequestMappingHandlerMapping : Mapped to club.taekwondo.controller.DashboardAdminController#getAdminStats()
2026-04-10T10:31:59.527+02:00 DEBUG 31076 --- [nio-8081-exec-4] horizationManagerBeforeMethodInterceptor : Authorizing method invocation ReflectiveMethodInvocation: public java.util.Map club.taekwondo.controller.DashboardAdminController.getAdminStats(); target is of class [club.taekwondo.controller.DashboardAdminController]
2026-04-10T10:31:59.528+02:00 DEBUG 31076 --- [nio-8081-exec-4] horizationManagerBeforeMethodInterceptor : Failed to authorize ReflectiveMethodInvocation: public java.util.Map club.taekwondo.controller.DashboardAdminController.getAdminStats(); target is of class [club.taekwondo.controller.DashboardAdminController] with authorization manager org.springframework.security.config.annotation.method.configuration.DeferringObservationAuthorizationManager@11718c7c and decision ExpressionAuthorizationDecision [granted=false, expressionAttribute=hasRole('ADMIN')]
2026-04-10T10:31:59.528+02:00 DEBUG 31076 --- [nio-8081-exec-4] .m.m.a.ExceptionHandlerExceptionResolver : Using @ExceptionHandler club.taekwondo.controller.GlobalExceptionHandler#handleAccessDenied(AccessDeniedException)
2026-04-10T10:31:59.529+02:00 DEBUG 31076 --- [nio-8081-exec-4] o.s.w.s.m.m.a.HttpEntityMethodProcessor  : Using 'application/json', given [*/*] and supported [application/json, application/*+json]
2026-04-10T10:31:59.529+02:00 DEBUG 31076 --- [nio-8081-exec-4] o.s.w.s.m.m.a.HttpEntityMethodProcessor  : Writing [{message=Access Denied}]
2026-04-10T10:31:59.530+02:00  WARN 31076 --- [nio-8081-exec-4] .m.m.a.ExceptionHandlerExceptionResolver : Resolved [org.springframework.security.access.AccessDeniedException: Access Denied]
2026-04-10T10:31:59.530+02:00 DEBUG 31076 --- [nio-8081-exec-4] o.s.web.servlet.DispatcherServlet        : Completed 403 FORBIDDEN
2026-04-10T10:31:59.545+02:00 DEBUG 31076 --- [nio-8081-exec-3] o.s.security.web.FilterChainProxy        : Securing PUT /api/avis/1/approuver
2026-04-10T10:31:59.546+02:00 DEBUG 31076 --- [nio-8081-exec-3] club.taekwondo.config.JwtAuthFilter      : [SEC] Endpoint public ignoré: /api/avis/1/approuver
2026-04-10T10:31:59.546+02:00 DEBUG 31076 --- [nio-8081-exec-3] o.s.s.w.a.AnonymousAuthenticationFilter  : Set SecurityContextHolder to anonymous SecurityContext
2026-04-10T10:31:59.546+02:00 DEBUG 31076 --- [nio-8081-exec-3] o.s.security.web.FilterChainProxy        : Secured PUT /api/avis/1/approuver
2026-04-10T10:31:59.546+02:00 DEBUG 31076 --- [nio-8081-exec-3] club.taekwondo.config.JwtAuthFilter      : [SEC] Endpoint public ignoré: /api/avis/1/approuver
2026-04-10T10:31:59.547+02:00 DEBUG 31076 --- [nio-8081-exec-3] o.s.web.servlet.DispatcherServlet        : PUT "/api/avis/1/approuver", parameters={}
2026-04-10T10:31:59.547+02:00 DEBUG 31076 --- [nio-8081-exec-3] s.w.s.m.m.a.RequestMappingHandlerMapping : Mapped to club.taekwondo.controller.jpa.AvisController#approuverAvis(Integer)
2026-04-10T10:31:59.548+02:00 DEBUG 31076 --- [nio-8081-exec-3] horizationManagerBeforeMethodInterceptor : Authorizing method invocation ReflectiveMethodInvocation: public org.springframework.http.ResponseEntity club.taekwondo.controller.jpa.AvisController.approuverAvis(java.lang.Integer); target is of class [club.taekwondo.controller.jpa.AvisController]
2026-04-10T10:31:59.549+02:00 DEBUG 31076 --- [nio-8081-exec-3] horizationManagerBeforeMethodInterceptor : Failed to authorize ReflectiveMethodInvocation: public org.springframework.http.ResponseEntity club.taekwondo.controller.jpa.AvisController.approuverAvis(java.lang.Integer); target is of class [club.taekwondo.controller.jpa.AvisController] with authorization manager org.springframework.security.config.annotation.method.configuration.DeferringObservationAuthorizationManager@11718c7c and decision ExpressionAuthorizationDecision [granted=false, expressionAttribute=hasAnyRole('ADMIN', 'SUPER_ADMIN')]
2026-04-10T10:31:59.550+02:00 DEBUG 31076 --- [nio-8081-exec-3] .m.m.a.ExceptionHandlerExceptionResolver : Using @ExceptionHandler club.taekwondo.controller.GlobalExceptionHandler#handleAccessDenied(AccessDeniedException)
2026-04-10T10:31:59.550+02:00 DEBUG 31076 --- [nio-8081-exec-3] o.s.w.s.m.m.a.HttpEntityMethodProcessor  : Using 'application/json', given [*/*] and supported [application/json, application/*+json]
2026-04-10T10:31:59.550+02:00 DEBUG 31076 --- [nio-8081-exec-3] o.s.w.s.m.m.a.HttpEntityMethodProcessor  : Writing [{message=Access Denied}]
2026-04-10T10:31:59.550+02:00  WARN 31076 --- [nio-8081-exec-3] .m.m.a.ExceptionHandlerExceptionResolver : Resolved [org.springframework.security.access.AccessDeniedException: Access Denied]
2026-04-10T10:31:59.551+02:00 DEBUG 31076 --- [nio-8081-exec-3] o.s.web.servlet.DispatcherServlet        : Completed 403 FORBIDDEN
2026-04-10T10:31:59.553+02:00 DEBUG 31076 --- [nio-8081-exec-7] o.s.security.web.FilterChainProxy        : Securing PUT /api/avis/1/approuver
2026-04-10T10:31:59.553+02:00 DEBUG 31076 --- [nio-8081-exec-7] club.taekwondo.config.JwtAuthFilter      : [SEC] Endpoint public ignoré: /api/avis/1/approuver
2026-04-10T10:31:59.553+02:00 DEBUG 31076 --- [nio-8081-exec-7] o.s.s.w.a.AnonymousAuthenticationFilter  : Set SecurityContextHolder to anonymous SecurityContext
2026-04-10T10:31:59.554+02:00 DEBUG 31076 --- [nio-8081-exec-7] o.s.security.web.FilterChainProxy        : Secured PUT /api/avis/1/approuver
2026-04-10T10:31:59.554+02:00 DEBUG 31076 --- [nio-8081-exec-7] club.taekwondo.config.JwtAuthFilter      : [SEC] Endpoint public ignoré: /api/avis/1/approuver
2026-04-10T10:31:59.554+02:00 DEBUG 31076 --- [nio-8081-exec-7] o.s.web.servlet.DispatcherServlet        : PUT "/api/avis/1/approuver", parameters={}
2026-04-10T10:31:59.554+02:00 DEBUG 31076 --- [nio-8081-exec-7] s.w.s.m.m.a.RequestMappingHandlerMapping : Mapped to club.taekwondo.controller.jpa.AvisController#approuverAvis(Integer)
2026-04-10T10:31:59.555+02:00 DEBUG 31076 --- [nio-8081-exec-7] horizationManagerBeforeMethodInterceptor : Authorizing method invocation ReflectiveMethodInvocation: public org.springframework.http.ResponseEntity club.taekwondo.controller.jpa.AvisController.approuverAvis(java.lang.Integer); target is of class [club.taekwondo.controller.jpa.AvisController]
2026-04-10T10:31:59.555+02:00 DEBUG 31076 --- [nio-8081-exec-7] horizationManagerBeforeMethodInterceptor : Failed to authorize ReflectiveMethodInvocation: public org.springframework.http.ResponseEntity club.taekwondo.controller.jpa.AvisController.approuverAvis(java.lang.Integer); target is of class [club.taekwondo.controller.jpa.AvisController] with authorization manager org.springframework.security.config.annotation.method.configuration.DeferringObservationAuthorizationManager@11718c7c and decision ExpressionAuthorizationDecision [granted=false, expressionAttribute=hasAnyRole('ADMIN', 'SUPER_ADMIN')]
2026-04-10T10:31:59.555+02:00 DEBUG 31076 --- [nio-8081-exec-7] .m.m.a.ExceptionHandlerExceptionResolver : Using @ExceptionHandler club.taekwondo.controller.GlobalExceptionHandler#handleAccessDenied(AccessDeniedException)
2026-04-10T10:31:59.556+02:00 DEBUG 31076 --- [nio-8081-exec-7] o.s.w.s.m.m.a.HttpEntityMethodProcessor  : Using 'application/json', given [*/*] and supported [application/json, application/*+json]
2026-04-10T10:31:59.556+02:00 DEBUG 31076 --- [nio-8081-exec-7] o.s.w.s.m.m.a.HttpEntityMethodProcessor  : Writing [{message=Access Denied}]
2026-04-10T10:31:59.556+02:00  WARN 31076 --- [nio-8081-exec-7] .m.m.a.ExceptionHandlerExceptionResolver : Resolved [org.springframework.security.access.AccessDeniedException: Access Denied]
2026-04-10T10:31:59.556+02:00 DEBUG 31076 --- [nio-8081-exec-7] o.s.web.servlet.DispatcherServlet        : Completed 403 FORBIDDEN
2026-04-10T10:31:59.558+02:00 DEBUG 31076 --- [nio-8081-exec-9] o.s.security.web.FilterChainProxy        : Securing GET /api/notifications/utilisateur/5
2026-04-10T10:31:59.558+02:00 DEBUG 31076 --- [nio-8081-exec-9] club.taekwondo.config.JwtAuthFilter      : [SEC] GET /api/notifications/utilisateur/5
2026-04-10T10:31:59.559+02:00 DEBUG 31076 --- [nio-8081-exec-9] club.taekwondo.config.JwtAuthFilter      : [SEC] Header Authorization: Bearer eyJhbGciOiJIUzI1NiJ9.eyJzdWIiOiJhbGl6ZWUuZ3VleWVAZ21haWwuY29tIiwicm9sZSI6Ik1FTUJSRSIsInV0aWxpc2F0ZXVySWQiOjksIm1lbWJyZUlkIjo1LCJpYXQiOjE3NzU4MDk5MTksImV4cCI6MTc3NTg5NjMxOX0.3ADU0FbTnk7k8q8kAeDRUoQtaeh_I3ACebvBouY_AYw
2026-04-10T10:31:59.559+02:00 DEBUG 31076 --- [nio-8081-exec-9] club.taekwondo.config.JwtAuthFilter      : [SEC] Bearer présent (len=216)
2026-04-10T10:31:59.560+02:00 DEBUG 31076 --- [nio-8081-exec-9] club.taekwondo.config.JwtAuthFilter      : [SEC] email extrait du JWT = alizee.gueye@gmail.com
2026-04-10T10:31:59.561+02:00 DEBUG 31076 --- [nio-8081-exec-9] club.taekwondo.config.JwtAuthFilter      : [SEC] rôle extrait du JWT = MEMBRE
[2026-04-10T10:31:59.562723600+02:00][USR-SVC][getUtilisateurEntityByEmail] in email=alizee.gueye@gmail.com -> normalized=alizee.gueye@gmail.com
2026-04-10T10:31:59.563+02:00 DEBUG 31076 --- [nio-8081-exec-9] org.hibernate.SQL                        : select u1_0.id,u1_0.adresse,u1_0.club_id,u1_0.date_naissance,u1_0.email,u1_0.nom,u1_0.password,u1_0.password_temporaire,u1_0.password_updated_at,u1_0.prenom,u1_0.role,u1_0.telephone from utilisateur u1_0 where upper(u1_0.email)=upper(?)
Hibernate: select u1_0.id,u1_0.adresse,u1_0.club_id,u1_0.date_naissance,u1_0.email,u1_0.nom,u1_0.password,u1_0.password_temporaire,u1_0.password_updated_at,u1_0.prenom,u1_0.role,u1_0.telephone from utilisateur u1_0 where upper(u1_0.email)=upper(?)
2026-04-10T10:31:59.564+02:00 DEBUG 31076 --- [nio-8081-exec-9] org.hibernate.SQL                        : select c1_0.id,c1_0.adresse,c1_0.email,c1_0.logo,c1_0.name,c1_0.telephone from clubs c1_0 where c1_0.id=?
Hibernate: select c1_0.id,c1_0.adresse,c1_0.email,c1_0.logo,c1_0.name,c1_0.telephone from clubs c1_0 where c1_0.id=?
2026-04-10T10:31:59.564+02:00 DEBUG 31076 --- [nio-8081-exec-9] org.hibernate.SQL                        : select m1_0.id,m1_0.ceinture,m1_0.club_id,cu1_0.id,cu1_0.adresse,c2_0.id,c2_0.adresse,c2_0.email,c2_0.logo,c2_0.name,c2_0.telephone,cu1_0.date_naissance,cu1_0.email,cu1_0.nom,cu1_0.password,cu1_0.password_temporaire,cu1_0.password_updated_at,cu1_0.prenom,cu1_0.role,cu1_0.telephone,m1_0.date_naissance,m1_0.est_adulte,m1_0.nom,m1_0.numero_licence,m1_0.parent_id,m1_0.prenom from membre m1_0 left join utilisateur cu1_0 on cu1_0.id=m1_0.compte_utilisateur_id left join clubs c2_0 on c2_0.id=cu1_0.club_id where m1_0.compte_utilisateur_id=?
Hibernate: select m1_0.id,m1_0.ceinture,m1_0.club_id,cu1_0.id,cu1_0.adresse,c2_0.id,c2_0.adresse,c2_0.email,c2_0.logo,c2_0.name,c2_0.telephone,cu1_0.date_naissance,cu1_0.email,cu1_0.nom,cu1_0.password,cu1_0.password_temporaire,cu1_0.password_updated_at,cu1_0.prenom,cu1_0.role,cu1_0.telephone,m1_0.date_naissance,m1_0.est_adulte,m1_0.nom,m1_0.numero_licence,m1_0.parent_id,m1_0.prenom from membre m1_0 left join utilisateur cu1_0 on cu1_0.id=m1_0.compte_utilisateur_id left join clubs c2_0 on c2_0.id=cu1_0.club_id where m1_0.compte_utilisateur_id=?
[2026-04-10T10:31:59.565723900+02:00][USR-SVC][getUtilisateurEntityByEmail] present? true
2026-04-10T10:31:59.565+02:00 DEBUG 31076 --- [nio-8081-exec-9] club.taekwondo.config.JwtAuthFilter      : [SEC] Utilisateur trouvé: Alizee Gueye
2026-04-10T10:31:59.565+02:00 DEBUG 31076 --- [nio-8081-exec-9] club.taekwondo.config.JwtAuthFilter      : [SEC] rôle BDD normalisé = MEMBRE
2026-04-10T10:31:59.566+02:00 DEBUG 31076 --- [nio-8081-exec-9] club.taekwondo.config.JwtAuthFilter      : [SEC] Auth OK: user=alizee.gueye@gmail.com authorities=[ROLE_MEMBRE]
2026-04-10T10:31:59.566+02:00 DEBUG 31076 --- [nio-8081-exec-9] o.s.security.web.FilterChainProxy        : Secured GET /api/notifications/utilisateur/5
2026-04-10T10:31:59.567+02:00 DEBUG 31076 --- [nio-8081-exec-9] o.s.web.servlet.DispatcherServlet        : GET "/api/notifications/utilisateur/5", parameters={}
2026-04-10T10:31:59.567+02:00 DEBUG 31076 --- [nio-8081-exec-9] s.w.s.m.m.a.RequestMappingHandlerMapping : Mapped to club.taekwondo.controller.jpa.NotificationController#getNotificationsUtilisateur(Long)
2026-04-10T10:31:59.568+02:00 DEBUG 31076 --- [nio-8081-exec-9] org.hibernate.SQL                        : select n1_0.id,n1_0.date_envoi,n1_0.lu,n1_0.message,n1_0.titre,n1_0.type,n1_0.utilisateur_id from notification n1_0 where n1_0.utilisateur_id=? order by n1_0.date_envoi desc
Hibernate: select n1_0.id,n1_0.date_envoi,n1_0.lu,n1_0.message,n1_0.titre,n1_0.type,n1_0.utilisateur_id from notification n1_0 where n1_0.utilisateur_id=? order by n1_0.date_envoi desc
2026-04-10T10:31:59.569+02:00 DEBUG 31076 --- [nio-8081-exec-9] o.s.w.s.m.m.a.HttpEntityMethodProcessor  : Using 'application/json', given [*/*] and supported [application/json, application/*+json]
2026-04-10T10:31:59.569+02:00 DEBUG 31076 --- [nio-8081-exec-9] o.s.w.s.m.m.a.HttpEntityMethodProcessor  : Writing [[]]
2026-04-10T10:31:59.570+02:00 DEBUG 31076 --- [nio-8081-exec-9] o.s.web.servlet.DispatcherServlet        : Completed 200 OK
2026-04-10T10:46:28.517+02:00 DEBUG 31076 --- [io-8081-exec-10] o.s.security.web.FilterChainProxy        : Securing GET /actuator/health
2026-04-10T10:46:28.518+02:00 DEBUG 31076 --- [io-8081-exec-10] club.taekwondo.config.JwtAuthFilter      : [SEC] GET /actuator/health
2026-04-10T10:46:28.518+02:00 DEBUG 31076 --- [io-8081-exec-10] club.taekwondo.config.JwtAuthFilter      : [SEC] Header Authorization: null
2026-04-10T10:46:28.518+02:00 DEBUG 31076 --- [io-8081-exec-10] club.taekwondo.config.JwtAuthFilter      : [SEC] Pas de Bearer → anonyme
2026-04-10T10:46:28.518+02:00 DEBUG 31076 --- [io-8081-exec-10] o.s.s.w.a.AnonymousAuthenticationFilter  : Set SecurityContextHolder to anonymous SecurityContext
2026-04-10T10:46:28.519+02:00  WARN 31076 --- [io-8081-exec-10] club.taekwondo.config.SecurityConfig     : [SEC] 401 GET /actuator/health
2026-04-10T10:49:39.446+02:00 DEBUG 31076 --- [nio-8081-exec-2] o.s.security.web.FilterChainProxy        : Securing POST /api/utilisateurs/login
2026-04-10T10:49:39.447+02:00 DEBUG 31076 --- [nio-8081-exec-2] club.taekwondo.config.JwtAuthFilter      : [SEC] Endpoint public ignoré: /api/utilisateurs/login
2026-04-10T10:49:39.447+02:00 DEBUG 31076 --- [nio-8081-exec-2] o.s.s.w.a.AnonymousAuthenticationFilter  : Set SecurityContextHolder to anonymous SecurityContext
2026-04-10T10:49:39.448+02:00 DEBUG 31076 --- [nio-8081-exec-2] o.s.security.web.FilterChainProxy        : Secured POST /api/utilisateurs/login
2026-04-10T10:49:39.448+02:00 DEBUG 31076 --- [nio-8081-exec-2] club.taekwondo.config.JwtAuthFilter      : [SEC] Endpoint public ignoré: /api/utilisateurs/login
2026-04-10T10:49:39.451+02:00 DEBUG 31076 --- [nio-8081-exec-2] o.s.web.servlet.DispatcherServlet        : POST "/api/utilisateurs/login", parameters={}
2026-04-10T10:49:39.453+02:00 DEBUG 31076 --- [nio-8081-exec-2] s.w.s.m.m.a.RequestMappingHandlerMapping : Mapped to club.taekwondo.controller.jpa.UtilisateurController#login(LoginDTO)
2026-04-10T10:49:39.477+02:00 DEBUG 31076 --- [nio-8081-exec-2] m.m.a.RequestResponseBodyMethodProcessor : Read "application/json;charset=UTF-8" to [club.taekwondo.dto.LoginDTO@601d0847]
[2026-04-10T10:49:39.482129100+02:00][USR][LOGIN] ? payload re�u
[2026-04-10T10:49:39.483507900+02:00][USR-SVC][login] email=superadmin@club.local -> normalized=superadmin@club.local, password=***(8 chars)
2026-04-10T10:49:39.520+02:00 DEBUG 31076 --- [nio-8081-exec-2] org.hibernate.SQL                        : select u1_0.id,u1_0.adresse,u1_0.club_id,u1_0.date_naissance,u1_0.email,u1_0.nom,u1_0.password,u1_0.password_temporaire,u1_0.password_updated_at,u1_0.prenom,u1_0.role,u1_0.telephone from utilisateur u1_0 where upper(u1_0.email)=upper(?)
Hibernate: select u1_0.id,u1_0.adresse,u1_0.club_id,u1_0.date_naissance,u1_0.email,u1_0.nom,u1_0.password,u1_0.password_temporaire,u1_0.password_updated_at,u1_0.prenom,u1_0.role,u1_0.telephone from utilisateur u1_0 where upper(u1_0.email)=upper(?)
2026-04-10T10:49:39.527+02:00 DEBUG 31076 --- [nio-8081-exec-2] org.hibernate.SQL                        : select m1_0.id,m1_0.ceinture,m1_0.club_id,cu1_0.id,cu1_0.adresse,c2_0.id,c2_0.adresse,c2_0.email,c2_0.logo,c2_0.name,c2_0.telephone,cu1_0.date_naissance,cu1_0.email,cu1_0.nom,cu1_0.password,cu1_0.password_temporaire,cu1_0.password_updated_at,cu1_0.prenom,cu1_0.role,cu1_0.telephone,m1_0.date_naissance,m1_0.est_adulte,m1_0.nom,m1_0.numero_licence,m1_0.parent_id,m1_0.prenom from membre m1_0 left join utilisateur cu1_0 on cu1_0.id=m1_0.compte_utilisateur_id left join clubs c2_0 on c2_0.id=cu1_0.club_id where m1_0.compte_utilisateur_id=?
Hibernate: select m1_0.id,m1_0.ceinture,m1_0.club_id,cu1_0.id,cu1_0.adresse,c2_0.id,c2_0.adresse,c2_0.email,c2_0.logo,c2_0.name,c2_0.telephone,cu1_0.date_naissance,cu1_0.email,cu1_0.nom,cu1_0.password,cu1_0.password_temporaire,cu1_0.password_updated_at,cu1_0.prenom,cu1_0.role,cu1_0.telephone,m1_0.date_naissance,m1_0.est_adulte,m1_0.nom,m1_0.numero_licence,m1_0.parent_id,m1_0.prenom from membre m1_0 left join utilisateur cu1_0 on cu1_0.id=m1_0.compte_utilisateur_id left join clubs c2_0 on c2_0.id=cu1_0.club_id where m1_0.compte_utilisateur_id=?
[2026-04-10T10:49:39.607047300+02:00][USR-SVC][login] password matches? true for userId=1
[2026-04-10T10:49:39.609047300+02:00][USR-SVC][convertToDTO] in: Entity[id=1, nom=Super, prenom=Admin, email=superadmin@club.local, tel=null, adr='null', dateN=null, role=SUPER_ADMIN]
[2026-04-10T10:49:39.609047300+02:00][USR-SVC][convertToDTO] out: DTO[id=1, nom=Super, prenom=Admin, email=superadmin@club.local, tel=null, adr='null', dateN=null, role=SUPER_ADMIN, pwd=null]
[2026-04-10T10:49:39.609047300+02:00][USR-SVC][login] ? super-admin sans club, connexion autoris�e
[2026-04-10T10:49:39.609047300+02:00][USR-SVC][login] success? true
2026-04-10T10:49:39.612+02:00 DEBUG 31076 --- [nio-8081-exec-2] org.hibernate.SQL                        : select m1_0.id,m1_0.ceinture,m1_0.club_id,m1_0.compte_utilisateur_id,m1_0.date_naissance,m1_0.est_adulte,m1_0.nom,m1_0.numero_licence,m1_0.parent_id,m1_0.prenom from membre m1_0 where m1_0.compte_utilisateur_id=?
Hibernate: select m1_0.id,m1_0.ceinture,m1_0.club_id,m1_0.compte_utilisateur_id,m1_0.date_naissance,m1_0.est_adulte,m1_0.nom,m1_0.numero_licence,m1_0.parent_id,m1_0.prenom from membre m1_0 where m1_0.compte_utilisateur_id=?
[2026-04-10T10:49:39.613049100+02:00][USR-SVC][getUtilisateurEntityById] id=1
[2026-04-10T10:49:39.623593600+02:00][USR-SVC][getUtilisateurEntityById] present? true
2026-04-10T10:49:39.632+02:00 DEBUG 31076 --- [nio-8081-exec-2] o.s.w.s.m.m.a.HttpEntityMethodProcessor  : Using 'application/json', given [*/*] and supported [application/json, application/*+json]
2026-04-10T10:49:39.633+02:00 DEBUG 31076 --- [nio-8081-exec-2] o.s.w.s.m.m.a.HttpEntityMethodProcessor  : Writing [{role=SUPER_ADMIN, utilisateur=club.taekwondo.dto.UtilisateurDTO@668e7a5e, utilisateurId=1, membreId (truncated)...]
2026-04-10T10:49:39.637+02:00 DEBUG 31076 --- [nio-8081-exec-2] o.s.web.servlet.DispatcherServlet        : Completed 200 OK
